student,place,answer,correct,qtype,rtime
62,35,23,0,22,6686
62,44,44,1,12,4781
62,46,46,1,14,2798
62,4,4,1,14,1638
62,20,37,0,26,6172
62,99,99,1,12,4166
62,60,60,1,22,2019
62,167,167,1,22,2029
62,165,165,1,22,2213
62,135,119,0,22,6033
62,134,123,0,12,4148
62,137,137,1,12,6118
62,128,128,1,22,3851
62,126,126,1,12,3513
62,170,170,1,22,4164
62,169,169,1,12,5534
62,195,195,1,12,4016
62,132,132,1,22,4500
62,133,133,1,22,2100
62,131,131,1,12,5863
62,146,146,1,12,3032
62,145,145,1,22,2077
62,144,144,1,12,4642
62,72,72,1,22,4155
62,164,164,1,12,3082
62,161,161,1,22,6217
62,162,150,0,12,5255
62,80,80,1,26,4569
62,136,128,0,10,6536
66,167,167,1,22,14505
66,126,126,1,22,3133
66,131,131,1,22,3785
66,80,80,1,12,6267
66,85,85,1,22,2856
66,219,130,0,26,7948
66,217,86,0,10,3702
66,72,72,1,14,2300
66,130,130,1,24,4043
66,58,58,1,24,3467
66,69,217,0,24,5332
66,86,86,1,24,7178
66,90,90,1,14,4313
66,104,104,1,10,5477
66,107,107,1,10,1755
66,173,104,0,14,4722
66,174,174,1,24,5154
66,199,199,1,14,3905
62,123,123,1,10,4408
62,153,153,1,26,5345
62,174,174,1,26,35602
62,151,199,0,22,2973
62,82,82,1,14,3522
62,87,85,0,14,2750
62,77,77,1,24,3125
62,104,173,0,24,6899
62,222,82,0,14,2516
62,89,197,0,14,3724
62,107,107,1,24,3146
62,75,75,1,22,9792
62,85,85,1,12,2748
62,192,192,1,12,2944
62,220,220,1,12,5313
62,159,159,1,12,2798
62,199,199,1,22,5692
67,155,155,1,12,4516
67,80,80,1,22,5509
67,145,145,1,12,16737
67,126,126,1,22,4040
67,131,131,1,22,3822
67,77,77,1,22,7261
67,159,159,1,26,9413
67,82,82,1,22,5012
67,153,153,1,26,7975
67,220,209,0,10,34100
67,72,72,1,10,3447
67,85,85,1,26,13675
67,107,107,1,10,3822
67,199,103,0,10,11378
67,195,195,1,10,2801
67,212,212,1,26,29495
62,181,181,1,22,5213
62,184,184,1,22,3200
62,178,178,1,22,1795
62,155,155,1,12,2627
62,102,102,1,12,5216
62,67,67,1,12,3175
62,120,120,1,12,166885
62,168,193,0,24,3420
62,122,122,1,12,3128
62,97,97,1,12,4321
62,198,198,1,24,4105
62,189,103,0,14,3946
62,98,161,0,14,3287
62,183,183,1,24,5460
62,57,76,0,14,5182
62,212,212,1,12,2330
62,76,131,0,14,12458
68,131,180,0,12,8514
68,130,199,0,22,8183
68,136,136,1,22,5088
68,126,126,1,12,4898
68,101,101,1,12,7228
72,131,131,1,24,20511
72,130,130,1,14,6861
72,136,136,1,14,10705
72,126,126,1,14,3799
72,101,101,1,24,17521
72,51,196,0,24,27226
72,159,159,1,24,4681
72,146,146,1,14,4146
72,144,64,0,24,11954
72,164,164,1,14,7009
72,184,184,1,24,3466
72,165,165,1,14,3875
72,181,181,1,14,17785
72,114,114,1,24,3890
72,178,178,1,24,2179
72,64,64,1,14,4953
72,66,66,1,24,4458
72,147,147,1,24,12113
72,70,70,1,24,6715
72,74,147,0,24,8050
72,78,78,1,14,6521
72,79,79,1,24,2114
72,81,81,1,14,3033
72,88,88,1,24,8010
72,93,93,1,24,8001
72,206,206,1,14,4121
72,94,94,1,14,2595
72,108,108,1,24,25891
72,113,113,1,24,3801
72,115,115,1,14,3210
72,216,216,1,14,2115
72,80,-1,0,24,826
72,219,219,1,14,9827
72,72,72,1,24,3118
72,58,58,1,14,3004
72,69,69,1,24,4379
72,86,86,1,14,7465
72,90,90,1,24,14386
72,104,104,1,14,7914
72,107,107,1,24,2187
72,173,173,1,24,1794
72,174,174,1,24,4667
72,199,199,1,24,3969
72,217,217,1,24,2545
72,60,60,1,10,7884
72,166,166,1,26,13601
72,167,167,1,26,1514
72,91,91,1,26,2593
72,172,172,1,10,3154
72,202,202,1,26,3953
72,54,169,0,10,4169
72,92,92,1,26,5060
72,160,137,0,10,5965
72,168,168,1,26,12666
72,155,155,1,26,2859
72,221,221,1,26,26963
72,220,209,0,26,4358
72,124,209,0,10,4444
72,123,116,0,10,13756
72,170,170,1,26,10514
72,182,182,1,10,2245
72,169,169,1,10,3141
72,128,128,1,26,8747
72,139,170,0,10,30626
72,195,195,1,10,3230
72,132,132,1,26,21866
72,177,177,1,26,27298
72,163,163,1,10,7316
72,153,153,1,10,2197
72,133,133,1,26,5186
72,99,99,1,10,14715
72,96,180,0,10,34164
72,87,87,1,26,3898
72,82,82,1,10,3745
72,85,85,1,26,3882
72,141,141,1,10,2847
72,145,145,1,26,2738
72,57,57,1,26,21635
72,71,71,1,26,4634
72,75,200,0,10,76957
72,77,77,1,10,4391
72,102,125,0,10,8159
72,140,140,1,10,3786
72,84,84,1,26,9074
72,97,211,0,26,5059
72,224,156,0,10,2254
72,222,222,1,26,5290
72,129,208,0,10,2183
68,174,58,0,14,6666
68,72,72,1,24,4415
68,90,90,1,24,4363
68,107,58,0,24,4252
68,219,86,0,14,5741
68,104,69,0,24,5319
68,86,174,0,24,8208
68,217,217,1,24,3389
68,69,130,0,24,5142
68,58,58,1,24,5726
68,199,199,1,14,5878
68,173,173,1,14,3736
68,216,216,1,14,3304
68,206,206,1,24,2617
68,164,164,1,24,6432
68,176,176,1,24,7518
68,191,191,1,24,5515
68,190,190,1,14,3874
68,184,184,1,14,1764
68,114,114,1,14,2457
68,113,113,1,14,3069
68,115,115,1,14,2652
68,62,62,1,24,14942
68,65,101,0,24,6068
68,83,83,1,24,2915
68,99,99,1,24,2529
68,105,117,0,14,4126
68,195,195,1,14,2317
68,117,117,1,24,10003
68,133,133,1,14,3440
68,153,153,1,14,2875
68,171,171,1,24,2543
68,4,4,1,14,7442
68,43,44,0,24,9364
68,18,32,0,14,5234
68,8,8,1,14,1781
68,22,16,0,24,6636
68,31,1,0,24,9882
68,47,25,0,14,3620
68,34,34,1,14,3795
68,44,40,0,24,6257
68,12,33,0,24,1999
75,131,-1,0,24,8250
75,130,69,0,14,8526
75,136,128,0,14,4060
75,126,126,1,14,1842
75,101,101,1,24,10258
75,51,51,1,14,7153
75,159,159,1,24,3411
75,146,146,1,24,3313
75,144,144,1,24,4571
75,164,164,1,14,3489
75,184,184,1,14,2784
75,165,165,1,14,2932
75,181,181,1,14,2153
75,114,114,1,14,2250
75,178,178,1,24,2786
75,64,64,1,14,2687
75,66,181,0,14,10846
75,70,70,1,14,13546
75,74,74,1,14,6218
75,78,78,1,14,4594
75,79,79,1,14,2523
75,81,81,1,14,2721
75,88,142,0,14,6514
75,93,93,1,24,2978
75,94,94,1,14,2396
75,108,108,1,24,1812
75,113,113,1,14,3250
75,115,115,1,14,3284
75,206,206,1,14,3963
75,216,216,1,24,3796
75,205,205,1,24,2898
75,203,203,1,24,2644
75,196,196,1,14,3443
75,147,147,1,24,5951
75,176,176,1,14,2771
75,179,179,1,24,2226
75,190,190,1,24,1707
75,191,191,1,24,4471
75,194,194,1,24,2323
75,142,142,1,24,3218
75,143,143,1,24,2065
75,154,154,1,14,7818
75,219,219,1,14,5526
75,72,72,1,14,2461
75,58,58,1,24,7302
75,69,130,0,14,3536
75,86,86,1,24,5635
75,90,90,1,24,5419
75,104,104,1,24,7745
75,107,107,1,14,3941
84,145,145,1,12,3517
84,141,141,1,10,492260
84,220,220,1,10,14022
84,219,219,1,10,7188
84,51,51,1,10,9411
84,159,159,1,10,1701
84,146,146,1,10,1972
84,164,164,1,10,3716
84,184,184,1,10,1455
84,54,54,1,10,17591
84,82,82,1,10,6706
84,85,85,1,10,1555
84,71,75,0,10,3739
84,92,148,0,10,23113
84,136,207,0,26,13384
84,131,82,0,14,4788
84,80,80,1,24,9215
84,87,129,0,16,7564
84,195,195,1,10,1745
84,126,126,1,10,1683
84,177,62,0,10,14256
84,163,171,0,16,8110
84,153,153,1,24,2870
84,133,133,1,24,2536
84,132,106,0,24,7878
84,99,99,1,24,3971
84,101,65,0,14,7773
84,62,62,1,14,4204
84,155,155,1,24,2747
84,124,157,0,16,15750
84,123,123,1,24,14089
84,160,160,1,14,3913
84,168,193,0,16,11613
84,182,182,1,24,2334
84,169,169,1,26,7433
89,72,72,1,22,11024
89,122,120,0,10,15942
89,77,87,0,12,16493
89,85,141,0,12,9801
89,114,114,1,22,25222
89,216,216,1,22,8051
89,206,206,1,12,14696
89,205,205,1,24,10755
89,203,203,1,24,8723
89,196,196,1,14,10147
89,194,194,1,24,11633
89,191,191,1,26,6795
89,164,164,1,26,8860
89,176,176,1,26,4901
89,190,190,1,10,4488
89,184,184,1,26,11086
89,113,114,0,26,5442
89,108,108,1,14,5219
89,115,115,1,10,7467
89,78,184,0,10,3021
89,64,64,1,10,3253
89,81,81,1,10,10787
89,146,146,1,10,4526
89,178,178,1,10,12218
89,181,74,0,26,23057
89,66,66,1,24,4046
89,70,196,0,16,5511
93,72,72,1,12,6216
93,122,77,0,10,8942
93,77,77,1,12,4670
93,85,85,1,14,4966
93,114,114,1,26,15263
93,216,216,1,26,5598
93,206,206,1,16,3747
93,205,205,1,10,3029
93,203,203,1,10,2059
93,196,196,1,10,5806
93,194,194,1,10,3937
93,146,146,1,10,2956
93,176,176,1,10,2024
93,178,178,1,10,2054
93,115,115,1,10,1794
93,191,191,1,10,4592
93,190,190,1,10,2231
93,184,184,1,10,2034
93,108,108,1,10,2980
93,78,78,1,10,7779
93,113,113,1,10,3021
93,64,64,1,10,4254
93,81,81,1,10,2058
93,164,164,1,10,2902
93,181,181,1,10,4447
93,66,66,1,10,4735
93,70,70,1,10,7107
93,79,79,1,10,2221
93,51,147,0,10,5272
93,179,179,1,10,1989
93,165,165,1,10,1551
93,88,88,1,10,4328
93,93,93,1,10,1492
93,94,94,1,10,1757
93,147,74,0,10,6284
93,142,142,1,10,1457
93,143,143,1,10,1764
93,154,74,0,10,4308
93,74,74,1,16,3097
93,159,159,1,26,2684
93,155,155,1,10,5774
93,172,110,0,10,3866
93,169,169,1,10,9395
93,145,145,1,10,1780
93,153,153,1,10,3028
93,182,182,1,10,1708
93,60,60,1,10,1561
93,166,202,0,10,4348
93,202,202,1,10,2089
93,167,167,1,10,1278
93,91,91,1,26,4633
93,188,188,1,10,5027
93,80,80,1,10,2032
93,128,54,0,10,2124
93,123,139,0,10,12258
93,160,160,1,26,8362
93,157,157,1,26,7091
93,137,220,0,16,4203
93,54,54,1,14,9156
93,220,220,1,10,4789
93,92,92,1,10,5086
93,136,218,0,10,2992
93,168,186,0,10,2152
93,148,157,0,16,5111
93,124,209,0,24,4501
93,59,59,1,24,5770
93,61,61,1,24,4434
93,63,63,1,14,3233
93,68,68,1,14,4256
93,100,100,1,14,3443
84,4,4,1,26,9424
84,8,8,1,26,2291
84,34,29,0,26,22711
84,45,45,1,24,2534
84,16,1,0,14,7259
84,32,43,0,24,3813
84,36,18,0,14,4276
84,9,9,1,14,5860
84,1,22,0,14,4582
84,17,17,1,12,3623
84,40,40,1,12,6938
84,41,41,1,22,3000
84,30,30,1,24,12655
84,5,26,0,10,6257
84,28,28,1,16,5574
84,10,14,0,16,5414
84,24,42,0,14,5869
84,11,11,1,14,5125
84,43,43,1,24,6010
84,18,7,0,10,5102
84,20,37,0,26,7924
84,46,33,0,16,7432
84,31,31,1,14,2735
84,22,22,1,14,4445
84,27,27,1,24,7291
84,37,37,1,14,4436
84,44,46,0,10,1907
84,38,38,1,10,2464
84,7,-1,0,10,3093
96,72,72,1,22,2343
96,122,122,1,10,3514
96,77,77,1,10,2415
96,85,85,1,10,1436
96,114,114,1,10,2966
96,172,172,1,10,2018
96,176,176,1,10,4562
96,182,182,1,10,2134
96,216,216,1,10,3370
96,215,215,1,10,5568
96,208,208,1,10,7282
96,203,203,1,10,2262
96,115,115,1,10,3080
96,195,195,1,10,1655
96,169,169,1,10,3429
96,202,92,0,10,21781
96,205,205,1,10,5920
96,99,99,1,10,1468
96,197,197,1,10,3463
96,184,184,1,10,2193
96,188,188,1,10,2287
96,153,153,1,10,28254
96,194,194,1,10,2587
96,198,198,1,10,1760
96,120,120,1,10,1671
96,145,145,1,10,1320
96,212,56,0,10,5941
96,155,155,1,10,2061
96,60,60,1,10,1485
96,126,126,1,10,1237
96,80,80,1,10,1372
96,181,181,1,10,5789
96,58,58,1,10,1989
96,66,66,1,10,2515
96,151,151,1,10,2043
96,89,89,1,10,2464
96,174,174,1,10,2508
96,107,107,1,10,1762
96,161,131,0,10,3081
96,141,141,1,10,3719
96,128,214,0,10,4258
96,165,165,1,26,2554
96,94,94,1,16,2608
96,167,167,1,10,2026
96,93,93,1,10,2098
96,159,159,1,10,2846
96,137,157,0,10,3259
96,160,160,1,10,2816
96,149,-1,0,10,2958
96,192,192,1,10,2057
96,157,157,1,10,2680
96,56,56,1,10,3306
96,217,217,1,10,2266
96,125,-1,0,10,1769
96,86,86,1,10,5345
96,4,4,1,10,2544
96,8,8,1,10,1135
96,34,-1,0,10,1451
96,45,45,1,16,2961
96,16,16,1,26,3573
96,32,25,0,26,6076
96,36,36,1,14,5217
96,9,38,0,14,2219
96,1,22,0,24,5037
96,17,17,1,14,2700
96,40,23,0,14,2286
96,41,41,1,12,1034
96,30,36,0,22,2908
96,5,5,1,12,1508
96,28,28,1,22,2441
96,10,10,1,24,4620
96,24,24,1,24,2597
96,11,11,1,14,1818
96,90,90,1,10,2169
96,104,104,1,10,2746
96,173,173,1,10,1936
96,219,219,1,10,2624
96,199,130,0,10,5095
96,69,69,1,10,1834
96,130,130,1,10,2487
96,91,-1,0,10,7374
96,166,166,1,10,1729
96,43,43,1,10,4298
96,18,27,0,10,5047
96,20,20,1,10,2584
96,46,-1,0,10,3851
96,31,31,1,16,5655
96,22,22,1,16,3680
96,27,27,1,16,5865
96,222,129,0,10,5211
96,158,-1,0,10,3520
96,54,54,1,26,10758
96,220,220,1,26,3813
96,96,131,0,26,3785
96,75,187,0,24,2171
96,223,-1,0,24,4018
96,57,57,1,12,3029
96,162,161,0,12,2118
96,131,57,0,12,3392
96,64,64,1,22,2397
96,146,146,1,12,2864
96,164,164,1,22,2411
96,178,178,1,22,1700
96,190,190,1,14,2078
96,206,206,1,24,1968
96,196,196,1,26,18977
96,113,113,1,16,2685
96,191,191,1,26,3055
96,108,108,1,10,2664
96,78,78,1,10,4763
96,81,81,1,10,2054
96,79,79,1,10,1236
96,51,70,0,10,2400
96,70,70,1,10,1777
96,179,179,1,10,1345
96,88,142,0,10,6298
96,147,147,1,10,4613
96,142,142,1,10,1832
96,143,143,1,10,2283
96,154,154,1,10,7596
96,74,181,0,10,3374
96,82,82,1,24,8206
96,156,156,1,24,2917
96,92,110,0,10,7461
96,129,197,0,10,6645
96,224,-1,0,10,1814
96,87,-1,0,10,1771
96,136,218,0,10,2952
96,163,-1,0,10,1968
96,168,168,1,26,4269
96,148,148,1,26,6967
96,98,98,1,26,5502
96,124,124,1,26,13788
96,152,187,0,26,4275
96,150,150,1,16,8116
96,71,71,1,16,6984
96,63,63,1,10,8562
96,209,157,0,10,2153
96,121,121,1,10,2234
96,207,207,1,10,13726
96,119,119,1,10,1792
96,201,111,0,10,14151
96,213,213,1,10,1754
96,118,118,1,10,1502
96,112,112,1,10,2090
96,106,-1,0,10,5142
96,109,109,1,10,1511
96,110,110,1,10,1570
96,111,111,1,10,2998
96,186,186,1,10,1349
96,214,218,0,10,3061
96,102,102,1,16,3779
96,175,175,1,26,5877
96,187,187,1,26,3037
96,218,218,1,16,3126
96,37,19,0,10,7956
96,44,44,1,16,5812
96,38,38,1,26,3949
96,7,19,0,10,2987
96,29,29,1,26,11153
96,25,25,1,26,2567
96,47,2,0,16,5263
96,21,10,0,24,8383
96,14,15,0,24,6411
96,15,15,1,24,3167
96,35,35,1,24,2491
96,48,48,1,14,1601
96,6,6,1,14,3136
96,42,26,0,14,2481
96,13,13,1,14,3278
96,33,48,0,16,10798
96,26,26,1,24,1704
96,2,2,1,24,5273
96,12,13,0,16,7581
96,39,39,1,26,2703
96,3,3,1,24,5279
96,19,19,1,14,2278
96,62,62,1,10,2408
96,83,83,1,10,1946
96,117,117,1,10,1482
96,133,133,1,10,1330
96,171,171,1,10,2782
96,105,105,1,10,1886
96,132,195,0,10,2650
96,65,185,0,10,3527
96,177,132,0,16,4442
96,101,101,1,14,2347
100,72,72,1,12,19450
100,122,122,1,10,4119
100,77,141,0,10,4047
100,85,85,1,24,3480
100,114,114,1,16,5038
100,216,216,1,16,5305
100,206,206,1,16,3467
100,205,205,1,10,5912
100,203,203,1,10,1599
100,196,196,1,10,6606
100,194,194,1,10,2528
100,146,146,1,10,2415
100,176,176,1,10,1750
100,178,178,1,10,2065
100,115,115,1,10,1761
100,191,191,1,10,4257
100,190,190,1,10,1877
100,184,184,1,10,1693
100,108,108,1,10,2094
100,78,70,0,10,1628
100,113,113,1,10,2388
100,64,64,1,10,8819
100,81,81,1,10,1864
100,164,164,1,10,2069
100,181,181,1,10,5356
100,66,66,1,10,2691
100,70,70,1,10,1838
100,79,79,1,10,1318
100,51,51,1,10,2373
100,179,179,1,10,1800
100,165,165,1,10,1450
100,88,88,1,10,2113
100,93,93,1,10,1722
100,94,94,1,10,1404
100,147,147,1,10,3507
100,142,142,1,10,3061
100,143,143,1,10,2759
100,154,154,1,10,2610
100,74,74,1,10,2237
100,159,159,1,10,1365
100,188,188,1,10,3207
100,182,182,1,10,1807
100,169,169,1,10,4640
100,155,155,1,10,3368
100,80,80,1,10,1172
100,128,128,1,10,1475
100,123,123,1,10,12804
100,160,160,1,10,2680
100,157,157,1,10,1492
100,137,209,0,10,2095
100,54,54,1,10,3650
100,220,220,1,10,2630
100,92,92,1,10,1528
100,136,136,1,10,8011
100,168,168,1,10,3773
100,148,110,0,10,8332
100,124,124,1,10,4290
100,59,-1,0,26,39273
62,91,91,1,22,3990
62,166,166,1,12,2831
62,172,172,1,22,2690
62,202,202,1,12,4514
84,216,216,1,16,4244
84,77,77,1,26,4384
84,29,29,1,24,4571
84,25,25,1,14,4653
84,47,34,0,26,14390
96,67,-1,0,10,2499
96,211,-1,0,10,1304
96,84,-1,0,10,2147
96,183,-1,0,10,1231
96,200,-1,0,10,1015
96,76,-1,0,10,899
96,140,-1,0,10,998
96,97,97,1,16,8594
96,189,189,1,22,3933
96,180,180,1,12,2842
96,103,103,1,12,2847
96,138,138,1,12,2529
96,123,123,1,26,4517
96,59,100,0,26,6531
96,61,61,1,14,6191
96,68,68,1,24,3681
96,100,59,0,24,3942
96,116,116,1,14,3218
96,193,193,1,24,3351
96,204,204,1,24,1339
96,210,210,1,16,3616
100,197,197,1,10,2327
100,153,153,1,10,3054
100,202,202,1,10,3883
100,198,198,1,10,1826
100,208,208,1,10,1844
100,120,120,1,10,1719
100,172,172,1,10,3525
100,99,114,0,10,2187
100,215,215,1,10,3665
100,145,145,1,10,4321
100,195,195,1,10,1641
100,60,60,1,10,1525
100,212,151,0,10,3450
100,126,126,1,16,2886
100,58,58,1,16,8185
100,151,141,0,16,10627
100,89,89,1,14,4120
100,174,174,1,16,5324
100,107,107,1,16,3614
100,161,161,1,26,5729
100,211,211,1,10,2734
100,67,67,1,10,2817
100,84,76,0,10,2565
100,141,141,1,10,5449
100,183,183,1,10,2100
100,56,56,1,10,2846
100,149,-1,0,10,9973
100,200,200,1,16,4924
100,192,192,1,26,4483
100,125,180,0,26,3509
100,222,222,1,24,6391
100,158,158,1,16,3987
100,96,96,1,26,6441
100,75,75,1,16,2635
100,223,152,0,10,2031
100,57,57,1,10,2413
100,162,162,1,10,2765
100,131,82,0,10,2069
100,76,76,1,10,6717
100,82,82,1,10,1898
100,156,156,1,10,5216
96,185,185,1,16,3849
96,23,3,0,10,2925
100,167,167,1,10,2280
100,217,217,1,10,4020
100,86,86,1,10,1991
100,104,-1,0,10,10468
100,173,173,1,10,2136
100,219,130,0,10,6199
100,199,199,1,16,4985
100,129,-1,0,16,9533
100,224,224,1,24,3327
100,163,163,1,24,5308
100,87,87,1,14,13264
100,69,69,1,24,6960
100,130,130,1,26,9720
100,98,-1,0,10,6539
100,152,152,1,10,3937
100,150,150,1,10,2186
100,71,208,0,10,7980
100,63,63,1,16,3776
100,209,209,1,26,8273
100,121,121,1,26,2841
100,207,207,1,10,6114
100,119,168,0,10,4339
100,201,201,1,10,9015
100,118,118,1,10,1634
100,106,-1,0,10,12192
100,109,109,1,16,2654
100,186,186,1,16,9905
100,110,110,1,26,2513
100,111,111,1,26,2886
100,112,112,1,10,3465
100,213,213,1,10,1615
100,214,214,1,10,4021
103,72,72,1,22,4682
103,122,-1,0,10,8120
103,77,-1,0,22,5319
103,85,141,0,12,4049
103,114,114,1,12,4258
103,216,216,1,12,7131
103,206,206,1,22,4723
103,205,205,1,14,6611
103,203,203,1,14,2539
103,115,115,1,24,2468
103,196,196,1,24,11374
103,194,194,1,24,2281
103,191,191,1,16,6371
103,164,164,1,26,5393
103,176,176,1,16,4938
103,190,190,1,10,2242
103,184,51,0,10,14806
103,108,108,1,10,4396
103,113,113,1,10,2668
103,64,144,0,10,4083
103,188,188,1,16,8757
103,182,182,1,16,2346
103,169,169,1,16,19211
103,155,155,1,16,3540
103,80,80,1,10,2146
103,128,128,1,10,3861
103,123,61,0,10,4014
103,160,160,1,10,12658
103,157,63,0,10,3402
103,137,137,1,26,5796
103,54,213,0,16,8715
103,220,220,1,24,3139
103,92,92,1,24,3243
103,136,136,1,24,8507
103,168,168,1,24,6026
103,148,110,0,10,9240
103,124,124,1,10,2876
103,59,201,0,10,10075
103,61,61,1,26,4733
103,63,63,1,26,5452
103,68,68,1,10,6346
103,100,207,0,10,11351
103,109,109,1,26,2004
103,110,110,1,26,3897
103,111,-1,0,26,28560
103,112,112,1,16,19564
103,116,186,0,16,7118
103,118,118,1,26,3227
103,119,112,0,10,3553
103,121,121,1,26,4935
103,186,186,1,10,3272
103,193,119,0,10,18110
103,201,201,1,16,11282
103,204,204,1,10,3306
103,207,207,1,10,3846
103,209,63,0,26,8859
103,210,210,1,10,3730
103,213,213,1,10,2391
103,214,54,0,10,8456
103,218,218,1,16,10732
103,62,133,0,14,8598
103,171,171,1,24,4702
103,195,195,1,24,2601
103,83,83,1,26,10397
103,99,99,1,26,3248
103,153,153,1,26,4474
103,133,133,1,10,4244
103,117,117,1,10,2619
103,126,126,1,10,2010
103,163,185,0,10,3506
103,4,4,1,16,2488
103,8,8,1,10,2415
103,34,39,0,10,2130
103,45,10,0,26,2915
103,16,16,1,24,6463
103,32,32,1,14,3682
103,36,19,0,24,9188
103,9,9,1,24,5042
103,1,33,0,14,10100
103,17,17,1,12,2501
103,40,40,1,24,14844
103,41,10,0,14,2928
103,30,36,0,24,3462
103,5,24,0,24,5637
103,28,7,0,14,4085
103,10,10,1,12,4476
103,24,32,0,14,1877
103,11,43,0,24,5102
104,72,72,1,22,12420
104,122,150,0,10,43125
104,77,77,1,12,13770
104,85,85,1,24,10842
104,114,114,1,16,33769
104,216,216,1,26,24285
104,113,113,1,16,6344
104,64,64,1,10,11248
104,176,176,1,10,7356
104,178,178,1,10,10840
104,206,206,1,10,9740
104,184,184,1,10,9216
104,146,146,1,10,39932
104,190,190,1,10,2694
104,191,191,1,10,10964
104,205,205,1,10,9760
104,203,203,1,10,4103
104,172,172,1,26,37454
104,208,98,0,26,33426
104,153,153,1,14,9375
104,99,99,1,14,14175
104,215,131,0,10,31072
104,197,197,1,16,27199
104,212,212,1,16,11022
104,196,196,1,16,10129
104,194,194,1,26,12364
104,108,108,1,10,3516
104,115,115,1,10,2119
104,164,164,1,10,21826
104,78,78,1,10,6300
104,81,81,1,10,3288
100,102,102,1,10,5124
100,175,175,1,10,3046
100,187,180,0,10,16829
100,218,218,1,10,4037
110,72,72,1,12,4550
110,122,119,0,10,500963
110,77,77,1,14,6854
110,85,85,1,26,5249
110,216,181,0,16,5104
110,206,206,1,24,7630
110,205,205,1,16,22138
110,203,203,1,26,4424
110,196,181,0,26,17679
110,194,194,1,24,3017
110,191,196,0,16,5690
110,190,190,1,24,3346
110,113,113,1,24,2487
110,188,188,1,14,6556
110,182,182,1,16,3062
110,169,169,1,16,5978
110,155,155,1,26,7402
110,80,80,1,16,2938
110,128,128,1,10,5672
110,123,201,0,10,15144
110,160,160,1,16,3710
110,157,63,0,16,6469
110,137,137,1,16,4787
110,54,54,1,26,4384
110,220,220,1,16,3621
110,92,92,1,16,4512
110,136,128,0,16,9005
110,168,193,0,14,4988
110,60,60,1,24,4636
110,91,91,1,14,7322
110,166,166,1,24,5487
110,172,167,0,14,3864
110,202,166,0,24,2570
110,167,167,1,16,2387
110,90,90,1,10,3128
110,58,58,1,10,2819
110,174,107,0,10,2509
110,107,107,1,16,3115
110,217,104,0,26,8036
110,86,174,0,14,4015
110,104,104,1,24,3751
110,173,174,0,14,2971
110,219,219,1,12,2918
110,199,199,1,22,4464
110,69,130,0,14,3657
110,130,219,0,22,4460
110,62,62,1,26,12859
110,195,195,1,26,3312
110,133,133,1,26,5201
110,83,83,1,10,3943
110,99,99,1,10,2676
110,171,101,0,10,6116
110,153,153,1,10,1702
110,117,117,1,10,5750
110,126,126,1,10,2613
110,163,132,0,10,9584
110,197,197,1,14,3960
110,198,215,0,14,3219
110,211,75,0,24,4561
110,208,208,1,12,9091
110,120,120,1,24,4063
110,145,145,1,14,2460
110,67,75,0,24,5570
110,215,57,0,22,2698
110,212,212,1,22,4898
110,151,141,0,14,7055
110,89,82,0,24,12518
110,161,56,0,22,2965
110,84,87,0,22,2615
110,141,141,1,26,4237
110,184,184,1,16,5447
110,176,176,1,26,3520
110,115,115,1,26,4174
110,114,114,1,10,18977
110,181,181,1,10,10951
110,64,64,1,16,5052
110,108,108,1,16,5550
110,178,178,1,26,4027
110,164,164,1,16,4566
110,146,146,1,16,3078
110,78,78,1,16,3916
110,81,81,1,10,2364
110,66,181,0,10,4095
110,79,79,1,10,1629
110,70,70,1,10,3341
110,51,78,0,10,2943
110,179,179,1,16,3462
110,165,165,1,26,7476
110,88,142,0,16,4496
110,93,93,1,14,3606
110,94,94,1,14,2124
110,142,142,1,10,3875
110,147,147,1,10,873063
110,143,143,1,10,2885
110,74,74,1,10,9004
110,154,154,1,10,1816
110,159,159,1,10,1688
113,72,72,1,12,5115
113,122,158,0,10,4906
113,77,87,0,12,3792
113,85,141,0,12,5833
113,114,114,1,22,5488
113,216,216,1,12,4167
113,206,206,1,12,5727
113,205,93,0,24,14195
113,203,203,1,12,5185
113,196,191,0,24,9202
113,194,194,1,12,2457
113,191,191,1,22,8537
113,190,190,1,14,3592
113,184,184,1,14,4215
113,115,115,1,26,4194
113,113,113,1,26,5233
113,64,64,1,16,3434
113,146,146,1,10,2441
113,81,81,1,10,4520
113,178,178,1,10,2009
113,155,155,1,26,5345
116,145,145,1,12,2141
116,235,235,1,10,2253
116,198,198,1,10,1753
116,141,141,1,10,1201
116,56,56,1,10,1123
116,192,192,1,10,2623
116,161,161,1,10,2072
116,89,89,1,10,5268
116,183,183,1,10,1856
116,156,-1,0,10,6381
116,67,67,1,10,2832
116,82,82,1,10,1782
116,120,120,1,10,1480
116,212,212,1,10,2848
116,150,150,1,10,2604
116,211,98,0,10,2382
116,197,197,1,16,3738
116,151,152,0,26,6348
116,222,222,1,14,5994
116,223,223,1,14,2690
116,76,76,1,26,2458
116,208,208,1,16,2898
116,162,162,1,16,6033
116,125,125,1,26,3826
116,87,87,1,16,4332
116,96,102,0,10,3348
119,155,155,1,12,3703
119,109,109,1,10,2754
119,110,110,1,10,2302
119,194,194,1,10,3039
119,145,145,1,10,3606
119,213,213,1,10,3420
119,115,115,1,10,2157
119,188,188,1,10,4153
119,195,195,1,10,1596
119,186,186,1,10,4280
119,108,108,1,10,2668
119,203,203,1,10,2436
119,178,178,1,10,1739
119,190,190,1,10,99739
119,81,81,1,10,1618
119,234,234,1,10,3530
119,146,146,1,10,5351
119,235,192,0,10,7358
120,155,155,1,12,7330
120,204,204,1,10,7181
120,121,121,1,10,5294
120,110,110,1,10,3546
120,186,168,0,10,14152
121,155,155,1,22,4333
121,109,109,1,10,2685
121,110,110,1,10,4569
121,194,194,1,10,3925
121,145,145,1,10,2775
121,213,213,1,10,2893
121,115,115,1,10,3235
121,188,188,1,10,2872
121,195,195,1,10,1805
121,186,186,1,10,2600
121,4,4,1,10,3566
121,8,8,1,10,1963
121,17,28,0,10,6003
121,9,16,0,10,4134
121,45,35,0,10,5242
121,38,16,0,10,7286
121,22,16,0,14,7707
121,41,41,1,12,2644
121,25,25,1,22,5102
121,20,32,0,22,3896
121,235,89,0,22,3306
121,198,198,1,12,7347
121,141,141,1,12,2282
121,56,56,1,22,3223
121,192,192,1,22,4492
121,161,75,0,14,9052
121,89,89,1,24,9434
121,183,76,0,24,5308
121,156,222,0,14,8153
121,67,67,1,14,6614
121,82,57,0,24,7387
121,120,120,1,24,2281
121,212,212,1,24,3242
121,150,150,1,14,4032
121,211,211,1,14,7067
121,197,197,1,10,6936
121,151,151,1,10,3407
121,222,224,0,10,17434
113,63,169,0,24,4738
113,182,182,1,12,2812
113,110,110,1,24,2496
113,153,153,1,24,3226
113,109,109,1,14,3650
121,203,203,1,26,2558
121,81,81,1,26,2952
121,190,190,1,10,3365
121,108,108,1,10,3169
121,178,178,1,10,2715
121,234,234,1,10,15470
121,146,146,1,10,8768
121,216,216,1,10,3050
121,79,79,1,10,2085
121,66,66,1,10,5863
121,114,114,1,10,3595
121,93,93,1,10,2246
121,94,94,1,10,2347
121,143,143,1,10,3208
121,164,64,0,10,4535
121,179,179,1,10,2756
121,113,113,1,10,3194
121,165,165,1,10,3613
121,184,184,1,10,5657
121,206,206,1,10,2544
121,90,90,1,10,7386
121,58,58,1,10,3909
121,107,107,1,10,1461
121,72,72,1,10,1705
121,174,86,0,10,4873
121,217,217,1,10,3487
121,86,130,0,10,4658
121,173,173,1,16,3543
121,199,199,1,26,10677
121,219,219,1,26,2607
121,104,104,1,16,4406
121,69,130,0,26,7909
121,130,130,1,14,3382
121,182,182,1,10,1903
121,121,121,1,10,2789
121,204,204,1,10,3161
121,118,118,1,10,2874
121,112,112,1,10,8302
121,210,210,1,10,8677
121,61,136,0,10,10775
121,63,63,1,10,6314
121,68,68,1,10,3298
121,80,80,1,10,3025
121,169,169,1,10,5668
121,201,201,1,10,4277
121,160,160,1,10,3856
121,128,128,1,10,2631
121,54,54,1,10,3084
121,92,92,1,10,3265
121,220,220,1,10,3184
121,111,111,1,10,5434
121,218,218,1,10,3358
121,207,207,1,10,5782
121,116,201,0,10,8723
121,209,209,1,10,6599
120,108,108,1,16,5463
120,115,115,1,16,4799
120,194,194,1,10,2816
120,203,203,1,10,2777
120,178,178,1,10,1609
120,190,190,1,10,4447
120,81,81,1,10,3427
120,234,78,0,10,3627
120,146,146,1,10,6438
120,216,216,1,10,4529
120,79,179,0,10,1913
120,66,66,1,16,9084
120,114,114,1,16,4994
120,94,94,1,26,8049
120,93,93,1,26,5118
120,143,142,0,16,6587
120,164,164,1,14,4225
120,179,179,1,26,4294
119,198,198,1,10,7856919
119,141,56,0,10,3518
119,112,112,1,10,7416
119,121,121,1,10,3022
62,115,115,1,14,1808
62,81,81,1,16,2382
62,190,190,1,10,2130
62,108,108,1,10,2263
62,194,194,1,10,2118
62,203,203,1,10,1436
62,234,78,0,10,3816
62,216,216,1,10,2839
62,79,79,1,10,1622
62,66,181,0,10,4138
62,114,114,1,16,2539
62,93,93,1,16,2395
62,94,94,1,16,2239
62,143,143,1,16,4933
62,179,179,1,26,2947
62,113,113,1,16,2445
62,206,206,1,16,2322
62,147,74,0,10,3215
62,176,176,1,26,3138
62,205,205,1,16,1747
62,74,181,0,10,2816
62,191,196,0,16,3587
62,51,51,1,26,9426
62,70,70,1,14,4251
62,88,88,1,10,1736
62,64,164,0,10,6362
62,154,78,0,10,3633
62,142,142,1,26,4471
62,196,196,1,26,10670
62,78,78,1,16,5750
126,155,155,1,12,9598
126,109,89,0,10,20106
126,110,209,0,22,12330
126,194,194,1,12,5671
126,145,145,1,22,6821
126,213,213,1,24,9827
126,115,115,1,16,5637
126,188,57,0,16,7559
126,195,195,1,24,8103
126,186,186,1,24,11283
126,63,82,0,10,7569
126,112,56,0,10,8524
126,118,118,1,16,5404
126,203,203,1,24,6247
126,121,222,0,24,12336
126,153,153,1,24,7948
126,182,182,1,14,3683
126,60,60,1,14,4776
126,108,108,1,26,8724
126,178,178,1,10,4871
126,190,190,1,10,5110
126,81,205,0,10,3582
130,155,155,1,12,3311
130,109,109,1,10,2191
131,155,155,1,22,4984
130,110,110,1,10,5571
130,194,194,1,10,2640
130,145,145,1,10,2121
131,109,128,0,10,13472
131,110,110,1,12,5779
131,194,194,1,24,6712
130,108,108,1,10,2222
131,145,145,1,26,8946
130,115,115,1,10,2123
130,178,178,1,10,1511
130,190,190,1,10,1714
130,81,81,1,10,1490
130,203,203,1,10,1709
130,234,234,1,10,3791
130,146,146,1,10,5107
130,216,216,1,10,5288
130,79,79,1,10,2285
131,108,108,1,26,12670
130,66,66,1,10,3122
131,115,115,1,26,4770
130,114,114,1,10,1496
131,178,178,1,10,3333
130,93,93,1,10,3396
130,94,94,1,10,1412
131,190,190,1,10,2986
130,143,143,1,10,4289
131,81,81,1,10,3167
130,164,164,1,10,4538
131,203,203,1,10,1796
130,179,179,1,10,1836
130,113,113,1,10,1417
131,234,78,0,10,4887
130,165,165,1,10,1221
131,146,146,1,10,3619
131,216,216,1,10,2912
131,79,79,1,10,1571
130,184,184,1,10,15651
130,206,206,1,10,3810
130,159,159,1,10,1075
131,66,66,1,10,7929
131,114,114,1,10,2584
130,147,147,1,10,6753
130,176,176,1,10,2068
131,93,93,1,10,3865
131,94,94,1,10,2299
131,143,143,1,10,3552
131,164,64,0,10,3003
131,179,179,1,10,2602
131,113,113,1,10,3914
131,165,165,1,10,2839
130,205,205,1,10,1301
130,74,74,1,10,4802
130,191,191,1,10,2625
130,51,51,1,10,2402
130,70,70,1,10,4882
130,181,181,1,10,2790
130,88,88,1,10,1756
131,184,184,1,10,8876
130,64,64,1,10,1720
130,154,154,1,10,7628
131,206,179,0,10,2915
130,142,142,1,10,2154
130,196,196,1,10,2245
130,78,70,0,10,1601
131,159,94,0,10,3343
131,147,147,1,26,4194
131,176,176,1,16,5450
131,205,205,1,26,3282
131,74,51,0,26,13187
131,191,191,1,14,5240
137,155,155,1,22,10581
137,109,109,1,10,12360
137,110,157,0,10,3671
137,194,194,1,14,6621
137,195,195,1,14,2797
137,145,145,1,16,3806
137,235,235,1,26,9613
137,198,82,0,10,4710
137,141,141,1,26,11829
137,56,56,1,26,4061
137,203,203,1,26,12764
137,108,108,1,16,4193
137,178,178,1,16,3623
137,115,115,1,26,3429
137,190,190,1,16,4898
137,81,165,0,10,13995
137,234,234,1,26,13669
137,146,146,1,10,5448
137,216,216,1,10,2421
137,79,79,1,10,2338
137,66,66,1,10,2557
137,114,114,1,10,2662
137,93,165,0,10,3306
137,94,94,1,26,3968
137,153,153,1,16,5052
137,117,62,0,10,13792
137,133,133,1,16,3801
137,83,83,1,26,8841
137,99,99,1,26,5388
137,126,126,1,16,4020
137,62,62,1,26,16878
137,171,171,1,16,7825
137,163,163,1,10,5846
149,155,155,1,12,4723
149,195,195,1,22,3975
149,118,118,1,10,3635
149,188,188,1,10,4455
149,112,112,1,10,2285
150,155,155,1,22,99400
150,109,109,1,10,142426
150,186,186,1,10,2413
150,115,115,1,10,1974
150,204,204,1,10,2516
150,121,121,1,10,2444
150,110,110,1,10,2848
150,210,210,1,10,1990
150,188,188,1,10,1616
150,213,213,1,10,1771
150,118,118,1,10,1568
150,112,112,1,10,1659
150,182,182,1,10,1310
150,63,63,1,10,2105
150,61,61,1,10,3532
150,68,68,1,10,5107
150,80,80,1,10,1130
150,169,169,1,10,3138
150,201,201,1,10,2545
153,155,155,1,12,8806
153,109,109,1,10,10837
153,110,110,1,10,17565
153,194,194,1,10,5074
153,145,145,1,10,2907
154,155,155,1,22,5230
154,109,109,1,10,3007
154,110,110,1,10,3697
154,194,194,1,10,2201
154,145,145,1,10,2050
153,108,108,1,10,4023
153,203,203,1,10,2098
153,115,115,1,10,1929
153,178,178,1,10,2050
153,190,190,1,10,2200
154,213,213,1,10,2625
154,115,115,1,10,2400
154,188,188,1,10,2683
154,195,195,1,10,1747
154,186,186,1,10,5949
154,63,220,0,10,17109
154,112,111,0,10,7138
154,118,118,1,16,3467
154,203,203,1,16,2688
154,121,121,1,16,2485
154,153,153,1,16,2063
154,182,182,1,16,1843
154,60,60,1,26,3391
154,99,99,1,26,3100
154,216,216,1,16,2935
154,126,126,1,16,1855
154,58,58,1,16,3630
154,66,66,1,26,4297
153,81,81,1,10,2283
153,234,234,1,10,10825
154,80,80,1,10,1232
154,114,114,1,10,3271
153,146,146,1,10,7397
154,93,93,1,10,1519
154,94,94,1,10,1443
153,216,216,1,10,5172
154,169,169,1,10,3368
154,198,122,0,10,9470
154,107,174,0,10,3033
154,167,167,1,26,3384
154,165,165,1,16,2712
153,79,79,1,10,2299
153,66,181,0,10,4100
154,141,141,1,16,2754
153,114,114,1,10,3237
153,93,93,1,10,4227
153,94,94,1,10,1932
154,184,184,1,10,1723
153,143,88,0,10,6215
153,164,164,1,26,10733
153,179,179,1,26,2287
154,201,201,1,10,2581
154,159,159,1,10,1517
154,56,56,1,10,6897
154,176,176,1,10,1317
154,160,160,1,10,1798
153,113,113,1,10,1906
153,165,165,1,10,1555
153,184,184,1,10,2999
153,206,206,1,10,2117
153,159,159,1,10,2256
153,147,51,0,10,5850
153,176,176,1,10,2409
153,205,205,1,10,1756
153,74,181,0,10,4458
153,191,191,1,16,4889
153,51,51,1,10,7333
153,70,196,0,10,8468
153,181,181,1,10,10797
153,88,88,1,10,4841
153,64,64,1,10,6140
153,154,147,0,10,5150
153,142,142,1,26,5930
150,195,195,1,10,1535
150,153,153,1,10,6688
153,196,78,0,10,4369
150,117,117,1,10,5520
150,133,133,1,10,1213
153,78,78,1,26,3089
150,83,105,0,10,3750
150,99,99,1,10,1965
150,126,126,1,10,1573
150,62,62,1,10,3269
150,171,132,0,10,4145
150,163,101,0,26,2884
153,195,195,1,10,2843
153,153,153,1,10,2424
153,83,171,0,10,7327
153,133,133,1,10,3959
153,117,117,1,10,4152
153,99,99,1,10,2228
153,126,126,1,10,1498
153,62,-1,0,10,3352
153,171,171,1,26,7708
153,163,132,0,26,10030
153,105,117,0,14,6498
153,106,106,1,24,3242
153,132,65,0,24,8608
153,65,101,0,24,4931
153,177,177,1,12,5367
153,101,101,1,10,2322
153,185,185,1,10,2005
162,155,155,1,22,8128
162,195,195,1,22,7206
162,118,118,1,10,6761
162,188,182,0,10,7422
153,4,4,1,24,10913
153,8,8,1,16,5113
153,17,43,0,16,5732
162,112,112,1,16,32409
153,9,1,0,26,12538
153,45,45,1,14,4301
153,38,31,0,16,7957
153,22,42,0,14,4299
153,41,41,1,24,2584
153,25,33,0,14,6146
153,20,20,1,12,6169
153,29,29,1,12,4367
153,40,40,1,22,3920
153,31,31,1,24,4198
153,43,27,0,14,3057
162,213,213,1,10,25012
131,51,196,0,10,8452
131,70,70,1,10,3850
131,181,196,0,10,9024
131,88,88,1,16,2521
162,186,186,1,10,2177
162,115,115,1,10,4028
162,110,92,0,10,6570
153,112,112,1,16,7835
153,186,186,1,16,2295
162,182,182,1,10,2719
153,204,204,1,10,3121
153,188,137,0,10,3964
153,182,182,1,26,4163
167,155,155,1,22,2611
153,213,213,1,16,2219
167,195,195,1,12,3347
167,186,186,1,10,4165
153,121,121,1,10,2826
167,194,194,1,10,2092
167,63,63,1,10,2410
167,112,112,1,10,2238
167,153,153,1,10,1922
162,63,157,0,16,9460
167,109,109,1,10,1597
153,210,148,0,10,23913
167,188,188,1,10,2386
167,213,213,1,10,1685
153,118,118,1,26,3795
162,145,145,1,24,10519
153,61,214,0,16,16606
153,63,157,0,26,4785
162,194,194,1,14,9313
167,121,121,1,10,3438
167,118,118,1,10,1676
162,121,121,1,14,4073
167,115,115,1,10,2297
167,145,145,1,10,2507
167,110,110,1,10,1878
153,68,68,1,24,10175
167,182,182,1,10,1629
153,80,80,1,24,2920
167,203,203,1,10,2216
162,109,109,1,16,3972
167,60,60,1,10,2061
167,99,99,1,10,1837
153,169,128,0,24,5354
167,216,216,1,10,2671
167,126,126,1,10,1500
167,58,58,1,10,1884
167,66,66,1,10,3256
153,201,214,0,10,7757
153,160,160,1,10,2408
153,128,128,1,10,1826
153,54,54,1,10,2911
153,92,148,0,10,3753
153,220,209,0,26,2688
153,60,60,1,26,3095
153,167,167,1,16,5134
153,166,91,0,26,9937
153,202,202,1,26,10498
153,91,91,1,26,5258
153,172,202,0,26,19397
167,235,87,0,10,1947
167,198,198,1,10,2009
167,141,141,1,10,2033
167,56,56,1,10,1587
167,192,87,0,10,2046
167,161,77,0,26,9947
167,89,89,1,26,4616
167,183,183,1,14,4259
167,156,156,1,24,4897
167,67,75,0,14,4530
167,82,82,1,14,3878
167,120,120,1,24,4472
167,212,212,1,14,3783
167,150,150,1,16,3122
167,211,175,0,10,2690
167,197,77,0,10,2086
167,90,90,1,14,2631
167,107,107,1,26,2327
167,72,72,1,16,3049
167,174,174,1,16,2284
167,217,69,0,16,3023
167,86,86,1,24,3477
167,173,173,1,14,3858
167,199,199,1,24,6360
167,219,219,1,14,3862
167,104,104,1,10,3245
167,69,69,1,10,1489
167,130,130,1,10,2611
167,204,204,1,10,1580
167,210,210,1,10,4572
167,61,61,1,10,3983
167,68,68,1,10,2353
167,80,80,1,10,1456
153,90,90,1,10,3443
167,169,169,1,10,4509
153,58,58,1,10,5350
167,201,201,1,10,2695
167,160,160,1,10,1785
153,107,174,0,10,3486
167,128,128,1,10,1782
153,72,72,1,10,1739
153,174,174,1,10,2188
167,54,54,1,10,1862
153,217,219,0,10,2187
167,92,92,1,10,2498
167,220,220,1,10,1686
167,111,111,1,10,2194
153,86,130,0,26,9540
167,218,214,0,10,5701
153,173,104,0,14,2558
167,207,207,1,10,3991
153,199,199,1,14,2940
167,116,139,0,10,2859
153,219,219,1,14,4606
167,209,209,1,10,3880
167,119,168,0,10,2600
167,157,157,1,10,2934
167,193,193,1,24,6468
153,104,104,1,24,4458
167,123,123,1,24,5208
153,69,69,1,14,5494
167,100,100,1,14,7886
167,137,137,1,24,2835
167,214,214,1,24,3410
167,124,124,1,16,5597
153,130,130,1,16,2948
153,235,192,0,10,6981
153,198,198,1,26,9492
153,141,141,1,16,5167
153,56,56,1,16,3590
153,192,192,1,16,5290
153,161,77,0,26,10289
153,89,89,1,26,9602
153,183,183,1,26,7779
153,156,200,0,16,5941
153,67,75,0,14,5949
153,82,82,1,24,3647
153,120,120,1,24,2381
153,212,212,1,24,2408
153,150,75,0,14,4431
153,211,211,1,14,3415
153,197,197,1,24,5494
153,151,151,1,24,3447
153,222,200,0,14,7515
174,155,155,1,12,6133
174,109,109,1,10,3298
174,110,148,0,10,7430
174,194,194,1,24,3284
174,145,145,1,16,4118
174,108,108,1,16,7102
174,203,203,1,26,2409
174,115,115,1,10,2311
174,178,178,1,10,2545
174,190,190,1,10,2253
174,81,81,1,10,5558
174,234,234,1,10,5398
174,146,146,1,10,4057
174,216,216,1,10,3635
174,79,79,1,10,1945
174,188,220,0,10,7611
174,186,213,0,10,3113
174,182,182,1,26,4530
174,153,153,1,26,3383
174,195,195,1,16,3512
174,118,118,1,10,2995
174,112,112,1,10,9528
174,63,68,0,10,5589
174,121,121,1,10,4231
174,213,213,1,10,4947
174,117,177,0,10,5074
174,133,185,0,26,8285
174,83,83,1,24,3235
174,99,99,1,24,5011
174,126,126,1,24,2248
174,62,106,0,26,4375
174,171,65,0,24,3415
174,163,163,1,14,3154
179,155,155,1,22,7013
179,109,109,1,10,3202
179,110,110,1,10,5050
179,194,194,1,10,3698
179,145,145,1,10,2240
179,235,192,0,10,12555
179,198,198,1,16,6032
179,141,141,1,16,4309
179,56,56,1,26,3678
179,192,192,1,26,7954
179,161,98,0,10,4640
179,89,89,1,26,11634
179,183,76,0,16,6510
179,156,156,1,26,6810
179,67,67,1,16,5352
179,82,82,1,26,4196
179,120,120,1,26,2304
179,212,212,1,16,4505
179,150,162,0,10,3065
180,155,155,1,22,3058
180,109,109,1,10,3321
180,110,110,1,10,5713
180,121,121,1,10,3227
180,186,186,1,10,6745
180,145,145,1,10,2284
180,235,192,0,10,8449
180,198,56,0,10,6565
180,141,141,1,16,12238
180,56,56,1,16,4144
180,192,89,0,26,8603
180,161,75,0,24,6926
180,89,77,0,24,8516
180,183,57,0,12,11710
180,156,158,0,16,5117
180,67,75,0,24,5641
180,82,82,1,26,5089
180,120,120,1,26,3154
180,212,212,1,16,19846
180,150,150,1,10,3925
180,211,140,0,10,3778
180,197,122,0,10,26890
180,151,56,0,16,3011
180,222,200,0,14,5641
180,223,152,0,24,4302
180,76,57,0,16,4539
180,208,215,0,14,3347
182,155,155,1,12,8279
182,109,109,1,10,4327
182,110,110,1,10,10781
182,194,194,1,10,11071
182,195,195,1,10,3609
182,203,203,1,10,2938
182,108,108,1,10,4904
182,115,115,1,10,1671
182,190,190,1,10,2170
182,178,178,1,10,2320
182,188,188,1,10,10278
182,118,118,1,10,5472
182,186,186,1,10,16154
182,213,213,1,10,2976
182,112,112,1,10,10419
182,204,204,1,10,5094
182,210,210,1,10,6795
182,61,111,0,10,21243
182,182,182,1,10,2620
182,63,63,1,10,10717
182,121,121,1,10,2292
182,68,157,0,10,9372
182,80,80,1,10,2315
182,169,169,1,10,2779
182,201,201,1,10,4522
182,160,160,1,10,6417
167,81,81,1,10,2382
167,190,190,1,10,1450
167,178,178,1,10,1672
167,108,108,1,10,2100
167,234,78,0,10,9147
167,146,146,1,10,1804
167,79,79,1,10,1036
167,114,114,1,10,1447
167,93,93,1,10,1561
167,94,94,1,10,1176
167,143,143,1,10,6030
167,164,164,1,10,3183
167,179,179,1,10,1362
167,113,113,1,10,2145
167,165,165,1,10,1240
167,184,184,1,10,1427
167,206,206,1,10,1389
167,159,159,1,10,1000
167,147,147,1,10,4945
167,176,176,1,10,3323
167,205,205,1,10,1729
167,74,74,1,10,2070
167,191,191,1,10,1786
167,51,51,1,10,4511
167,70,70,1,10,4209
167,181,181,1,10,4248
167,88,88,1,10,2522
167,64,64,1,10,1698
167,154,154,1,10,2736
167,142,142,1,10,2208
167,196,196,1,10,2899
167,78,78,1,10,3258
167,117,117,1,10,3765
167,83,105,0,10,3775
167,133,133,1,10,1880
167,62,62,1,10,2171
167,171,171,1,10,2850
167,163,163,1,10,5299
167,105,83,0,10,2755
167,106,185,0,10,11647
167,132,132,1,24,3502
167,65,65,1,24,3410
167,177,177,1,24,10006
167,101,101,1,24,3685
167,185,185,1,14,4394
167,4,4,1,10,2594
167,8,8,1,10,1693
167,17,18,0,10,2751
167,9,6,0,10,2752
167,45,45,1,16,2826
167,38,22,0,16,4003
167,22,22,1,14,2447
167,41,41,1,14,1967
167,25,34,0,14,2626
167,20,20,1,24,5411
167,29,29,1,24,5755
167,40,15,0,14,5590
167,31,33,0,12,3248
167,43,43,1,22,4231
167,44,44,1,22,3350
167,34,35,0,24,6354
167,18,18,1,14,3499
167,32,32,1,24,4762
167,16,16,1,24,5835
186,155,-1,0,22,13127
186,109,112,0,22,5487
186,110,-1,0,12,15752
186,194,194,1,22,7811
186,108,108,1,12,8004
186,203,203,1,12,3686
186,115,115,1,14,4262
186,190,190,1,14,4452
186,81,81,1,14,4268
186,178,178,1,14,3634
186,234,234,1,24,31767
186,146,146,1,10,4400
186,216,66,0,10,4135
186,79,79,1,10,3013
186,66,66,1,10,3061
186,114,114,1,10,3767
186,94,94,1,10,2200
186,93,165,0,10,7745
186,143,143,1,10,5734
186,164,64,0,10,7815
186,179,179,1,16,7732
186,113,113,1,10,13881
186,165,165,1,26,5510
186,184,70,0,10,9538
149,213,213,1,10,3240
149,182,182,1,10,1937
149,115,115,1,10,2003
149,194,194,1,10,1989
149,203,203,1,10,1659
149,110,110,1,10,2379
149,109,109,1,10,1408
149,145,145,1,10,1818
149,63,63,1,10,2838
149,121,121,1,10,1862
149,153,153,1,10,2781
149,186,186,1,10,2554
149,60,60,1,10,1608
149,99,99,1,10,4361
149,216,216,1,10,2999
149,126,126,1,10,1302
149,58,58,1,10,7925
149,66,66,1,10,2902
149,80,80,1,10,1674
149,114,114,1,10,2095
149,93,93,1,10,2285
149,94,94,1,10,1512
149,169,54,0,10,4067
149,198,168,0,10,3270
149,107,107,1,16,6310
149,167,167,1,26,3664
149,165,165,1,10,3701
149,141,141,1,10,7551
149,184,184,1,10,1805
149,201,85,0,10,2852
149,159,159,1,10,2629
149,56,56,1,10,4146
149,176,176,1,10,2053
149,160,160,1,10,2759
149,192,197,0,10,3109
149,205,205,1,16,2901
149,161,197,0,26,4841
149,128,128,1,16,6670
149,89,89,1,26,5979
149,72,72,1,16,4268
149,202,90,0,10,4039
167,151,151,1,16,2347
167,222,71,0,10,5782
167,223,223,1,26,4514
167,76,76,1,16,5196
167,208,122,0,10,2841
167,162,197,0,16,7641
167,125,125,1,24,7836
167,87,87,1,24,3697
167,96,131,0,24,3449
167,158,158,1,24,5727
167,224,224,1,14,4357
167,180,180,1,24,2583
167,75,67,0,24,5773
167,85,85,1,14,1984
167,129,129,1,26,5324
167,131,131,1,26,5060
167,149,149,1,16,5890
167,57,57,1,16,2686
167,138,138,1,10,3360
167,200,200,1,26,4289
167,103,102,0,16,3420
190,155,155,1,22,5457
190,109,109,1,10,3618
190,110,110,1,10,11245
190,194,194,1,10,4751
190,145,145,1,10,4415
190,108,51,0,10,7188
190,203,203,1,16,4459
190,190,190,1,16,3949
190,178,178,1,10,2813
190,115,115,1,10,2785
190,81,81,1,10,6435
190,234,66,0,10,7889
190,146,146,1,10,2908
190,216,216,1,10,3140
190,79,79,1,10,2286
190,66,181,0,10,4025
190,114,114,1,16,2809
190,93,165,0,16,3629
190,94,94,1,14,3490
190,143,142,0,26,10175
190,164,164,1,24,6428
190,179,179,1,10,3999
190,113,113,1,10,2352
190,165,165,1,10,4691
190,184,184,1,10,2864
190,206,206,1,10,13393
190,159,159,1,10,2263
190,147,70,0,10,6273
190,176,176,1,26,3507
190,205,205,1,16,6177
190,74,51,0,26,10042
190,191,179,0,10,9713
190,51,51,1,26,2961
190,70,70,1,26,11951
190,181,181,1,10,4298
190,88,142,0,10,9611
190,64,64,1,26,5451
190,154,154,1,16,4831
190,142,142,1,10,4981
190,196,196,1,10,7547
190,78,66,0,10,14607
195,155,155,1,12,4439
195,109,109,1,10,4624
195,186,186,1,10,2498
195,115,115,1,10,2938
195,118,92,0,10,3765
195,63,109,0,16,7111
195,203,203,1,14,3121
195,182,182,1,16,4295
195,194,194,1,16,4052
195,153,153,1,16,2945
195,188,188,1,16,8995
195,145,145,1,26,6587
195,110,110,1,16,5099
195,112,112,1,26,11453
195,195,195,1,10,2388
195,213,213,1,10,2442
195,121,121,1,10,3048
195,60,60,1,10,1666
195,99,99,1,10,3412
195,216,216,1,10,5582
195,126,126,1,10,2166
195,58,58,1,10,9553
195,66,142,0,10,2884
195,80,80,1,10,3461
195,114,114,1,10,3375
195,93,165,0,10,5543
195,94,94,1,16,3234
180,162,198,0,24,43026197
180,180,125,0,10,8351
180,178,178,1,26,3058
180,115,115,1,16,3333
180,146,146,1,16,3029
180,108,108,1,10,7209
180,203,203,1,10,3769
180,94,94,1,10,2164
180,114,114,1,10,4194
180,179,179,1,10,8577
180,113,113,1,10,23266
180,216,216,1,10,14753
180,190,190,1,10,2845
180,194,194,1,10,4075
180,176,176,1,10,2982
180,79,79,1,10,2328
180,205,205,1,10,6603
180,165,165,1,10,2163
180,184,184,1,10,2761
180,81,81,1,10,8320
180,159,159,1,10,1528
180,206,191,0,10,3376
180,88,142,0,10,5173
180,142,142,1,26,5075
180,143,143,1,16,4530
180,66,66,1,16,6199
180,191,191,1,10,3967
180,64,64,1,10,6306
180,164,164,1,10,2802
180,93,93,1,10,4076
180,181,181,1,10,2903
180,74,74,1,10,2179
180,51,51,1,10,3967
180,70,70,1,10,9812
180,154,154,1,10,3126
180,196,196,1,10,5114
180,78,78,1,10,2278
180,147,147,1,10,10929
180,234,234,1,10,4185
180,213,213,1,10,4069
180,204,204,1,10,6382
180,182,182,1,10,2962
180,80,80,1,10,3299
180,160,68,0,10,5851
126,146,146,1,16,4557
126,94,94,1,26,5824
126,114,114,1,26,11223
126,179,179,1,16,5635
126,113,113,1,16,3432
126,216,154,0,10,11124
126,176,146,0,26,9804
126,79,79,1,14,2778
126,205,205,1,26,7193
126,165,165,1,26,5904
126,184,78,0,26,7203
126,159,159,1,14,3903
126,206,206,1,24,7280
126,88,143,0,10,6194
126,142,143,0,10,2963
126,143,143,1,14,3314
126,66,66,1,24,8585
126,191,179,0,10,5447
126,64,164,0,10,6453
126,164,164,1,16,8666
126,93,165,0,16,2869
126,181,74,0,24,22025
126,74,74,1,14,7038
126,51,51,1,26,18601
126,70,70,1,16,6681
167,167,167,1,10,2315
167,152,175,0,10,7315
167,98,98,1,26,9036
167,175,175,1,16,4610
167,71,71,1,16,4280
167,148,148,1,26,3793
167,172,172,1,16,3207
167,77,77,1,10,4366
167,168,168,1,10,2541
167,102,98,0,10,5440
167,187,98,0,10,4399
167,136,218,0,26,12791
167,202,202,1,14,6324
167,215,215,1,14,5841
167,122,122,1,24,4969
203,213,213,1,12,5199
203,115,115,1,10,5240
203,60,60,1,10,1715
203,99,99,1,10,2704
203,126,126,1,10,1806
203,203,203,1,10,2595
203,94,94,1,10,2114
203,182,182,1,10,1508
203,80,80,1,10,2264
203,114,114,1,10,2543
203,145,145,1,10,2329
203,195,195,1,10,1642
203,216,216,1,10,2862
203,153,153,1,10,2429
203,167,167,1,10,3454
203,194,194,1,10,2336
203,121,121,1,10,4463
203,176,176,1,10,2978
203,205,205,1,10,3721
203,160,160,1,10,8246
203,120,120,1,10,2274
203,165,165,1,10,1932
203,184,184,1,10,4456
203,155,155,1,10,5680
203,212,141,0,10,6594
206,213,213,1,22,3855
206,115,115,1,12,5408
206,60,60,1,22,3305
206,99,99,1,10,4538
206,126,126,1,10,7476
206,203,203,1,10,3847
206,94,94,1,10,2447
206,182,182,1,10,5102
206,80,80,1,10,2343
206,114,114,1,10,11793
206,145,145,1,10,4493
206,195,195,1,10,2512
206,216,216,1,10,8825
206,153,153,1,10,3870
206,167,167,1,10,7325
206,194,194,1,10,5075
206,121,188,0,10,6952
206,176,176,1,10,3068
206,205,93,0,10,3489
206,160,160,1,26,21965
206,120,120,1,10,8516
206,165,165,1,10,3070
206,184,184,1,10,9870
206,155,128,0,10,19050
206,212,141,0,10,3630
206,159,159,1,16,4497
206,118,118,1,26,6216
206,72,72,1,16,4226
206,56,56,1,10,15239
206,107,174,0,10,7202
206,109,109,1,26,4652
206,58,58,1,26,4941
206,188,188,1,10,3173
206,66,66,1,10,6355
206,128,128,1,10,2910
206,169,214,0,10,38898
206,111,111,1,10,9798
206,93,93,1,10,2876
206,54,218,0,10,11210
206,181,181,1,10,4385
206,82,89,0,10,6384
206,89,89,1,26,6350
206,92,92,1,26,8695
206,220,220,1,26,7836
206,87,192,0,24,7644
206,112,112,1,14,3925
206,186,186,1,14,6171
206,174,174,1,16,6088
206,129,197,0,16,11775
206,125,162,0,10,14757
206,104,199,0,16,46876
206,110,92,0,10,4410
206,209,148,0,10,3408
206,192,192,1,26,6073
206,207,136,0,16,5457
206,217,217,1,24,6516
206,86,86,1,24,3222
206,201,82,0,16,10025
206,85,85,1,10,2611
206,131,82,0,10,2923
206,219,219,1,16,3760
206,149,156,0,16,3539
206,141,212,0,24,8736
206,57,57,1,24,9575
206,137,71,0,24,11039
213,213,213,1,22,7667
213,115,115,1,10,5571
213,60,60,1,10,3073
213,99,99,1,10,3706
213,126,126,1,10,3238
213,178,178,1,10,2878
213,146,146,1,10,5621
213,108,108,1,10,3061
213,203,203,1,10,1904
213,94,94,1,10,1619
213,114,114,1,10,2663
213,179,179,1,10,2614
213,113,113,1,10,1979
213,216,216,1,10,1724
213,190,190,1,10,1694
213,194,194,1,10,2842
213,176,176,1,10,2066
213,79,79,1,10,1497
213,205,205,1,10,3790
213,165,93,0,10,3692
213,167,167,1,10,2229
213,166,166,1,10,5522
213,91,91,1,10,5129
213,172,172,1,10,2268
213,145,145,1,26,14669
213,120,120,1,26,4497
213,212,212,1,16,9870
213,56,56,1,26,9957
213,180,96,0,10,4722
213,138,200,0,26,25450
213,82,82,1,24,3344
213,89,89,1,14,3710
213,87,192,0,24,6769
214,213,213,1,22,15819
214,115,115,1,10,12839
214,60,60,1,10,1591
214,99,99,1,10,1560
214,126,126,1,10,1217
214,178,178,1,10,2309
214,146,146,1,10,1934
214,108,108,1,10,3354
214,203,203,1,10,1264
214,94,94,1,10,1045
214,114,114,1,10,3230
214,179,179,1,10,2948
214,113,113,1,10,1435
214,216,216,1,10,1779
214,190,190,1,10,5678
214,194,194,1,10,1123
214,176,176,1,10,1046
214,79,79,1,10,1263
214,205,205,1,10,1077
214,165,165,1,10,1216
214,184,184,1,10,2621
214,81,81,1,10,2074
214,159,159,1,10,1108
214,206,206,1,10,1482
214,88,88,1,10,2480
214,142,142,1,10,2590
214,143,143,1,10,1092
214,66,66,1,10,1373
214,191,191,1,10,2699
214,64,164,0,10,2059
214,164,164,1,10,2247
214,93,93,1,10,1981
214,181,181,1,10,1841
214,182,182,1,10,1248
214,80,80,1,10,1341
214,145,145,1,10,1841
214,195,195,1,10,3526
214,153,153,1,10,1341
214,167,110,0,10,15487
214,121,121,1,10,3370
214,160,136,0,10,4040
214,120,120,1,16,4509
214,155,155,1,16,2745
214,212,212,1,16,3198
214,118,118,1,26,4758
214,72,72,1,16,1740
214,56,56,1,26,4555
214,107,107,1,16,2980
214,109,109,1,26,3323
214,58,58,1,10,4696
214,188,188,1,10,2184
214,128,128,1,10,2184
214,169,214,0,10,7753
214,111,112,0,10,1887
214,54,169,0,26,5320
214,82,122,0,24,6536
225,213,213,1,22,3306
225,203,203,1,10,2842
225,126,126,1,10,2339
225,115,115,1,10,1923
225,94,94,1,10,1882
225,145,145,1,10,3187
225,195,195,1,10,1758
225,80,80,1,10,2696
225,60,60,1,10,2329
225,99,99,1,10,1552
225,182,182,1,10,1837
225,121,121,1,10,3619
225,194,194,1,10,2201
225,153,153,1,10,2307
225,167,110,0,10,5004
225,120,120,1,10,2076
225,114,114,1,10,3288
225,205,205,1,10,2291
225,216,216,1,10,3587
225,184,184,1,10,3698
225,159,159,1,10,2394
225,155,207,0,10,6614
225,72,72,1,26,3195
225,118,118,1,16,4562
225,176,176,1,10,16531
225,107,107,1,10,3483
225,165,165,1,10,1267
225,58,58,1,10,5050
225,109,109,1,10,1746
225,188,188,1,10,2126
225,160,136,0,10,3960
225,128,128,1,10,5726
225,56,56,1,10,2969
225,66,181,0,10,3863
225,92,92,1,16,5008
225,212,151,0,16,4426
225,181,181,1,16,3529
225,209,209,1,14,5002
225,112,214,0,24,8994
225,220,220,1,24,4321
225,186,186,1,14,2321
225,93,93,1,16,3847
225,192,168,0,10,5254
225,169,169,1,26,9217
225,110,110,1,10,4098
225,82,222,0,10,3062
225,201,201,1,26,5306
225,89,162,0,10,2556
225,223,152,0,26,3933
225,111,111,1,24,5033
225,125,125,1,24,3307
225,57,57,1,16,4491
225,54,169,0,26,12462
225,85,141,0,10,4226
225,151,151,1,26,6520
225,75,189,0,10,7524
225,119,119,1,16,6297
225,207,136,0,26,8859
225,124,124,1,14,3424
225,175,137,0,24,6749
225,197,197,1,14,4289
225,148,172,0,24,4961
225,86,130,0,24,8275
225,158,158,1,24,4587
225,217,130,0,16,4243
225,219,58,0,10,5903
225,71,156,0,16,3690
225,174,69,0,24,3362
225,141,141,1,14,7041
225,157,63,0,14,4172
225,208,208,1,14,6593
225,87,87,1,24,5195
225,199,104,0,16,9339
225,130,219,0,14,6092
225,96,96,1,14,3752
225,198,87,0,14,6613
225,152,187,0,14,5315
225,214,214,1,22,3130
225,131,131,1,22,3466
225,129,129,1,22,6387
225,137,94,0,10,4814
225,173,130,0,10,9717
225,150,212,0,16,4397
225,98,98,1,24,5721
225,168,168,1,24,2778
225,224,224,1,24,5098
225,162,162,1,24,9978
225,161,96,0,10,7718
225,149,220,0,10,5636
225,172,172,1,14,3586
225,63,124,0,10,5620
225,104,171,0,10,4388
225,202,172,0,16,5010
225,77,77,1,24,3178
225,222,224,0,14,2283
225,218,214,0,24,10035
225,69,69,1,14,4561
225,102,183,0,10,11917
225,156,189,0,10,3909
225,187,152,0,16,9706
225,136,136,1,14,5139
225,215,215,1,14,5252
225,163,163,1,24,3252
225,106,106,1,14,10041
225,122,57,0,24,8050
229,145,145,1,12,3792
229,120,120,1,10,3463
229,56,56,1,10,3742
229,212,212,1,10,3131
229,192,192,1,10,5209
229,82,162,0,10,10489
229,89,89,1,16,6118
229,223,152,0,16,5596
229,125,125,1,16,5519
229,57,96,0,26,20477
229,85,85,1,14,5227
229,151,151,1,10,5177
229,75,71,0,10,7126
229,76,131,0,26,16289
229,146,146,1,24,23616
229,203,203,1,24,5574
229,115,115,1,26,8484
229,108,108,1,16,3769
229,94,94,1,26,9489
229,178,178,1,26,4360
229,194,194,1,26,4900
229,179,179,1,16,3572
229,113,113,1,10,7847
229,190,190,1,10,5379
229,114,114,1,10,3103
229,81,81,1,10,7506
229,205,165,0,10,2790
229,216,216,1,10,6864
229,184,184,1,10,3253
229,159,159,1,10,2654
229,79,165,0,10,14187
229,176,176,1,10,2163
229,206,191,0,10,2107
229,165,165,1,26,8372
229,143,142,0,16,4775
229,142,142,1,14,15990
229,66,66,1,16,4533
229,164,164,1,26,6540
229,191,191,1,24,37541
229,88,66,0,16,4583
229,181,181,1,24,10208
229,51,51,1,14,6343
229,74,70,0,26,10759
229,70,-1,0,14,5783
229,93,93,1,14,10443
229,154,154,1,24,7872
229,64,64,1,24,6090
229,196,196,1,26,10856
229,147,147,1,14,3884
229,78,196,0,14,5641
229,234,234,1,24,5676
195,167,167,1,10,26098
195,120,120,1,10,6691
195,205,205,1,10,17548
195,184,184,1,10,4030
195,159,159,1,10,3610
195,72,72,1,10,2744
195,176,176,1,10,5890
195,107,174,0,10,5912
195,165,165,1,10,3738
195,160,160,1,10,4890
195,128,214,0,10,3502
195,56,56,1,26,18633
195,92,92,1,16,9184
225,76,76,1,26,6524
225,67,67,1,16,6433
225,84,183,0,10,4131
225,200,200,1,16,7614
225,211,211,1,16,4310
225,140,189,0,26,13372
225,189,189,1,14,3669
225,103,103,1,24,4242
225,138,138,1,26,7970
225,183,76,0,16,2738
225,97,97,1,24,3454
225,235,235,1,16,2921
225,180,180,1,26,5465
235,213,213,1,22,4211
235,203,203,1,10,2974
235,126,126,1,10,1752
235,115,115,1,10,1894
235,94,94,1,10,2165
235,146,146,1,10,4458
235,108,191,0,10,2049
235,178,178,1,10,3304
235,194,194,1,10,1245
235,179,179,1,10,2213
235,113,113,1,10,3703
235,190,190,1,10,1619
235,114,114,1,10,1719
235,81,81,1,10,4228
235,205,205,1,10,1711
235,216,216,1,10,3952
235,184,184,1,10,4846
235,159,159,1,10,1440
235,79,79,1,10,1045
235,176,176,1,10,1220
235,206,206,1,10,4434
235,165,165,1,10,4587
235,143,93,0,10,10417
235,142,88,0,10,2552
235,66,66,1,26,5949
235,164,164,1,26,3164
235,191,191,1,26,5409
235,88,143,0,26,7450
67,146,146,1,16,17141
67,203,203,1,10,6468
67,115,115,1,10,2034
67,108,108,1,10,10202
67,94,94,1,10,2956
67,178,178,1,10,2229
67,194,194,1,10,3055
67,179,179,1,10,4274
67,113,113,1,10,2058
67,190,190,1,10,3922
67,114,114,1,10,2823
67,81,81,1,10,10593
67,205,88,0,10,12113
67,216,216,1,10,8449
67,184,184,1,10,2136
67,79,79,1,10,1885
67,176,176,1,10,1249
67,206,206,1,10,7443
67,165,165,1,10,1340
67,143,143,1,10,6983
67,142,142,1,10,2317
67,66,66,1,10,2776
67,164,164,1,10,5446
67,191,206,0,10,3763
67,88,88,1,10,3204
67,181,181,1,10,21394
67,51,74,0,10,18840
67,74,74,1,10,6169
67,70,146,0,10,9781
67,93,93,1,10,5321
67,154,154,1,10,3081
67,64,64,1,10,3010
67,196,78,0,10,10319
67,147,147,1,16,3628
67,78,78,1,26,5760
67,234,234,1,26,21525
238,213,213,1,12,5400
238,203,203,1,10,1963
238,126,126,1,10,1897
238,115,115,1,10,2224
238,94,94,1,10,1928
238,145,145,1,10,4167
238,195,195,1,10,1343
238,80,80,1,10,1818
238,60,60,1,10,1254
238,99,99,1,10,3787
238,182,182,1,10,2115
238,121,110,0,10,5931
238,194,194,1,10,2369
238,153,153,1,10,1898
238,167,167,1,10,2610
238,120,120,1,10,1659
238,114,114,1,10,2632
238,205,93,0,10,3500
238,216,216,1,26,4457
238,184,184,1,16,4939
238,159,159,1,26,5179
238,155,155,1,26,12410
238,72,72,1,10,1971
238,118,92,0,10,5120
238,107,107,1,10,2924
238,176,176,1,10,2042
238,165,165,1,10,5204
238,58,69,0,10,3022
240,213,213,1,22,5076
240,203,203,1,12,5769
240,126,126,1,10,2783
240,115,115,1,10,5941
240,94,94,1,10,1909
240,204,204,1,10,5539
240,80,80,1,10,2053
240,182,182,1,10,1453
240,121,124,0,10,13704
240,155,155,1,10,2137
240,118,118,1,10,2349
240,109,109,1,10,1642
240,188,188,1,10,6041
240,160,160,1,10,5225
240,128,128,1,10,5173
240,92,92,1,10,3499
240,210,148,0,10,3585
240,193,127,0,10,21668
240,209,157,0,10,4366
240,100,100,1,14,10537
68,146,146,1,10,2898
68,203,203,1,10,1589
68,108,108,1,10,4930
68,94,94,1,10,1527
68,178,178,1,10,3527
68,194,194,1,10,1393
68,179,179,1,10,2856
68,81,81,1,10,3985
68,205,205,1,10,3971
68,159,159,1,10,1441
68,79,79,1,10,2311
68,165,165,1,10,1352
68,143,88,0,10,1859
68,142,88,0,10,2093
68,66,66,1,26,8826
68,88,88,1,16,3344
68,181,181,1,16,2640
68,51,196,0,26,10732
68,74,74,1,24,6359
68,70,70,1,14,7700
68,93,93,1,24,2291
68,154,154,1,24,19685
68,64,164,0,10,4985
68,196,196,1,26,8181
68,147,147,1,26,5239
68,78,78,1,26,4826
68,234,234,1,16,3810
68,60,60,1,10,3270
68,167,167,1,10,1759
68,91,202,0,10,3713
68,166,172,0,10,2458
68,172,172,1,10,3517
68,202,202,1,24,3985
68,204,204,1,26,5816
68,213,213,1,26,6465
68,80,80,1,26,2602
68,182,182,1,26,1643
68,121,121,1,10,3111
68,155,155,1,10,2102
68,118,118,1,10,9085
68,109,109,1,10,1689
68,188,188,1,10,2079
68,160,169,0,10,8075
68,128,128,1,10,1842
68,92,92,1,10,4328
68,210,148,0,10,9964
68,193,186,0,26,7545
68,209,209,1,16,8311
68,100,100,1,14,8612
68,112,112,1,14,3342
68,220,220,1,14,2781
68,186,186,1,24,3987
68,169,128,0,16,24889
68,68,148,0,10,5918
68,110,110,1,10,3575
68,201,111,0,10,7771
68,123,123,1,26,6717
68,111,54,0,10,3641
68,54,54,1,10,2045
68,119,119,1,10,2437
68,207,218,0,10,5265
68,124,124,1,26,17285
68,148,148,1,16,10328
68,157,-1,0,10,7811
68,214,218,0,10,9168
68,59,61,0,26,7722
68,137,209,0,14,4352
68,61,214,0,14,3648
68,168,168,1,22,5188
225,146,146,1,10,4622
225,108,74,0,10,8111
225,178,178,1,10,1894
225,179,179,1,10,1577
225,113,113,1,10,1513
225,190,190,1,10,1556
225,81,81,1,10,1385
225,79,79,1,10,1347
225,206,206,1,10,1528
225,143,143,1,10,2546
225,142,142,1,10,1642
225,164,164,1,10,3066
225,191,154,0,10,16238
225,88,88,1,10,2130
225,51,70,0,10,3861
225,74,74,1,16,3143
225,70,196,0,26,21535
225,154,154,1,14,3370
225,64,64,1,24,2473
225,196,196,1,10,3090
225,147,234,0,10,13298
225,78,196,0,16,8299
225,234,234,1,14,3279
243,146,146,1,12,2858
243,203,203,1,12,6533
243,115,115,1,10,4038
243,108,108,1,10,4354
243,94,94,1,10,2389
243,178,216,0,10,11496
243,194,194,1,16,4457
243,179,179,1,10,5953
243,113,113,1,10,2362
243,190,190,1,10,4170
243,114,114,1,10,2271
243,81,81,1,10,2948
243,205,205,1,10,2013
243,216,216,1,10,7261
243,184,184,1,10,4048
243,159,159,1,10,1911
243,79,79,1,10,1720
243,176,176,1,10,1745
243,206,181,0,10,7252
243,165,165,1,10,1464
243,143,143,1,10,7482
243,142,142,1,16,2553
243,66,181,0,26,10212
243,164,164,1,24,5383
243,191,191,1,10,5302
243,88,88,1,10,2992
243,181,66,0,10,2336
243,51,51,1,10,7293
243,74,74,1,10,6308
243,70,70,1,10,2591
243,93,93,1,10,2008
243,154,234,0,10,4948
243,64,64,1,26,3394
243,196,196,1,26,6349
243,147,147,1,16,7315
243,78,78,1,16,4458
243,234,234,1,26,9548
245,213,213,1,12,2576
245,203,203,1,10,2096
245,126,126,1,10,1510
245,115,115,1,10,2090
245,94,94,1,10,1482
245,145,145,1,10,1880
245,195,195,1,10,1510
245,80,80,1,10,1474
245,60,60,1,10,1643
245,99,99,1,10,1598
245,182,182,1,10,1481
245,121,121,1,10,1716
245,194,194,1,10,2081
245,153,153,1,10,1848
245,167,167,1,10,1787
245,120,120,1,10,1276
245,114,114,1,10,1917
245,205,205,1,10,2847
245,216,216,1,10,1570
245,184,184,1,10,2734
245,159,159,1,10,2060
245,155,155,1,10,1661
245,72,72,1,10,1705
245,118,118,1,10,1701
245,176,176,1,10,1556
245,107,107,1,10,1760
245,165,165,1,10,1661
245,58,58,1,10,1536
245,109,109,1,10,1652
245,188,188,1,10,1637
245,160,160,1,10,2264
245,128,128,1,10,1922
245,56,56,1,10,1748
245,66,66,1,10,1981
245,92,92,1,10,2266
245,212,212,1,10,2444
245,181,181,1,10,2372
245,209,209,1,10,3538
245,112,112,1,10,1551
245,220,220,1,10,1838
245,186,186,1,10,1582
245,93,93,1,10,1713
245,192,192,1,10,1542
245,169,169,1,10,1959
245,110,110,1,10,2427
245,82,82,1,10,2430
245,201,201,1,10,4608
245,89,89,1,10,2010
245,223,223,1,10,2813
245,111,111,1,10,1900
245,125,125,1,10,2811
245,57,57,1,10,1426
245,54,54,1,10,2504
245,85,85,1,10,1420
245,151,151,1,10,1763
245,75,75,1,10,1824
245,119,119,1,10,3171
245,207,207,1,10,7883
245,124,124,1,10,2105
245,175,175,1,10,6436
245,197,197,1,10,2474
245,148,148,1,10,4576
245,86,86,1,10,2128
245,158,158,1,10,1843
245,217,217,1,10,1833
245,219,219,1,10,1814
245,71,71,1,10,1824
245,174,174,1,10,1639
245,141,141,1,10,1385
245,157,157,1,10,2046
245,208,208,1,10,2395
245,87,87,1,10,1790
245,199,199,1,10,2249
245,130,130,1,10,1661
245,96,96,1,10,2241
245,198,198,1,10,1487
245,152,152,1,10,2600
245,214,214,1,10,3019
245,131,96,0,10,2352
259,146,79,0,22,102834
259,203,203,1,22,3382
259,115,115,1,12,4220
259,108,108,1,24,7008
259,94,94,1,26,8034
259,178,178,1,26,2971
259,194,194,1,16,4165
259,179,176,0,10,4219
259,113,113,1,26,4685
259,190,190,1,26,2512856
262,213,213,1,12,6949
262,203,203,1,12,3151
262,126,126,1,10,7016
262,115,115,1,10,4983
262,94,94,1,10,2130
263,213,213,1,12,36869
263,203,203,1,12,2112
263,126,126,1,10,1823
263,115,115,1,10,2942
263,94,94,1,10,1778
263,145,145,1,10,3973
263,195,195,1,10,1825
263,80,80,1,10,1733
263,60,60,1,10,1556
263,99,99,1,10,1860
263,182,182,1,10,2773
263,121,121,1,10,4057
263,194,194,1,10,3619
262,145,145,1,10,1702
263,153,153,1,10,1937
262,120,120,1,10,1415
263,167,167,1,10,2103
262,56,56,1,10,3687
263,120,120,1,10,1986
262,212,212,1,10,1533
263,114,114,1,10,2008
263,205,205,1,10,2869
262,192,192,1,10,4574
263,216,216,1,10,2168
262,82,82,1,10,2115
263,184,184,1,10,2182
262,89,129,0,10,6127
263,159,159,1,10,2996
263,155,155,1,10,4037
263,72,72,1,10,1744
262,223,151,0,10,3107
263,118,118,1,10,2105
262,125,125,1,26,18766
262,57,57,1,26,3942
263,176,176,1,10,2916
263,107,107,1,10,4159
262,85,85,1,26,4282
262,151,151,1,26,6698
263,165,165,1,10,1911
262,75,98,0,26,7288
262,76,76,1,10,8177
262,175,140,0,10,2246
262,197,197,1,10,2932
262,158,-1,0,10,9451
262,71,224,0,16,3901
262,141,141,1,24,3237
262,208,208,1,14,3386
262,87,87,1,14,3848
262,96,96,1,24,10460
262,67,67,1,14,3137
262,198,84,0,14,8685
262,152,152,1,10,5988
262,131,131,1,10,2848
262,129,129,1,10,6002
262,84,84,1,10,1728
262,150,150,1,10,5602
262,98,98,1,10,2118
262,146,146,1,10,2952
262,108,108,1,10,2144
262,178,178,1,10,1851
262,194,194,1,10,1568
262,179,190,0,10,1774
262,113,194,0,10,2684
262,190,190,1,16,3021
262,114,114,1,26,3321
262,81,81,1,16,3726
262,205,205,1,16,6419
266,213,111,0,22,11426
266,146,146,1,12,2955
266,203,206,0,12,1842
266,115,206,0,22,4146
266,108,216,0,12,1210
266,94,-1,0,12,5139
266,178,94,0,12,3144
266,194,194,1,22,4665
266,179,191,0,12,2209
266,113,142,0,22,3874
266,190,190,1,12,4473
266,114,114,1,22,8522
266,81,81,1,12,9553
266,205,205,1,12,27954
266,216,216,1,24,10587
266,184,184,1,12,3001
266,159,159,1,22,2691
266,79,79,1,12,3267
266,176,176,1,22,5372
266,206,94,0,10,6305
266,165,165,1,16,5575
266,143,142,0,16,4374
272,146,146,1,22,7521
272,203,203,1,10,2754
272,115,115,1,10,1765
272,108,108,1,10,2176
272,94,94,1,10,1146
272,178,178,1,10,1618
272,194,194,1,10,1284
272,179,179,1,10,1591
272,113,113,1,10,2034
272,190,190,1,10,1746
272,114,114,1,10,2602
272,81,81,1,10,1691
272,205,205,1,10,2595
272,216,216,1,10,8244
272,184,184,1,10,1715
272,159,159,1,10,1137
272,79,79,1,10,1226
272,176,176,1,10,897
272,206,206,1,10,2372
272,165,165,1,10,1971
272,143,143,1,10,3156
272,142,142,1,10,1043
272,66,66,1,10,1195
272,164,164,1,10,1920
272,191,191,1,10,4731
272,88,88,1,10,1666
272,181,74,0,10,4937
272,51,51,1,10,5025
272,74,181,0,10,2307
272,70,196,0,16,4843
272,93,93,1,10,1530
272,154,154,1,10,2812
272,64,64,1,10,1746
272,196,196,1,10,6260
272,147,147,1,10,2170
272,78,234,0,10,4445
272,234,78,0,10,1393
272,90,90,1,10,3349
272,72,72,1,10,1374
272,107,107,1,10,1306
272,58,58,1,10,1036
272,86,86,1,10,2381
272,219,130,0,10,4460
272,217,217,1,10,2184
272,174,174,1,10,3236
272,173,173,1,10,2457
272,130,130,1,10,1850
272,199,199,1,10,15813
272,104,104,1,10,1171
272,69,-1,0,10,10909
272,145,145,1,24,2608
272,120,120,1,24,1804
272,56,56,1,24,4356
272,212,212,1,14,4808
272,192,192,1,14,1817
272,82,82,1,24,3132
272,89,89,1,14,4225
272,223,223,1,14,4219
272,125,125,1,26,10484
272,57,57,1,26,10626
272,85,85,1,10,1283
272,151,151,1,10,4922
272,75,98,0,10,32320
272,76,189,0,10,4881
272,175,175,1,26,6847
272,197,197,1,26,4657
272,158,158,1,26,5559
272,71,200,0,16,5520
272,141,141,1,24,3388
272,208,208,1,24,5039
272,87,87,1,14,6139
272,96,96,1,14,4051
272,67,67,1,24,3706
272,198,198,1,10,2625
272,152,150,0,10,1444
272,131,197,0,10,4674
272,129,129,1,16,2234
272,84,84,1,26,4729
272,150,77,0,16,2083
272,98,98,1,14,5752
272,224,224,1,14,10857
272,162,162,1,14,2888
272,161,161,1,14,1116
272,200,-1,0,26,6427
272,152,152,1,16,2147483647
272,149,149,1,16,4391
272,77,77,1,10,5627
272,222,156,0,10,10029
272,102,140,0,10,10218
272,211,67,0,26,4969
272,156,156,1,24,4613
272,187,187,1,24,50316
272,140,103,0,24,7896
272,215,215,1,12,4248
272,189,189,1,14,4035
272,103,103,1,24,4233
272,213,213,1,10,4058
272,126,126,1,10,2018
272,195,195,1,10,1238
272,80,80,1,10,4403
272,60,60,1,10,1375
272,99,99,1,10,1863
272,182,182,1,10,1449
272,121,121,1,10,28072
272,153,153,1,10,2571
272,167,167,1,10,5866
272,155,155,1,10,3483
272,118,118,1,10,5192
272,109,109,1,10,1830
272,188,188,1,10,1855
272,160,136,0,10,2988
272,128,218,0,10,5292
272,92,92,1,26,7319
272,209,209,1,16,4250
272,112,111,0,10,9036
272,220,157,0,10,9572
272,186,186,1,26,2539
272,169,63,0,26,5088
272,110,110,1,24,2732
272,201,201,1,16,7408
272,111,111,1,26,4803
272,54,54,1,10,12502
272,119,119,1,10,2147
272,207,214,0,10,3907
272,124,208,0,10,12203
272,148,157,0,14,7743
272,157,63,0,14,6435
272,214,218,0,24,9841
272,137,137,1,24,5281
272,168,168,1,10,2265
272,172,110,0,10,3187
272,63,63,1,16,2528
273,213,213,1,12,4367
273,203,203,1,10,5859
273,126,126,1,10,3208
273,115,115,1,10,3289
273,94,94,1,10,2539
273,195,195,1,10,1474
273,99,99,1,10,1739
273,153,153,1,10,2711
273,133,133,1,10,1941
273,171,106,0,10,1788
273,62,62,1,10,4164
273,65,106,0,10,2957
273,83,132,0,10,3691
273,163,132,0,10,2400
273,185,185,1,10,2242
273,4,8,0,14,3513
273,8,8,1,22,4925
273,41,41,1,12,4707
273,29,2,0,12,4791
273,45,36,0,12,3436
273,44,44,1,22,4053
273,32,32,1,22,3079
273,18,10,0,12,3125
273,16,22,0,22,3460
273,31,31,1,22,2828
273,145,145,1,10,2971
273,90,90,1,10,5397
273,72,72,1,10,1542
273,72,72,1,10,2147483647
273,58,58,1,10,1859
273,107,107,1,10,1402
273,86,86,1,10,11657
273,217,69,0,10,4434
273,219,69,0,10,4512
273,174,174,1,16,4338
273,199,199,1,16,3890
273,130,86,0,16,4237
273,173,173,1,24,3811
273,104,104,1,14,9306
273,69,69,1,24,5324
273,80,80,1,10,1991
273,60,60,1,10,1394
273,182,182,1,10,1278
273,121,220,0,10,8060
273,194,194,1,10,3058
273,146,181,0,10,6270
273,108,108,1,16,3586
273,178,178,1,26,3707
273,179,179,1,16,2496
273,113,113,1,26,3674
273,190,190,1,16,2250
273,114,114,1,26,3627
273,81,81,1,16,2970
273,205,205,1,10,1709
273,216,181,0,10,4670
273,184,184,1,26,2116
273,159,159,1,10,1644
273,79,79,1,10,2186
273,176,176,1,10,1821
273,206,206,1,10,1728
273,165,165,1,10,2321
273,143,143,1,10,3533
273,142,142,1,16,3480
273,66,66,1,16,6970
273,164,164,1,16,3360
273,101,163,0,10,5031
273,106,106,1,16,16314
273,117,117,1,26,53076
273,167,167,1,14,3842
273,120,120,1,14,4056
273,155,160,0,24,3996
273,118,118,1,14,2274
273,109,109,1,26,6276
273,188,188,1,10,2914
273,160,160,1,10,3779
273,128,218,0,10,3072
273,56,214,0,10,1901
273,92,92,1,16,3721
273,212,161,0,26,16021
273,181,181,1,14,4033
273,209,209,1,14,7506
273,112,112,1,24,5155
259,114,114,1,10,2288
259,81,93,0,10,4394
259,205,205,1,10,2731
259,216,216,1,10,2128
259,184,184,1,10,3746
259,159,159,1,10,4001
259,79,79,1,10,1198
259,176,176,1,10,1190
259,206,205,0,10,3942
259,165,205,0,16,10019
259,143,143,1,14,5043
259,142,142,1,14,2806
259,66,181,0,26,6350
259,164,164,1,14,6964
259,191,191,1,10,5894
259,88,-1,0,10,2830
259,181,181,1,10,8635
259,51,78,0,10,3538
259,74,51,0,16,5646
259,70,70,1,26,3544
259,93,93,1,14,3420
259,154,154,1,24,6456
259,64,64,1,14,5820
259,196,191,0,14,7298
259,147,147,1,14,4924
259,78,78,1,26,5285
259,234,234,1,26,3871
277,213,213,1,12,4506
277,203,203,1,22,6695
277,126,126,1,10,2704
277,115,115,1,10,3117
277,94,94,1,10,2160
277,145,145,1,10,4041
277,195,195,1,10,2248
277,80,80,1,10,2179
277,60,60,1,10,1824
277,99,99,1,10,4482
277,146,146,1,10,5908
277,108,108,1,10,2562
277,178,178,1,10,1981
277,194,194,1,10,2295
277,113,113,1,10,1724
277,179,179,1,10,3031
277,190,190,1,10,2019
277,114,114,1,10,2019
277,81,81,1,10,2882
277,205,205,1,10,3987
277,216,66,0,10,3571
277,184,184,1,10,3081
277,159,159,1,10,1772
277,79,79,1,10,1638
277,176,176,1,10,2683
277,206,206,1,10,2117
277,165,165,1,10,2640
277,143,66,0,10,4371
277,142,142,1,26,6165
277,66,88,0,10,7337
277,164,164,1,16,3553
281,213,213,1,22,5705
281,146,146,1,10,6322
278,146,146,1,12,3929
281,203,203,1,10,9356
278,203,206,0,10,5811
288,146,146,1,12,4900
284,213,213,1,12,33046
281,115,115,1,10,9508
288,203,203,1,10,5685
278,115,115,1,12,3521
281,108,191,0,10,3580
287,146,146,1,12,14852
284,203,203,1,10,8202
288,115,115,1,10,3435
289,146,146,1,22,10826
288,108,191,0,10,3168
284,126,126,1,10,4454
278,108,108,1,14,9151
289,203,203,1,10,3546
287,203,203,1,12,10916
289,115,115,1,10,2805
284,115,115,1,10,6425
281,94,94,1,26,10034
287,115,115,1,10,3696
284,94,159,0,10,4285
287,108,108,1,10,2399
288,94,94,1,26,11781
287,94,94,1,10,3941
278,94,194,0,24,17601
289,108,108,1,10,15065
289,94,94,1,10,1696
281,178,178,1,10,2500
278,178,178,1,14,3997
281,194,194,1,10,1812
287,178,178,1,10,1948
289,178,178,1,10,2385
281,179,179,1,10,8755
278,194,194,1,24,10532
287,194,113,0,10,2025
289,194,194,1,10,2680
288,194,194,1,16,8620
281,113,113,1,10,5972
289,179,179,1,10,4672
278,179,179,1,24,7905
289,113,113,1,10,2447
288,178,178,1,10,2196
289,190,190,1,10,2517
287,179,179,1,10,2687
293,146,79,0,12,3458
287,113,113,1,10,1670
287,190,190,1,10,8948
278,113,143,0,16,24328
293,203,206,0,22,7318
284,195,195,1,26,24437
293,115,115,1,12,2978
293,108,216,0,12,2817
284,145,145,1,10,3479
293,94,94,1,22,6819
289,114,114,1,10,3334
293,178,178,1,22,3121
293,194,114,0,22,3034
289,81,205,0,10,45984
278,190,190,1,10,3459
293,179,191,0,12,5663
293,113,66,0,22,3604
293,81,94,0,10,5845
278,114,114,1,10,8860
278,81,93,0,10,3924
278,205,165,0,16,4298
289,205,205,1,10,2693
284,213,213,1,12,27717
289,216,216,1,10,4461
289,184,184,1,10,4716
289,159,159,1,22,4134
293,190,190,1,22,3410
278,216,216,1,24,3730
278,184,181,0,16,4615
284,146,146,1,10,2846
284,108,108,1,10,2540
278,159,159,1,14,3410
284,178,178,1,10,3658
289,79,79,1,10,1879
284,194,194,1,10,1893
278,79,79,1,14,2602
289,176,176,1,10,1948
284,179,190,0,10,2403
278,176,176,1,24,3148
289,206,93,0,10,8355
284,113,113,1,10,7159
284,113,113,1,10,2147483647
284,190,113,0,10,39
284,216,181,0,16,12488
293,114,81,0,14,5441
293,205,93,0,24,3317
278,206,176,0,16,5076
300,213,213,1,22,3672
300,203,203,1,10,2404
300,126,126,1,10,1729
300,115,115,1,10,2271
300,94,94,1,10,1531
300,145,145,1,10,1870
300,120,57,0,10,3108
300,56,56,1,10,2551
300,212,141,0,10,3331
300,192,198,0,26,3580
300,82,-1,0,24,1539
300,89,-1,0,14,3598
300,223,223,1,22,2288
300,125,125,1,12,4528
300,57,82,0,22,2939
300,195,195,1,22,3556
300,80,80,1,12,3440
300,60,60,1,22,2761
300,99,99,1,22,2337
300,182,182,1,22,1669
300,146,146,1,24,5745
300,108,108,1,16,3575
300,178,178,1,16,10808
300,194,194,1,10,3160
300,179,179,1,10,16258
300,113,113,1,10,2840
300,190,190,1,10,1616
301,213,111,0,22,5723
301,203,203,1,12,3841
301,126,126,1,12,2417
301,115,115,1,12,2912
301,94,94,1,14,2166
301,145,145,1,16,2742
301,195,195,1,26,11924
301,80,80,1,16,2415
301,60,60,1,10,1932
301,99,99,1,10,3316
301,182,182,1,10,1466
301,121,121,1,10,3850
301,194,194,1,10,3100
301,153,153,1,10,1962
301,167,167,1,10,4839
301,120,120,1,10,2753
301,114,165,0,10,10356
301,205,205,1,10,3240
301,216,216,1,10,4669
301,184,184,1,10,3775
300,114,205,0,10,273067
300,81,81,1,16,18137
300,205,205,1,26,10974
300,216,66,0,10,8321
300,184,184,1,24,2910
300,159,159,1,26,2967
300,79,79,1,16,4130
300,176,176,1,26,6292
300,206,206,1,26,8875
300,165,165,1,26,3463
300,143,93,0,16,3233
113,213,213,1,14,4761
306,213,213,1,22,3970
306,203,203,1,12,4782
306,126,126,1,10,14719
306,115,115,1,10,5339
306,94,94,1,10,2258
306,145,145,1,10,4056
306,195,195,1,10,7581
306,80,80,1,10,1680
306,60,60,1,10,1344
306,99,99,1,10,1459
306,182,182,1,10,1396
306,121,121,1,10,1777
306,194,194,1,10,2470
306,153,153,1,10,1794
306,167,167,1,10,4043
306,120,120,1,10,1509
306,114,114,1,10,2817
306,205,205,1,10,16311
306,216,216,1,10,3549
306,184,184,1,10,3509
306,159,159,1,10,4473
306,155,155,1,10,5734
306,72,72,1,10,2597
306,118,118,1,10,6883
306,176,176,1,10,3118
306,107,69,0,10,15428
306,107,107,1,10,3740
306,165,165,1,10,2287
306,58,58,1,10,1836
306,109,109,1,10,1783
306,188,188,1,10,2264
306,160,160,1,10,6330
306,128,128,1,10,2564
306,56,56,1,10,2006
306,66,66,1,10,1806
306,92,92,1,10,4946
306,212,212,1,10,7321
306,181,181,1,10,2143
306,209,209,1,10,5630
306,112,112,1,10,2583
306,220,220,1,10,2936
306,186,186,1,10,1870
306,93,93,1,10,1882
306,192,192,1,10,7094
306,192,192,1,10,2147483647
306,169,169,1,10,2112
306,110,110,1,10,4084
306,82,162,0,10,7478
306,201,141,0,10,2713
306,89,129,0,10,5225
306,223,223,1,10,2991
306,111,111,1,24,4814
306,125,125,1,26,8376
306,57,57,1,26,4206
306,54,54,1,26,4557
306,85,85,1,10,1453
306,151,151,1,10,2108
306,75,75,1,10,2117
306,119,119,1,10,16633
306,207,207,1,10,5834
306,124,124,1,10,8399
306,175,162,0,10,2994
306,197,131,0,26,7848
306,148,157,0,26,18793
306,86,86,1,26,2644
306,158,158,1,26,11665
306,217,217,1,16,3043
306,219,219,1,16,4194
306,71,71,1,26,19321
306,174,174,1,26,6580
306,141,141,1,16,8632
306,157,157,1,10,2357
306,208,208,1,10,2097
306,87,211,0,10,11171
306,199,110,0,10,28687
306,130,130,1,10,8817
306,96,140,0,10,6471
306,198,198,1,26,4475
306,152,150,0,10,4406
306,214,214,1,16,3969
306,131,158,0,10,6240
306,129,129,1,16,3024
306,137,137,1,26,4308
306,173,58,0,10,2388
306,150,150,1,16,2929
306,98,98,1,16,3426
306,168,168,1,26,4290
306,224,224,1,16,4403
306,162,162,1,26,4996
306,161,161,1,10,6341
306,149,150,0,10,4190
306,172,172,1,26,2650
306,63,63,1,16,4195
306,104,199,0,16,6467
306,202,133,0,10,6736
306,77,77,1,10,4576
306,222,222,1,10,5610
306,218,218,1,10,4471
306,69,69,1,10,7670
306,102,199,0,10,2611
306,156,156,1,16,11519
306,187,187,1,26,7363
306,136,80,0,10,3728
306,215,215,1,16,5091
306,163,163,1,16,4262
306,106,163,0,10,3165
306,122,122,1,16,3801
306,163,163,1,10,2147483647
307,213,213,1,22,17784
307,203,203,1,22,2074
307,126,126,1,10,6130
307,115,115,1,10,2831
307,94,94,1,10,2453
307,145,145,1,10,2739
307,120,120,1,10,1580
307,56,141,0,10,3091
307,212,212,1,10,3294
307,192,192,1,10,1717
307,82,82,1,10,5387
307,89,89,1,10,3418
307,223,150,0,10,5713
307,125,215,0,10,6959
307,57,96,0,10,3110
307,85,85,1,10,2505
307,151,208,0,10,13615
307,75,76,0,10,16940
307,76,183,0,16,8328
307,175,189,0,14,15338
307,197,197,1,10,7731
307,158,222,0,10,7695
307,71,224,0,10,9553
307,141,141,1,26,4030
307,208,208,1,16,7107
307,87,87,1,26,7864
307,96,96,1,26,22852
307,67,222,0,10,12092
307,198,198,1,10,3816
307,152,122,0,10,17622
307,131,77,0,26,11186
307,129,129,1,24,18757
307,84,84,1,14,11162
307,150,150,1,14,31717
307,98,183,0,10,9039
307,224,162,0,10,9103
307,162,235,0,10,19181
307,161,161,1,16,11671
307,200,149,0,16,29397
307,149,149,1,14,5902
307,77,77,1,24,7442
307,222,156,0,10,7669
307,102,180,0,10,13565
307,211,211,1,16,33457
307,156,156,1,26,14649
307,187,140,0,16,16132
307,140,215,0,10,16961
307,215,215,1,16,5911
307,189,189,1,16,4313
307,103,103,1,26,8330
307,138,138,1,16,13766
307,183,122,0,16,7884
307,97,97,1,26,9479
307,235,235,1,26,31818
307,122,122,1,10,3171
307,180,180,1,10,4430
272,202,202,1,10,12145
272,218,218,1,10,14806
272,136,136,1,10,6669
272,163,106,0,10,35866
272,106,106,1,10,6767
272,122,122,1,10,7925
272,77,77,1,10,2147483647
322,213,213,1,12,9165
321,213,213,1,22,28477
322,203,108,0,10,19600
322,146,146,1,12,8719
321,146,190,0,10,9109
322,115,115,1,24,4169
322,108,108,1,26,2652
322,94,94,1,16,3110
322,178,178,1,26,2485
321,203,203,1,12,6651
321,115,115,1,14,4829
321,108,196,0,26,11261
321,94,94,1,24,2959
329,213,213,1,22,5565
321,178,178,1,26,6181
321,194,194,1,26,3540
329,203,203,1,10,5091
329,126,126,1,10,2555
322,194,194,1,10,2366
329,115,115,1,10,2636
322,179,179,1,10,2540
321,179,179,1,16,8013
329,94,94,1,10,1868
322,113,113,1,10,2007
321,113,113,1,16,6618
329,145,145,1,10,3311
287,114,114,1,10,1955
329,120,82,0,10,2453
287,81,81,1,10,3468
287,205,205,1,10,1534
287,216,216,1,10,2338
287,184,184,1,10,1550
321,190,190,1,26,4443
321,114,114,1,26,5444
329,204,204,1,10,2751
329,80,80,1,10,1428
329,182,182,1,10,1485
321,81,81,1,16,8146
329,121,121,1,10,2502
329,155,155,1,10,1892
321,205,205,1,26,9453
287,159,159,1,10,8408
287,79,79,1,10,2263
287,176,176,1,10,1418
329,118,118,1,10,2029
329,109,109,1,10,2407
287,206,206,1,10,3272
287,165,165,1,10,1786
329,188,188,1,24,5805
287,143,143,1,10,4524
287,142,142,1,10,1708
329,160,63,0,10,4413
287,66,66,1,10,1277
321,216,181,0,10,12419
287,191,191,1,10,2468
329,128,128,1,10,1786
329,92,110,0,10,2204
329,210,210,1,16,2385
329,193,186,0,16,2396
287,164,164,1,10,11178
287,88,88,1,10,1868
329,195,195,1,24,1954
287,181,181,1,10,2021
329,99,99,1,14,5130
322,126,126,1,22,3697
287,51,51,1,10,8560
329,133,133,1,24,2742
287,74,74,1,10,1276
329,171,62,0,14,7386
287,93,93,1,10,2275
287,70,70,1,10,5891
287,154,147,0,10,3390
287,64,64,1,10,2555
287,196,196,1,10,5039
321,184,196,0,14,5609
321,159,159,1,14,6134
321,79,79,1,14,4538
287,147,147,1,10,1843
329,146,146,1,10,2462
287,78,78,1,10,3115
329,108,108,1,10,2524
287,234,234,1,10,1515
329,178,178,1,10,1818
329,194,194,1,10,2307
321,176,143,0,24,7730
329,179,179,1,10,10616
329,113,113,1,10,4127
329,190,190,1,10,1691
329,114,114,1,10,1763
329,81,81,1,10,1493
322,204,-1,0,10,4393
329,205,205,1,10,3549
322,80,80,1,10,2188
329,216,216,1,10,2609
322,182,182,1,10,1974
329,184,184,1,10,1845
321,206,206,1,24,16258
322,121,-1,0,10,2425
329,159,159,1,10,1794
329,79,79,1,10,1650
329,176,176,1,10,1484
321,165,165,1,24,6077
329,206,206,1,10,1408
322,155,155,1,26,7182
329,165,165,1,10,1434
321,143,165,0,24,4285
322,118,118,1,26,2762
329,143,143,1,10,3019
322,109,109,1,26,2249
322,188,-1,0,26,2770
321,142,142,1,14,4801
322,160,-1,0,24,3809
321,66,66,1,14,4320
322,128,-1,0,14,4657
321,164,-1,0,14,5980
329,142,142,1,10,10555
329,66,66,1,10,1828
329,164,64,0,10,4275
329,191,191,1,10,2370
329,88,88,1,10,3962
322,92,92,1,14,3145
329,181,181,1,10,1804
321,191,181,0,16,8432
322,210,-1,0,14,8070
287,20,-1,0,24,29523
329,51,78,0,10,4132
287,213,213,1,10,3673
287,126,126,1,10,2069
287,145,145,1,10,1707
329,74,74,1,26,2154
287,195,195,1,10,1871
322,193,-1,0,24,8545
287,80,80,1,10,2061
329,70,70,1,26,4706
287,60,60,1,10,3113
329,93,93,1,16,3634
287,99,99,1,10,1619
322,209,110,0,24,3922
287,182,182,1,10,1683
287,121,121,1,10,2774
322,100,-1,0,14,2576
321,90,90,1,24,8196
321,72,58,0,24,4830
321,107,58,0,14,4086
321,58,107,0,24,4098
321,86,86,1,22,3460
321,217,217,1,22,2113
321,219,72,0,14,4136
321,174,174,1,22,4087
321,199,217,0,12,4099
321,130,130,1,22,3474
334,213,111,0,12,39048
334,203,203,1,12,5120
334,126,126,1,22,5232
334,115,115,1,24,3666
334,94,94,1,16,4445
334,145,145,1,26,3075
334,195,195,1,26,28122
334,80,80,1,10,2936
334,60,60,1,10,2790
334,99,99,1,10,3512
334,182,182,1,10,2057
334,121,121,1,10,3351
334,194,194,1,10,4315
334,153,153,1,10,5983
334,167,110,0,10,14362
334,120,120,1,10,7481
334,114,114,1,10,5549
334,204,204,1,10,6304
334,155,157,0,10,4733
334,118,118,1,10,2972
334,109,109,1,10,2160
334,188,188,1,10,2414
334,160,220,0,10,2699
334,128,207,0,26,8690
334,92,92,1,14,5976
334,210,210,1,14,5153
334,193,186,0,24,12259
334,209,110,0,24,5361
334,100,59,0,14,3598
334,112,112,1,22,5306
334,220,220,1,22,4098
334,186,186,1,24,5673
334,169,169,1,24,6187
334,68,157,0,26,6914
334,110,110,1,14,2684
334,201,61,0,14,3765
334,123,168,0,24,4590
334,111,214,0,24,10051
334,54,218,0,14,5280
334,119,119,1,22,3990
334,207,207,1,12,2717
334,124,124,1,12,2266
334,148,148,1,12,2337
334,157,54,0,22,5298
334,214,214,1,12,5312
334,59,61,0,24,6317
334,137,137,1,14,8122
334,61,61,1,14,4263
334,168,59,0,10,6039
334,63,59,0,10,4016
334,116,116,1,16,3914
334,218,169,0,26,7987
334,136,128,0,14,2775
336,213,213,1,22,2022
336,203,203,1,10,2837
336,126,126,1,10,2497
336,115,115,1,10,2552
336,94,94,1,10,2179
336,146,146,1,10,2630
336,108,108,1,10,1846
336,178,178,1,10,1305
336,194,194,1,10,1045
336,179,179,1,10,1880
336,194,194,1,10,2147483647
336,204,204,1,10,4393
336,182,182,1,10,1251
336,182,182,1,10,2147483647
336,121,121,1,10,3490
336,155,155,1,10,1446
336,80,80,1,10,983
336,118,118,1,10,2035
336,109,109,1,10,1583
336,188,188,1,10,1808
336,160,160,1,10,1792
336,128,128,1,10,1790
336,92,92,1,10,2994
336,210,210,1,10,1865
336,193,193,1,10,16217
336,209,209,1,10,3142
336,100,201,0,10,4153
336,112,112,1,10,1884
336,60,60,1,10,1255
336,167,60,0,10,3632
336,91,172,0,10,3163
336,166,166,1,10,3811
336,172,172,1,10,1964
336,202,-1,0,10,2965
336,166,166,1,10,2147483647
336,146,146,1,10,2147483647
336,90,90,1,10,3167
336,72,72,1,10,1473
336,107,107,1,10,2898
336,58,58,1,10,1288
336,86,173,0,10,1796
336,217,69,0,10,1832
336,219,217,0,16,5521
334,90,219,0,14,6420
334,72,72,1,24,4839
334,107,107,1,24,2698
334,58,58,1,24,4397
334,86,130,0,10,6568
334,217,107,0,16,4036
334,219,199,0,24,5574
334,174,69,0,14,2882
334,199,217,0,12,3067
334,130,219,0,22,3909
334,173,199,0,10,5693
334,104,217,0,10,4415
334,69,174,0,16,4289
344,213,213,1,12,5315
344,203,203,1,10,6690
344,126,126,1,10,2367
344,115,115,1,10,3067
344,94,94,1,10,4125
344,146,-1,0,10,7030
344,108,108,1,16,4041
344,178,178,1,10,4821
344,194,194,1,10,2564
344,179,179,1,10,3763
344,113,113,1,10,2618
344,190,190,1,10,1918
344,114,114,1,10,1856
344,81,81,1,10,1690
344,81,81,1,10,2147483647
344,145,145,1,10,2582
344,195,195,1,10,2153
344,80,80,1,10,2025
344,205,205,1,10,3759
344,216,181,0,10,4442
344,184,184,1,10,3746
344,159,159,1,10,3996
344,79,79,1,10,1984
344,176,176,1,10,1199
344,206,191,0,10,6525
344,165,165,1,26,5928
344,143,143,1,26,3395
344,142,142,1,16,5802
344,66,66,1,16,2910
344,164,164,1,16,6440
344,191,191,1,10,3973
344,88,88,1,10,2153
344,181,-1,0,10,9007
344,51,74,0,16,4180
344,74,74,1,26,7226
344,70,70,1,24,5732
344,93,93,1,14,2515
344,154,154,1,14,3040
344,64,64,1,26,2770
344,196,196,1,26,6956
344,147,147,1,16,3319
344,78,196,0,10,2375
344,234,234,1,26,3819
347,213,213,1,22,6497
347,203,203,1,10,2918
347,126,126,1,10,2582
347,115,115,1,10,2582
347,94,94,1,10,1717
347,145,145,1,10,2236
347,195,195,1,10,1439
347,80,80,1,10,1615
347,60,60,1,10,1254
347,99,99,1,10,1748
347,182,182,1,10,1492
347,121,121,1,10,10453
347,194,194,1,10,2740
347,153,153,1,10,1933
347,167,167,1,10,2698
347,120,120,1,10,2155
347,114,114,1,10,2065
347,205,205,1,10,3283
347,216,216,1,10,4360
347,184,184,1,10,2405
347,159,159,1,10,3597
347,155,155,1,10,7635
347,72,72,1,10,1918
347,118,118,1,10,2444
347,176,176,1,10,2810
347,107,107,1,10,3285
347,165,165,1,10,1810
347,58,58,1,10,5099
347,91,91,1,10,6160
347,166,202,0,10,3846
347,172,172,1,10,1850
347,202,-1,0,10,3209
344,99,99,1,10,2188
344,153,153,1,10,1504
344,133,105,0,10,2812
344,171,132,0,10,1581
344,62,132,0,16,3133
344,65,106,0,14,2237
344,83,83,1,24,3037
344,163,101,0,14,2789
344,185,185,1,22,1658
344,101,101,1,12,3253
344,106,106,1,22,3170
344,117,117,1,12,2053
344,132,185,0,12,3676
344,177,177,1,22,2057
344,105,117,0,14,5270
344,90,90,1,26,5478
344,72,72,1,10,2794
344,107,107,1,10,1400
344,58,58,1,10,1178
344,86,174,0,10,1207
344,217,104,0,16,3344
344,219,219,1,24,2836
344,174,174,1,14,3087
344,199,199,1,14,2476
344,130,130,1,24,2636
344,173,217,0,16,2526
344,104,104,1,14,2532
344,69,69,1,14,1988
351,213,111,0,12,20426
351,203,159,0,12,3257
351,126,153,0,12,3495
351,115,115,1,22,5858
351,94,94,1,12,6280
349,146,79,0,12,72506
349,203,203,1,22,4372
349,115,206,0,22,1306
349,108,108,1,22,2236
351,145,145,1,12,7321
349,94,154,0,22,681
351,195,195,1,22,3820
351,80,57,0,22,3055
351,60,60,1,22,3178
351,146,146,1,14,4905
351,108,108,1,24,5515
351,178,194,0,16,7189
351,194,66,0,24,11312
356,213,213,1,12,37336
356,203,203,1,22,9003
351,179,179,1,14,4161
351,113,164,0,14,5361
356,126,125,0,10,8327
351,190,190,1,24,2650
350,146,146,1,12,211095
356,115,115,1,14,5361
350,203,203,1,12,2368
356,94,94,1,24,5243
352,146,146,1,22,4597
350,115,115,1,10,4702
357,213,213,1,12,3637
350,108,108,1,10,2667
352,203,203,1,10,5565
351,114,114,1,14,4400
350,94,94,1,10,2961
352,115,108,0,10,4539
361,146,79,0,22,4135
356,145,-1,0,16,5980
360,146,146,1,12,5931
352,108,196,0,24,11200
357,203,159,0,22,23940
351,81,81,1,14,4965
356,195,195,1,14,6379
360,203,206,0,22,9607
351,205,165,0,26,3531
352,94,94,1,12,6610
357,126,126,1,22,4574
361,203,203,1,22,5038
356,80,213,0,24,7226
360,115,115,1,12,3807
361,115,115,1,12,2635
357,115,115,1,14,6101
351,216,191,0,24,10310
360,108,191,0,14,7390
352,178,178,1,24,6606
356,60,60,1,14,4521
357,94,94,1,16,9744
361,108,108,1,14,8493
352,194,194,1,24,5505
356,99,158,0,14,6962
361,94,94,1,24,7344
352,179,191,0,24,2579
352,113,184,0,14,5708
360,94,94,1,22,8467
352,190,190,1,14,5042
357,145,145,1,26,5759
350,178,181,0,10,11118
357,195,194,0,16,6515
352,114,114,1,24,8377
350,194,194,1,26,7335
357,80,182,0,16,3325
350,179,179,1,26,6255
361,178,194,0,16,4544
350,113,113,1,10,6122
350,190,190,1,10,4807
357,60,60,1,14,8921
361,194,178,0,16,7391
361,179,190,0,26,6115
352,81,81,1,14,8129
360,178,178,1,24,18660
352,205,205,1,14,4314
361,113,165,0,24,3576
360,194,194,1,16,4941
361,190,190,1,22,4079
350,114,114,1,10,1805
361,114,114,1,14,3515
357,99,99,1,14,6691
352,216,216,1,14,2669
356,182,182,1,12,14720
352,184,181,0,16,3835
356,121,60,0,12,4958
350,81,194,0,10,3182
352,159,159,1,14,2207
350,205,205,1,16,3221
352,79,79,1,24,3440
352,176,176,1,14,2162
350,216,216,1,16,5752
352,206,206,1,14,5033
350,184,184,1,26,8092
360,179,179,1,16,4827
352,165,165,1,16,3692
350,159,159,1,16,3986
351,184,184,1,26,5256
349,178,178,1,14,9333
349,194,165,0,24,5508
350,79,79,1,26,11759
351,159,159,1,16,13488
351,79,79,1,26,2370
351,176,176,1,26,3250
349,179,191,0,24,5893
349,113,191,0,24,875
349,190,115,0,24,689
357,182,182,1,16,4025
361,81,194,0,10,5243
360,113,-1,0,16,43516
357,121,128,0,10,2900
351,206,206,1,16,22307
361,205,205,1,16,2934
361,216,181,0,26,3334
350,176,176,1,16,3125
357,194,194,1,26,11185
360,190,190,1,16,3575
352,143,143,1,14,3242
357,153,153,1,14,5354
350,206,206,1,16,6429
352,142,142,1,14,3360
350,165,165,1,16,5255
361,184,181,0,14,3706
350,143,142,0,26,5573
350,142,142,1,14,2449
360,114,114,1,26,8721
351,205,205,1,12,2147483647
357,167,187,0,16,6553
351,205,205,1,12,2147483647
351,205,205,1,12,2147483647
360,81,234,0,10,5716
351,205,205,1,12,2147483647
351,205,205,1,12,2147483647
351,205,205,1,12,2147483647
351,205,205,1,12,2147483647
352,66,181,0,16,4457
351,205,205,1,12,2147483647
351,205,205,1,12,2147483647
351,205,205,1,12,2147483647
350,66,181,0,14,4808
351,205,205,1,12,2147483647
351,205,205,1,12,2147483647
357,120,120,1,16,3753
351,205,205,1,12,2147483647
351,205,205,1,12,2147483647
351,205,205,1,12,2147483647
351,205,205,1,12,2147483647
351,205,205,1,12,2147483647
357,114,114,1,16,5170
351,205,205,1,12,2147483647
351,205,205,1,12,2147483647
351,205,205,1,12,2147483647
351,205,205,1,12,2147483647
351,205,205,1,12,2147483647
351,205,205,1,12,2147483647
351,205,205,1,12,2147483647
352,164,216,0,10,12286
357,205,93,0,14,7188
351,205,205,1,12,2147483647
351,205,205,1,12,2147483647
351,205,205,1,12,2147483647
356,194,168,0,26,9315
351,205,205,1,12,2147483647
351,205,205,1,12,2147483647
351,205,205,1,12,2147483647
356,153,126,0,14,2808
360,205,205,1,10,4408
357,216,216,1,16,5098
351,205,205,1,12,2147483647
360,216,196,0,10,3750
361,159,190,0,26,4839
356,167,118,0,24,4603
351,205,205,1,12,2147483647
360,184,184,1,10,3435
351,205,205,1,12,2147483647
361,79,79,1,16,4235
360,159,159,1,10,2059
360,79,79,1,16,3626
361,176,176,1,14,3357
360,176,176,1,26,4618
361,206,159,0,24,3884
352,191,196,0,26,8453
360,206,206,1,16,9300
356,146,146,1,22,8894
352,88,88,1,16,4784
351,204,-1,0,10,490
351,182,-1,0,10,511
351,121,-1,0,16,331
351,155,-1,0,26,425
361,165,205,0,24,4945
351,109,-1,0,14,334
356,108,216,0,12,6426
349,114,114,1,12,5535
351,188,-1,0,22,2017
352,181,74,0,26,7140
361,143,143,1,12,3997
356,178,184,0,22,3660
351,160,-1,0,12,2027
349,81,176,0,14,5829
360,165,93,0,10,3440
357,184,184,1,14,10502
352,51,147,0,16,3280
356,179,179,1,22,5130
352,74,74,1,26,3525
356,113,113,1,14,6001
360,143,165,0,26,8197
356,190,190,1,22,3701
361,142,142,1,12,3649
349,216,216,1,16,11822
356,114,114,1,22,3261
361,66,66,1,14,3606
349,205,165,0,24,4120
352,70,196,0,24,5110
361,164,164,1,14,2514
351,112,112,1,14,6156
351,220,220,1,24,6211
352,204,160,0,14,3712
352,213,214,0,12,2795
352,80,80,1,22,3191
352,182,182,1,12,3667
352,121,121,1,12,3778
352,155,128,0,22,3645
352,118,137,0,12,3115
352,109,109,1,22,6305
352,188,188,1,22,3736
352,160,207,0,22,2818
349,184,181,0,14,3217
349,159,203,0,26,7386
349,79,79,1,24,3140
349,176,176,1,24,8114
349,206,206,1,24,32787
349,165,165,1,24,7619
350,164,164,1,26,30898
350,191,191,1,26,3393
356,120,120,1,16,14718
356,56,85,0,26,5217
356,212,85,0,16,3050
357,159,159,1,10,7216
357,155,56,0,10,17292
357,72,72,1,10,7001
357,118,155,0,10,3135
357,176,176,1,16,5378
352,126,126,1,22,3248
352,195,195,1,14,2864
352,99,99,1,14,2728
352,153,153,1,24,4291
357,107,107,1,16,5961
352,133,117,0,14,4200
357,165,165,1,16,2617
352,171,171,1,24,3186
357,58,58,1,26,5458
352,62,65,0,14,3041
357,109,54,0,26,4341
352,65,101,0,14,3122
357,188,188,1,24,3954
352,83,132,0,24,2384
357,160,155,0,24,6220
352,163,101,0,12,38280
352,185,185,1,22,4417
352,101,101,1,12,8153
352,106,106,1,22,2180
352,117,117,1,12,2200
352,132,132,1,24,3607
352,177,101,0,14,3414
352,4,4,1,14,3644
352,8,41,0,14,2404
352,41,41,1,14,2430
352,29,29,1,24,4741
352,45,32,0,24,9579
352,44,21,0,22,2267
352,32,25,0,12,2828
352,18,18,1,12,2487
352,16,16,1,22,2125
352,31,31,1,12,2393
356,192,129,0,26,536865
356,82,82,1,24,6229
350,88,-1,0,10,32677
350,181,-1,0,10,830
350,51,-1,0,26,625
350,74,-1,0,24,729
350,70,-1,0,14,693
350,93,-1,0,12,622
350,154,-1,0,12,550
350,64,-1,0,22,496
350,196,-1,0,12,957
350,147,-1,0,22,801
364,213,213,1,22,82138
364,203,203,1,10,4724
364,126,126,1,10,3662
364,115,115,1,10,3745
364,94,94,1,10,3080
364,195,195,1,10,4008
364,99,99,1,10,2720
364,153,153,1,10,3545
364,133,133,1,10,3306
364,171,65,0,10,3221
364,62,62,1,10,8370
364,65,132,0,10,3518
364,83,132,0,10,3171
364,163,132,0,10,3211
364,185,132,0,10,2474
364,101,101,1,12,6200
364,106,106,1,22,7482
364,117,117,1,12,4349
364,132,106,0,24,5174
364,177,105,0,14,6251
364,105,105,1,24,3967
364,90,90,1,10,5078
364,72,72,1,10,2290
364,107,107,1,10,2921
364,58,58,1,10,2607
364,86,86,1,10,2393
364,217,104,0,10,4400
364,219,219,1,10,3450
364,174,130,0,10,8039
364,199,199,1,16,5744
364,130,130,1,26,11153
364,173,173,1,10,5237
364,104,104,1,10,5615
364,69,69,1,10,12632
364,146,191,0,10,6048
364,108,191,0,10,3811
364,178,178,1,26,3593
364,194,194,1,16,3497
364,179,179,1,26,4130
364,113,113,1,26,7114
364,190,190,1,26,3787
364,114,114,1,26,3636
364,81,81,1,16,6924
364,205,93,0,16,6469
364,216,216,1,10,4587
364,184,184,1,10,5452
364,159,159,1,10,2151
364,79,79,1,10,2371
364,176,176,1,10,1786
364,206,93,0,10,4885
364,165,165,1,26,8784
364,143,165,0,26,15148
364,142,142,1,24,8166
364,66,66,1,24,6290
364,164,78,0,26,6672
364,191,196,0,26,7304
364,88,142,0,14,4555
364,181,74,0,24,6901
364,51,147,0,24,8256
364,74,74,1,12,3660
364,70,70,1,22,4387
364,93,93,1,24,3693
364,154,154,1,16,4162
364,64,64,1,16,7489
364,196,196,1,26,5840
364,147,147,1,26,3941
364,78,147,0,16,3796
364,234,147,0,24,3792
366,213,213,1,22,7659
366,203,60,0,10,21633
366,126,153,0,22,5724
366,146,146,1,12,4542
366,115,115,1,22,7435
366,108,108,1,14,22770
366,94,94,1,26,22658
366,178,178,1,26,25766
366,194,194,1,16,200621
366,179,179,1,16,19328
366,145,145,1,10,5047
366,120,120,1,10,31339
366,56,56,1,10,34052
366,212,212,1,10,7440
366,192,192,1,10,11507
366,82,158,0,10,109175
366,204,204,1,10,14322
366,80,80,1,10,9268
366,182,182,1,10,7204
366,155,182,0,10,424
366,121,121,1,10,30692
366,118,118,1,10,20586
366,109,109,1,10,23302
366,60,60,1,10,16171
366,60,60,1,10,2147483647
366,91,166,0,10,12135
366,166,166,1,10,10694
366,172,172,1,10,7612
366,167,167,1,10,12881
366,202,202,1,10,5212
366,90,90,1,10,28331
366,72,72,1,10,15401
366,58,58,1,10,5332
366,107,58,0,10,2501
366,86,219,0,10,21251
366,217,69,0,16,7572
366,219,219,1,14,9214
366,174,174,1,24,8623
366,199,69,0,26,21970
366,130,69,0,16,32635
366,195,65,0,24,37506
366,99,99,1,22,4206
366,153,153,1,22,2884
366,133,133,1,22,2215
366,171,171,1,22,3619
366,62,105,0,24,3098
366,65,65,1,24,5061
366,83,101,0,24,3336
366,163,171,0,24,20319
364,60,60,1,10,3335
364,167,167,1,10,2532
364,91,60,0,10,2715
364,166,166,1,10,5225
364,172,172,1,10,9237
364,202,166,0,26,8037
364,145,145,1,10,10203
364,120,120,1,10,2916
364,56,85,0,10,4547
364,212,151,0,10,3853
364,192,192,1,26,3328
364,82,57,0,26,7457
364,89,89,1,14,4089
364,223,208,0,24,1940
364,125,125,1,14,3288
364,57,96,0,14,3106
364,204,204,1,10,2665
364,80,80,1,10,2363
364,182,182,1,10,2138
364,121,121,1,10,3057
364,155,155,1,10,3012
364,118,118,1,10,2597
364,109,109,1,10,2547
364,188,188,1,10,2310
364,160,68,0,10,6028
364,128,54,0,10,6350
364,92,110,0,26,6162
364,210,210,1,14,7656
364,193,201,0,10,8337
364,209,209,1,10,5142
364,100,137,0,10,7931
364,112,112,1,16,4320
364,220,220,1,16,3750
364,186,186,1,26,7841
364,169,136,0,26,10330
369,145,145,1,12,3572
369,120,120,1,10,2398
369,56,56,1,10,4869
369,212,212,1,10,2208
369,192,192,1,10,2523
369,82,82,1,10,4371
369,89,89,1,10,2594
369,223,223,1,10,2118
369,125,125,1,10,2243
369,57,57,1,10,2861
369,85,85,1,10,5166
369,151,151,1,10,7322
369,75,75,1,10,4998
369,76,76,1,10,3561
369,175,175,1,10,3403
369,197,197,1,10,4193
369,158,158,1,10,3380
369,71,71,1,10,4699
369,141,141,1,10,2738
369,208,208,1,10,3748
369,87,87,1,10,5993
369,96,96,1,10,11393
369,67,67,1,10,5112
369,198,198,1,10,2449
369,152,152,1,10,4908
369,131,131,1,10,1244
369,129,129,1,10,4091
369,84,84,1,10,4164
369,150,150,1,10,1959
369,98,98,1,10,6365
369,224,224,1,10,4963
369,162,162,1,10,6950
369,161,161,1,10,2614
369,200,200,1,10,4337
369,149,149,1,10,18238
369,77,77,1,10,3117
369,222,222,1,10,2629
369,102,102,1,10,5693
369,211,211,1,10,15075
369,156,156,1,10,3720
369,187,187,1,10,4055
369,140,140,1,10,9630
369,215,183,0,10,8355
369,189,189,1,10,2372
369,103,103,1,10,2977
369,138,138,1,10,7944
369,183,183,1,10,19663
369,97,97,1,10,3558
369,235,235,1,10,3163
369,122,122,1,10,2170
369,180,180,1,10,2050
364,68,170,0,10,8552
364,110,110,1,10,5358
364,201,123,0,10,361126
377,146,79,0,22,31137
377,203,203,1,12,10671
377,115,115,1,22,3490
377,108,108,1,24,4562
377,94,94,1,16,4646
377,178,178,1,24,5332
377,194,194,1,24,4073
377,179,191,0,24,8254
377,113,70,0,24,3624
377,190,181,0,10,3565
377,114,194,0,10,3658
377,81,64,0,16,3551
377,145,145,1,14,6290
377,120,57,0,14,4472
377,56,56,1,24,9461
377,212,141,0,14,4326
377,192,192,1,12,3565
377,82,82,1,12,3515
377,89,89,1,24,9304
377,223,152,0,14,4293
377,125,161,0,14,3022
377,57,82,0,14,2685
377,90,107,0,12,4328
377,72,58,0,12,3525
377,107,217,0,22,22356
377,58,69,0,12,3623
377,126,126,1,12,3449
377,195,195,1,22,6471
377,99,99,1,12,3065
377,153,153,1,22,4296
377,133,133,1,12,2951
377,171,163,0,12,3678
377,62,62,1,22,3055
377,65,101,0,14,3612
377,83,177,0,14,4737
377,163,101,0,14,3057
377,185,101,0,16,4960
377,101,101,1,26,6344
377,106,106,1,26,3631
377,117,163,0,26,7466
377,132,106,0,24,9860
377,205,203,0,10,3417
377,216,181,0,26,5406
377,184,184,1,14,5665
377,159,159,1,24,8497
377,79,79,1,24,2934
377,176,176,1,14,3174
377,206,206,1,16,12650
377,165,165,1,26,9684
377,204,169,0,12,3398
377,213,214,0,22,6163
377,80,80,1,12,2530
377,182,182,1,22,4202
377,121,121,1,22,2693
377,155,128,0,12,3546
377,118,118,1,22,3535
377,109,109,1,22,3459
377,188,128,0,12,5343
377,160,160,1,22,2826
377,143,191,0,10,8908
377,142,94,0,10,4282
377,66,66,1,16,10325
377,164,164,1,26,8088
377,191,191,1,16,3981
377,88,143,0,26,4253
377,181,196,0,24,5751
377,51,147,0,14,3266
377,74,74,1,14,2573
377,70,191,0,24,5488
379,213,213,1,12,7565
379,203,203,1,10,19071
379,126,126,1,10,3261
379,115,115,1,10,7118
379,94,94,1,10,2558
379,146,146,1,10,2958
379,108,108,1,10,2002
379,178,178,1,10,1679
379,194,194,1,10,2405
379,179,176,0,10,4320
379,113,194,0,10,3026
379,190,190,1,26,8155
379,114,114,1,26,8873
379,81,81,1,26,10928
379,205,93,0,26,3220
379,216,190,0,14,3434
379,184,184,1,26,4539
379,159,159,1,26,7385
379,79,79,1,26,2449
379,176,176,1,26,5020
385,204,204,1,12,4111
385,213,213,1,10,1549
385,80,80,1,10,1144
385,182,182,1,10,1594
385,121,121,1,10,1864
385,155,155,1,10,1606
385,118,118,1,10,5776
385,109,109,1,10,1301
385,188,188,1,10,1389
385,160,160,1,10,3773
385,128,128,1,10,2118
385,92,92,1,10,1915
385,210,210,1,10,1372
385,193,193,1,10,1853
385,209,209,1,10,2462
385,100,100,1,10,1797
385,112,112,1,10,1877
385,220,220,1,10,1630
385,186,186,1,10,1207
385,169,169,1,10,975
385,68,68,1,10,1900
385,110,110,1,10,1556
385,201,201,1,10,1803
385,123,123,1,10,1912
385,111,111,1,10,1438
385,54,54,1,10,1386
385,119,119,1,10,2234
385,207,207,1,10,2074
385,124,124,1,10,1573
385,148,209,0,10,1932
385,157,157,1,10,1653
385,214,214,1,10,2120
385,59,59,1,10,2105
385,137,137,1,10,2309
385,61,61,1,10,2154
385,168,168,1,10,2555
385,63,124,0,10,3344
385,116,139,0,10,2178
385,218,218,1,26,4448
385,126,126,1,10,1957
385,195,195,1,10,2445
385,99,99,1,10,1721
385,153,153,1,10,1258
385,133,133,1,10,1077
385,171,171,1,10,1576
385,62,62,1,10,1825
385,65,65,1,10,1732
385,83,83,1,10,1475
385,163,163,1,10,2360
385,185,185,1,10,3483
385,101,101,1,10,1381
385,106,106,1,10,1844
385,117,117,1,10,1779
385,132,132,1,10,1406
385,177,177,1,10,1733
385,105,105,1,10,2766
385,145,145,1,10,1345
385,120,120,1,10,1037
385,56,56,1,10,1021
385,212,212,1,10,1497
385,192,192,1,10,1463
385,82,82,1,10,1278
385,89,89,1,10,1474
385,223,223,1,10,2703
385,125,125,1,10,2077
385,57,57,1,10,1480
385,85,85,1,10,1490
385,151,151,1,10,3876
385,75,75,1,10,1980
385,76,76,1,10,5831
385,175,175,1,10,1658
385,197,197,1,10,1303
385,158,158,1,10,1757
385,71,71,1,10,1247
385,141,141,1,10,1382
385,208,208,1,10,2533
385,87,87,1,10,2063
385,96,96,1,10,4068
385,67,67,1,10,3861
385,198,198,1,10,1430
385,152,152,1,10,1444
385,131,131,1,10,2396
385,129,129,1,10,1725
385,84,84,1,10,1830
385,150,187,0,10,3487
385,98,98,1,10,1879
385,224,224,1,10,2596
385,162,162,1,10,1737
385,161,161,1,10,1145
385,200,200,1,10,2206
385,149,149,1,10,1878
385,77,77,1,10,2049
385,222,222,1,10,1607
385,102,102,1,10,4973
385,211,211,1,10,7119
385,156,156,1,10,2235
385,187,187,1,10,1955
385,140,140,1,10,1434
385,215,183,0,10,4786
385,189,189,1,10,2070
385,103,103,1,10,2326
385,138,138,1,10,1811
385,183,183,1,10,2033
385,97,187,0,10,11497
385,235,235,1,26,3234
385,122,122,1,16,1845
385,180,180,1,16,3764
386,213,213,1,12,8688
386,203,203,1,10,3890
386,126,126,1,10,2687
386,115,115,1,10,3296
386,94,94,1,10,3250
386,145,145,1,10,4984
386,195,195,1,10,1469
386,80,80,1,10,1532
386,60,60,1,10,1656
386,99,99,1,10,2203
386,182,182,1,10,1906
386,121,121,1,10,4000
386,194,194,1,10,3109
386,153,153,1,10,2406
386,167,167,1,10,12195
386,120,120,1,10,3672
386,114,114,1,10,6281
386,205,205,1,10,3375
386,216,216,1,10,3156
386,184,184,1,10,2032
386,159,159,1,10,1406
386,155,155,1,10,5970
386,72,72,1,10,2453
386,118,118,1,10,4579
386,176,176,1,10,3406
386,107,107,1,10,3984
386,165,165,1,10,2141
386,58,58,1,10,2359
386,109,109,1,10,1922
386,188,188,1,10,2000
386,160,148,0,10,35159
386,204,204,1,10,4547
386,128,128,1,10,3453
386,92,92,1,10,5579
386,210,210,1,10,5735
386,193,193,1,10,2937
386,209,209,1,10,8704
386,100,100,1,10,11999
386,112,112,1,10,10234
386,220,220,1,10,3156
386,186,186,1,10,3015
386,169,169,1,10,1938
386,68,68,1,10,3516
386,110,110,1,10,5563
386,201,201,1,10,21407
386,123,123,1,10,6328
386,111,111,1,10,7594
386,54,54,1,10,5078
386,119,119,1,10,3969
386,207,207,1,10,13656
386,124,124,1,10,2610
386,148,148,1,10,3485
386,157,157,1,10,22186
386,214,218,0,10,4375
386,59,59,1,10,8718
386,137,137,1,10,4625
386,61,61,1,10,7154
386,168,168,1,10,2984
386,63,63,1,10,3547
386,116,116,1,10,5672
386,218,218,1,10,5703
386,136,136,1,10,5984
386,146,146,1,10,3515
386,108,108,1,10,7938
386,178,178,1,10,2094
347,56,141,0,10,8973
347,212,151,0,10,3090
347,192,89,0,16,4683
347,82,82,1,24,5659
347,89,89,1,14,2098
347,223,152,0,14,5218
347,125,161,0,14,2067
347,57,57,1,12,2145
347,85,85,1,14,2465
347,151,151,1,14,2427
347,75,211,0,14,2856
347,76,76,1,14,2625
347,175,175,1,24,4221
347,197,197,1,24,8896
347,158,222,0,24,8630
347,71,200,0,14,2853
347,141,141,1,22,4131
347,208,208,1,22,5696
347,87,87,1,14,5058
347,96,125,0,14,3554
347,67,67,1,24,10185
347,198,56,0,10,13131
347,152,152,1,24,8708
347,131,82,0,10,5401
347,129,82,0,10,3162
347,84,84,1,16,5165
347,150,75,0,16,5270
347,98,98,1,24,9666
347,224,224,1,24,17474
347,162,161,0,24,8732
347,161,75,0,14,5598
347,200,200,1,12,2673
347,149,149,1,24,6429
347,77,77,1,24,13898
347,222,183,0,10,14078
347,102,102,1,16,7009
347,211,211,1,16,7817
347,156,156,1,26,6221
347,187,140,0,26,6121
347,140,103,0,24,5809
347,215,215,1,12,4890
347,189,103,0,14,6787
347,103,140,0,14,5052
347,138,138,1,22,3402
347,183,183,1,22,3121
347,97,97,1,22,3238
347,235,122,0,24,15029
347,122,122,1,14,5435
347,180,180,1,14,9305
347,138,138,1,10,2147483647
347,204,204,1,10,3490
347,109,109,1,10,1354
347,188,188,1,10,2047
347,160,68,0,10,5748
347,128,155,0,10,1558
347,92,92,1,16,4724
347,210,210,1,26,9379
347,193,186,0,16,8403
347,209,209,1,24,4466
347,100,111,0,24,6754
347,112,112,1,14,4156
347,220,220,1,14,5154
347,186,186,1,24,3906
347,169,-1,0,26,15959
347,68,68,1,24,3922
347,110,110,1,10,3463
347,201,111,0,10,7408
347,92,92,1,16,2147483647
347,146,146,1,10,2913
347,108,108,1,10,1619
347,178,178,1,10,1441
347,179,179,1,10,3788
347,113,113,1,10,2211
347,190,190,1,10,2132
347,81,81,1,10,2314
347,79,79,1,10,1275
347,206,206,1,10,3433
347,143,142,0,10,11141
347,142,142,1,10,2648
347,66,181,0,10,4337
347,164,164,1,26,4194
347,191,191,1,26,6164
347,88,143,0,26,2105
347,181,181,1,14,7162
347,51,147,0,14,6425
347,74,146,0,14,2003
347,70,191,0,24,2515
347,93,93,1,22,2434
347,154,154,1,22,1770
347,64,64,1,22,2473
347,196,196,1,14,6313
347,147,147,1,24,4979
347,133,133,1,10,3252
347,171,171,1,10,4886
347,62,-1,0,10,2806
347,65,185,0,26,3123
347,83,132,0,14,3074
347,163,101,0,24,3729
347,185,106,0,24,4346
347,101,101,1,22,2378
347,106,106,1,22,1491
347,117,117,1,22,1562
347,132,132,1,24,3049
