Login,1060,1061,1062,1063,1064,1065,1066,1067,1068,1069,1070,1071,1072,1073,1074,1075,1076,1077,1078,1079,1080,1081,1082,1087,1088,1089,1090,1091,1092,1093,1094,1109,1110,1111,1112,1113,1114,1115,1116,1117,1118,1127,1128,1129,1130,1131,1132,1246,1247,1248,1249,1250,1251,1252,1253,1254
 U1,28,117,27,24,13,18,53,8,6,4,,,62,33,4,6,12,38,,,110,24,18,12,49,79,140,28,38,33,34,6,11,23,5,35,12,14,15,25,31,,,405,559,332,14,35,27,17,8,11,27,14,17,35
 U2,62,24,14,14,23,19,8,3,5,7,,,,42,5,11,23,57,,,,25,24,20,,,,26,87,64,32,11,22,7,18,,,69,,61,,,,,,,,10,12,,,,,,,
 U7,10,18,57,13,26,15,12,2,4,4,85,126,9,14,4,9,,47,299,,76,,,7,34,41,77,,40,21,63,,,13,,27,36,64,,24,147,,,,,,12,,,,,,,,,
 U9,36,28,132,25,27,21,5,7,7,28,,,23,35,14,40,40,,,,,19,30,16,,,,,,,,10,28,14,24,,,,,,,,,,,,,,,,,,,,,
 U20,11,19,26,16,274,19,9,3,4,7,265,87,16,17,12,7,19,121,374,187,82,19,33,15,36,250,122,37,45,40,20,9,15,8,19,205,37,30,54,46,239,,,,,,,,,,,,,,,
 U21,23,43,158,26,16,38,5,6,8,6,,,74,25,8,13,24,172,,,127,45,181,21,43,92,401,95,71,74,73,16,39,11,17,43,90,65,42,57,,,,,,,209,21,56,62,18,24,47,24,60,112
 U44,34,27,32,14,10,14,3,5,8,6,194,296,26,19,10,9,13,44,323,251,212,19,14,18,38,159,62,26,65,30,81,10,15,14,13,40,30,12,10,23,444,401,356,187,164,398,19,23,44,42,20,11,12,13,13,42
 U47,49,15,22,9,16,8,6,3,5,3,97,81,21,10,7,10,13,47,165,198,101,12,16,9,20,65,85,13,32,16,39,12,9,9,12,29,23,23,10,17,157,,,,,,,,,,,,,,,
 U49,15,13,21,8,8,10,3,3,4,3,40,81,10,12,5,5,10,55,160,158,40,13,9,9,24,31,43,11,19,16,12,6,8,8,7,17,13,22,8,19,89,153,177,54,151,84,9,13,18,32,5,8,11,9,11,32
 U59,50,,186,,,,9,17,13,16,,,17,,30,15,30,79,,,,,,,61,323,80,52,118,124,136,14,,,22,46,40,,,51,,,,,,,,,,,,,,,,
 U62,,28,,53,142,16,73,6,9,15,,,25,31,13,26,,,,,,48,,,,,,,,,,84,107,14,11,,,21,108,50,,,,,,,,,,,90,37,19,24,,
 U70,,23,,21,17,32,6,7,5,10,,,28,38,10,10,27,,,,,16,103,25,,,,29,,,,15,35,16,12,,,90,21,52,,,,,,,,34,,,13,24,38,65,98,
 U82,21,25,54,28,28,31,6,25,95,50,212,,39,36,15,22,31,46,,,,28,19,26,96,,391,40,47,95,267,60,52,16,10,207,32,114,30,28,,,,,,,45,55,58,34,12,15,16,43,38,87
 U89,13,16,19,14,40,28,8,4,7,8,36,180,18,17,26,7,41,54,108,445,26,21,32,32,46,476,73,51,63,107,89,10,19,9,17,170,144,15,16,28,54,632,777,81,476,530,32,32,36,30,7,6,13,11,13,43
 U106,9,26,34,21,8,52,14,7,138,13,333,283,27,51,9,87,83,60,680,,201,34,107,34,175,98,145,68,123,61,43,9,88,7,18,37,55,82,12,23,,,,91,,,89,49,50,208,29,12,21,15,136,71
 U108,8,17,65,21,13,11,10,6,5,5,94,302,17,21,8,8,16,126,,,122,11,54,16,138,94,158,23,168,37,67,11,15,9,11,41,30,30,18,20,,,,,,,42,22,23,34,11,9,14,11,101,61
 U110,23,37,54,17,19,20,7,7,10,10,,,18,31,19,17,29,62,,,,30,47,21,41,,,48,28,43,24,12,30,12,15,29,86,20,23,26,,,,,,,36,40,29,88,12,28,25,19,23,36
 U111,652,31,,26,,25,6,3,5,8,,,25,,29,9,18,,,,,33,33,25,,,,48,,55,,16,19,14,17,,,20,,45,,,,,,,,,,,49,10,18,,,
 U137,23,18,26,30,12,12,5,4,7,5,111,104,22,19,8,7,23,123,227,269,192,17,13,12,29,76,208,19,60,21,29,14,16,23,9,43,27,20,13,34,272,,,84,,,21,32,23,36,13,8,15,20,20,39
 U140,13,16,,12,37,11,4,3,9,4,,,18,15,9,8,16,28,,,,16,18,13,,96,,19,34,,,15,16,8,5,39,22,14,9,13,,,,,,,,31,,,5,6,10,,31,32
 U145,46,57,107,75,24,88,50,13,47,64,527,34,71,66,136,19,40,27,,,597,111,43,111,51,63,18,27,46,26,28,118,21,17,65,56,25,163,140,89,,,,,,,,,,,,,,,,
 U149,19,24,66,17,,13,10,7,6,14,,,21,,9,14,,,,,,,,38,,,,,,,,9,18,8,15,,,18,18,,,,,,,,,,,,16,15,39,,,58
 U162,26,18,,15,,16,6,5,8,5,,,16,15,8,9,25,,,,,12,,16,,,,,,,,9,,8,12,,,,,22,,,,,,,,,,,4,7,12,13,,
 U166,21,20,27,22,14,29,4,3,10,5,277,307,15,19,6,7,26,57,256,283,100,21,15,17,42,123,144,18,54,96,146,10,46,12,12,43,32,11,16,36,229,301,360,128,240,258,35,23,152,37,11,16,23,14,18,72
 U169,8,15,26,12,11,12,8,2,2,14,39,46,12,16,4,9,11,34,120,230,41,17,13,9,30,50,52,27,41,22,90,8,15,9,10,23,17,15,11,18,112,226,397,57,377,195,31,23,18,60,7,6,10,12,12,31
 U176,30,23,34,24,12,27,4,13,8,5,141,122,29,35,22,11,46,63,395,379,209,18,22,26,106,363,97,17,34,72,27,10,17,10,18,34,37,10,16,39,,,,,,,,22,,,10,35,25,21,18,
 U180,53,25,29,21,26,22,10,7,9,6,,182,24,24,32,7,19,199,114,,468,31,22,20,56,,192,19,90,43,25,13,26,11,15,24,25,79,20,19,233,,61,,,,36,,,,,,,,,
 U184,17,24,21,13,19,15,10,3,3,6,55,175,17,14,6,8,14,28,128,155,40,46,62,19,33,99,56,13,56,29,169,7,15,8,16,27,12,21,22,25,112,368,168,116,164,168,58,17,17,27,7,9,35,9,12,26
 U185,16,,45,90,,,8,5,21,23,315,117,,,25,,21,80,342,,308,,,,89,87,153,,235,43,394,,18,13,,44,46,,,58,576,,,240,,594,63,,,,,,,,,
 U200,8,24,51,176,192,57,11,7,27,53,,,247,112,29,34,480,,,,,174,49,136,,,,106,61,83,,19,40,17,15,,60,80,46,97,,,,,,,,,,,,,,,,
 U201,30,32,61,20,24,33,15,16,9,6,257,,27,81,8,16,21,188,,,,30,35,52,47,,,28,50,45,134,11,50,7,13,55,54,22,19,28,,,,,,,64,46,68,50,16,12,13,16,17,132
 U203,32,25,59,30,19,29,9,6,6,6,104,382,22,28,30,31,38,98,210,772,72,24,20,22,730,198,1238,63,44,76,274,8,19,8,13,22,27,20,53,44,402,2525,572,104,1032,331,140,,,,,,,,,
 U218,11,23,57,20,10,23,3,13,8,4,,,18,42,7,11,15,192,,,,18,94,16,57,,,28,85,30,59,16,40,15,24,27,28,20,46,94,,,,,,,53,40,31,33,10,18,26,13,159,67
 U220,24,23,105,14,25,39,10,3,4,4,195,219,37,38,19,9,31,122,648,791,39,27,25,34,93,149,115,26,43,78,128,15,33,11,9,148,113,17,19,18,588,1358,1876,456,809,449,41,49,35,37,15,11,54,22,43,85
 U224,32,26,45,24,17,19,7,11,7,49,393,171,19,23,12,18,68,90,612,658,187,18,22,15,38,187,89,24,42,272,41,10,37,30,8,61,40,10,21,40,432,868,298,151,916,198,232,28,21,40,9,10,13,14,27,52
 U235,26,,34,23,,19,9,6,5,10,291,112,,21,17,12,,,157,,159,,,,,,102,,46,,21,11,,7,9,,,,,,178,,,162,,,,,,,,,,,,
 U249,22,20,48,12,15,9,6,6,7,5,192,84,43,84,8,8,17,49,,,94,11,26,20,33,96,86,14,66,28,22,9,23,15,10,37,74,13,15,30,,,,,,,37,20,21,40,10,12,16,14,15,90
 U253,19,30,,16,,20,8,5,6,14,,,,19,9,10,23,,,,,,21,17,,,,,,,,12,,18,12,,,,,,,,,,,,,,,,4,9,,16,,
 U265,,23,,54,,23,8,3,8,8,,,19,28,7,9,,,,,,,,17,,,,,,,,9,26,10,26,,,12,21,,,,,,,,,,,,12,15,20,13,,
 U276,19,19,94,14,15,19,3,3,2,3,222,,14,21,8,9,17,92,,,,15,21,15,26,64,,23,55,25,59,13,16,27,23,43,21,28,39,34,,,,,,,34,26,34,47,14,18,36,16,15,71
 U379,24,17,27,14,88,31,6,9,3,3,192,110,24,17,5,8,11,31,136,496,52,8,14,13,28,312,160,22,26,33,37,13,18,32,21,30,21,22,9,17,973,2756,555,127,473,349,28,34,25,29,8,26,15,41,13,44
 U381,19,49,,28,,22,18,4,5,44,,,,29,13,22,64,,,,,26,,65,,,,33,,,,9,,,27,,,,,52,,,,,,,,,,,32,17,18,,,
 U382,23,38,,70,38,39,9,8,6,8,,,,,16,15,,,,,,,,,46,210,,27,,,,12,,12,15,,,79,,,,,,,,,42,85,,,6,40,,,,
 U426,17,31,,19,132,32,5,6,5,11,,,34,43,7,9,18,,,,,19,44,92,,,,42,,,,7,18,19,12,157,61,89,33,75,,,,,,,,86,33,,16,53,21,76,29,
 U432,41,20,78,61,129,20,5,3,4,16,,380,21,20,8,11,29,64,,,124,31,44,16,52,102,134,36,40,47,304,12,22,13,13,39,28,128,96,50,298,,,,,344,93,42,120,98,15,24,25,53,21,78
 U462,,26,53,21,14,22,7,13,8,6,,,30,35,9,10,26,51,,,,34,41,30,33,,,33,,61,,12,32,12,26,34,30,54,19,41,,,,,,,34,47,27,49,6,22,26,14,27,
 U490,7,19,28,13,9,13,8,3,3,3,103,104,19,22,5,10,20,40,60,242,69,23,17,20,22,42,181,24,31,32,23,7,16,16,7,35,41,40,59,20,504,1083,1459,546,1053,126,18,31,31,26,12,14,13,13,46,55
 U494,20,62,58,32,13,25,8,4,7,10,125,81,18,48,31,8,28,56,203,276,365,18,28,20,71,94,141,26,103,56,69,13,17,12,14,164,41,38,82,23,249,1132,253,195,458,148,44,22,54,60,13,15,30,21,44,101
 U513,25,27,,30,68,18,5,5,13,9,,,26,29,10,14,31,,,,,56,22,,,,,,,48,,26,,13,9,36,34,45,30,,,,,,,,,,,,36,39,50,70,57,
 U515,31,25,78,17,14,22,10,10,7,5,459,610,13,25,7,21,26,140,185,454,156,18,21,55,53,281,366,34,53,76,261,34,40,27,8,53,95,93,15,19,714,1456,552,175,,577,142,61,32,113,13,9,11,71,97,98
 U578,19,36,,76,38,50,8,5,18,11,,,41,31,33,42,,,,,,,,51,,,,,,,,40,24,17,15,,,66,105,,,,,,,,,,,,71,56,26,,,
 U607,,25,32,25,82,25,8,6,5,7,117,300,23,64,7,12,54,59,341,1936,52,24,64,25,61,124,154,21,75,44,64,16,34,10,14,197,32,132,125,32,329,2949,7691,294,2815,810,33,33,39,46,10,20,20,57,260,80
 U621,27,30,66,24,78,27,13,9,13,21,,,33,38,10,73,35,79,,,68,52,41,41,168,199,82,49,77,82,31,18,32,25,15,137,85,57,31,49,,,,,,,158,59,52,66,16,16,27,60,25,55
 U668,62,,,18,44,11,14,9,12,72,,,29,,11,20,,,,,,,,,,,,,,,,10,45,10,9,,,39,43,,,,,,,,,,,,23,29,16,,,
 U691,7,22,23,9,8,10,4,2,2,5,74,97,13,13,8,8,23,33,139,170,79,14,11,14,22,43,75,12,29,18,32,7,8,12,6,22,23,8,24,12,102,136,,204,,150,21,,,,,,,,,
 U692,27,20,48,24,29,21,9,3,5,4,294,241,17,16,22,11,29,65,522,275,247,21,16,24,76,122,250,15,47,82,137,22,35,15,13,42,34,27,13,42,182,728,526,595,473,926,39,45,36,42,6,13,21,10,13,34
 U706,55,26,158,25,27,14,18,7,5,5,226,122,27,19,11,11,36,38,136,368,116,45,18,22,54,145,169,15,48,46,300,15,40,13,10,23,32,16,13,25,165,277,321,89,276,,,57,39,,18,18,16,17,57,45
 U716,39,22,,19,62,36,7,6,4,5,157,,49,25,20,8,,46,,,79,45,,26,73,,,31,,,,7,31,10,11,,36,23,,,,,,146,,,,,,,18,78,21,,,64
 U731,23,36,27,15,12,22,4,7,13,24,,,18,18,11,10,28,,,,,27,20,17,,,,20,,,,12,14,19,10,,,17,10,,110,,,193,328,,,,,,,,,,,
 U733,,19,58,16,24,11,6,3,5,7,162,130,21,18,10,8,17,73,182,494,107,17,15,15,30,59,65,24,44,44,40,9,23,9,9,41,59,20,22,23,229,375,205,182,318,315,120,31,20,34,13,16,12,11,40,31
 U784,17,12,32,10,10,9,6,4,3,8,63,132,9,10,15,9,21,51,114,413,66,16,16,15,28,42,40,12,34,24,101,7,12,8,9,20,52,16,8,22,103,293,216,156,388,212,33,19,11,31,3,6,8,37,13,33
 U789,20,63,,34,89,18,11,5,6,11,,,32,40,20,13,24,,,,,40,,27,,,,25,,,,20,22,12,10,,,178,,22,,,,,,,,,,,6,10,28,,,
 U832,9,26,38,34,24,95,9,6,4,9,271,,21,48,8,12,40,123,,,615,35,26,18,64,157,187,49,161,68,45,11,32,8,42,55,34,17,27,35,,,,,,,93,33,47,56,5,21,15,18,32,97
 U865,35,35,32,13,10,19,5,6,4,4,125,109,23,17,6,7,21,45,304,,242,21,30,11,53,249,161,24,40,54,18,9,25,13,12,29,33,9,20,24,,357,,192,349,315,42,40,23,24,5,9,15,14,37,53
 U866,31,22,41,20,15,36,13,5,6,3,,,21,22,23,19,,,,,,85,91,,,,,,33,,,32,,11,9,,,15,57,34,,,,,,,,,,,14,11,15,,,
 U868,8,20,27,13,19,18,11,4,12,4,298,95,16,18,9,11,23,45,405,178,85,22,19,15,36,52,106,20,55,46,24,14,17,14,8,26,38,19,17,19,187,298,582,109,,346,22,29,28,42,14,17,16,17,46,49
 U932,,19,,13,15,17,3,4,3,3,,,12,16,6,13,21,,,,,16,51,12,,,,18,,,,9,27,10,7,,,59,15,20,,,,,,,,43,,,13,12,23,12,69,
 U937,22,17,56,23,21,24,9,4,3,8,103,446,50,25,34,9,19,132,397,,130,22,14,22,48,182,134,36,113,30,55,15,11,9,14,58,27,16,43,28,,,,,,,83,,,,,,,,,
 U952,45,21,,23,22,32,8,7,5,5,,,27,40,24,12,26,,,,,30,74,21,,,,26,,,,42,26,14,52,,,19,86,61,,,,,,,,,,,6,27,30,35,,
 U969,29,34,127,31,15,104,86,9,12,14,338,548,90,40,13,28,80,162,1202,439,167,29,53,16,104,107,243,35,76,65,115,,,,,,,,,,,,,,,,,,,,,,,,,
 U977,46,27,53,44,15,24,11,6,109,30,,,23,22,9,27,26,180,,,235,67,27,30,119,130,,38,42,,113,45,30,16,10,35,44,64,26,56,,,,243,,,33,30,62,,27,14,22,14,18,137
 U988,56,31,27,13,78,19,9,6,9,15,324,142,89,29,6,13,26,40,369,455,92,14,12,18,44,158,225,21,21,42,43,22,18,7,14,22,18,9,14,28,199,,368,96,,69,43,,,,16,11,20,13,67,
 U1051,35,30,43,28,19,28,7,3,11,14,99,407,18,29,7,10,21,34,226,,69,37,99,22,58,85,137,25,64,30,196,14,31,19,14,26,64,24,23,30,,,,180,,,50,,,,,,,,,
 U1095,32,32,73,32,19,28,10,4,9,11,313,487,46,38,11,12,32,112,281,,146,29,22,38,176,202,138,33,109,154,213,12,38,22,12,78,124,15,148,71,271,,,126,,1003,65,,,,,,,,,
 U1135,,22,75,26,11,36,7,3,3,4,,,28,29,10,13,59,200,,,,19,25,30,117,103,,21,95,50,34,40,30,23,15,51,43,33,87,40,,,,,,,31,59,56,53,6,14,,18,59,148
 U1349,258,35,,159,,26,42,13,41,34,,,75,39,9,80,,,,,,71,,,,,,,,,,17,,58,25,,,27,163,46,,,,,,,,,,,90,16,48,,,
 U1364,,19,52,27,,29,9,5,8,10,,,36,23,6,11,,35,,,,29,,16,49,69,,15,105,40,45,15,,11,15,69,46,,,31,,,,,,,,27,31,37,6,9,18,,,52
 U1371,308,29,64,24,68,44,14,5,14,28,392,490,466,88,28,83,34,218,,,533,31,163,28,51,659,165,44,61,134,276,11,29,27,32,42,77,175,64,113,,,,,,,131,65,46,,22,48,533,293,56,
 U1374,9,29,23,31,78,38,15,4,7,10,58,58,19,21,35,21,25,54,603,912,270,28,15,19,111,366,93,32,47,79,90,51,27,7,14,53,40,32,17,35,164,702,774,234,304,1714,100,39,46,80,5,10,13,217,87,111
 U1375,18,61,71,31,36,16,6,3,9,5,182,131,39,16,5,13,25,71,273,995,276,25,65,16,58,123,472,31,43,44,107,16,20,17,11,115,57,24,28,63,891,,,,,,,,,,,,,,,
 U1379,37,24,33,15,10,14,5,5,9,11,220,422,18,20,9,10,32,277,986,203,49,26,22,22,122,85,232,26,48,49,192,20,34,18,12,48,53,15,49,27,359,605,546,371,218,290,51,45,39,44,9,16,22,12,61,59
 U1390,29,28,33,91,134,107,23,15,20,7,74,169,71,27,17,54,48,146,140,116,192,66,17,21,102,318,489,77,96,78,20,10,,35,,58,46,,,,,,,,,105,,32,,,,12,13,,,59
 U1393,37,30,89,21,19,21,20,6,7,23,521,211,27,21,7,14,119,91,393,617,477,30,27,103,469,110,209,37,59,64,382,19,33,34,14,83,58,73,38,57,448,,,,,,,,,,,,,,,
 U1397,23,35,63,54,18,43,10,19,21,23,,,93,29,44,22,41,,,,128,76,63,,,,,,,,,25,,,,,,,,,,,,,,,,,,,74,,,,,
 U1419,15,19,120,45,27,17,7,4,23,13,,612,29,52,41,74,96,154,,,102,48,38,62,3180,205,141,124,131,60,975,22,31,12,16,60,136,31,37,33,,,,,,,,70,61,,16,15,18,42,,59
 U1421,66,32,80,46,254,50,22,22,9,8,,,49,61,45,47,40,,,,,102,345,82,109,,,204,147,223,,67,126,23,29,86,132,197,491,49,,,,,,,,,,,,,,,,
 U1424,25,29,298,185,16,18,10,4,20,6,250,223,36,21,5,13,55,194,196,2054,193,24,35,49,147,574,253,52,147,100,217,10,48,13,9,71,43,68,254,43,385,,,,,,,,,,,,,,,
 U1443,10,24,30,32,13,16,12,4,14,6,,,24,18,11,14,32,67,,,,19,20,17,63,,,20,34,29,36,25,15,11,11,32,24,10,12,22,,,,,,,176,37,41,42,9,17,10,14,42,49
 U1462,15,19,47,16,18,24,8,3,4,4,114,70,17,20,10,11,14,58,178,287,231,41,35,14,30,69,106,14,56,21,25,6,8,10,8,15,25,18,21,20,165,282,278,328,678,419,36,,,,,,,,,
 U1483,25,33,,23,25,31,9,3,4,5,,,42,30,8,14,33,,,,,30,,23,,,,26,,,,19,28,23,16,63,,43,30,42,,,,,,,,,,,,,,,,
 U1487,43,25,150,19,200,37,3,6,23,6,360,172,26,54,21,92,22,67,238,707,268,31,58,40,66,158,283,14,76,55,59,24,50,18,10,70,134,27,55,24,280,459,359,217,1099,292,105,,,,,,,,,
 U1495,9,36,134,26,14,25,7,4,7,6,,247,25,44,10,46,52,114,,,160,52,65,74,67,100,170,70,91,115,332,36,42,9,11,59,94,50,28,29,,,,,,,126,81,159,86,10,17,18,28,103,107
 U1510,27,,193,,,40,15,5,89,67,280,1796,,43,60,13,,,,,159,34,44,,,,1412,,153,,76,23,,9,27,,,,,28,,,,224,,,,,,,19,42,23,,,472
 U1549,29,49,66,53,139,43,13,7,7,36,,,25,121,47,11,35,57,,,80,23,18,21,108,,104,31,77,71,106,20,77,12,22,152,58,26,12,68,,,,,,,165,37,47,52,16,15,40,23,18,108
 U1681,,75,,33,16,54,27,14,57,38,,,41,38,7,73,46,82,,,,82,106,64,91,,,63,,121,,15,240,104,21,559,46,88,67,36,,,,,,,262,272,47,,18,24,108,20,70,182
 U1696,8,24,95,41,13,21,5,7,4,11,186,170,18,27,8,35,51,53,429,380,286,20,52,16,56,61,215,26,66,76,32,11,28,7,14,23,37,15,20,48,323,687,698,400,630,1222,32,,,,,,,,,
 U1722,21,23,196,21,16,26,5,4,4,5,126,1460,27,29,19,11,21,39,369,,53,16,16,22,55,82,74,29,83,66,163,12,28,22,11,122,36,13,66,23,362,,504,859,327,247,12,,,,,,,,,
 U1734,14,45,98,61,174,517,16,7,29,74,240,302,37,39,10,32,48,127,,,90,46,43,72,106,91,577,63,126,122,79,46,130,11,13,119,50,84,82,27,,,,953,,,47,82,38,129,35,46,41,158,67,380
 U1737,29,20,30,17,15,38,3,5,4,11,,,17,25,7,8,29,49,,,74,19,19,28,115,187,242,42,75,61,52,8,31,11,54,101,42,10,14,29,,,,,,,34,,,,,,,,,
 U1738,22,50,28,26,22,21,21,6,10,8,128,128,23,47,15,13,14,39,126,,176,16,13,16,38,508,86,44,32,43,41,18,21,9,17,175,31,14,12,49,681,1088,347,97,302,647,22,30,18,39,11,11,19,14,14,98
 U1753,31,19,23,10,5,12,4,8,5,3,54,152,13,22,6,19,19,44,120,146,134,31,10,14,29,83,210,16,22,32,62,11,17,6,13,14,25,12,18,13,334,400,187,156,119,54,13,25,32,32,12,9,11,11,49,154
 U1762,25,31,57,61,28,28,11,10,41,7,622,244,32,25,25,11,28,62,357,4883,125,26,34,48,146,99,332,87,60,73,205,12,29,15,22,98,64,20,30,31,314,2411,538,342,549,193,48,29,40,55,15,10,20,53,30,24
 U1768,36,36,147,18,,44,30,10,9,8,,,36,30,15,10,,74,,,,61,,28,125,,,26,187,95,31,11,50,22,13,42,47,19,58,38,,,,,,,54,,,,7,12,17,23,,
 U1783,,48,,36,353,64,22,3,3,246,,,34,,183,6,118,92,,,,112,30,230,95,,,55,,337,,12,28,127,53,,,31,41,29,,,,,,,196,,,,9,21,28,,,
 U1786,,62,,312,52,194,12,9,15,20,,,,,338,21,43,,,,,86,,62,,,,52,,232,,22,49,31,25,,,,,,,,,,,,267,76,62,134,719,19,31,,864,
 U1787,,72,,24,280,45,21,12,8,198,,,26,,71,15,41,,,,,22,23,194,,,,29,,,,6,174,36,22,,,27,27,22,,,,,,,,,,,,,,,,
 U1788,,39,,35,52,89,10,50,20,10,,,,,51,16,47,,,,,40,,37,,,,102,,,,134,81,37,22,,,223,,46,,,,,,,112,,,,,,,,,
 U1789,,33,40,18,32,68,22,20,21,128,,,25,75,25,14,24,94,,,,30,82,153,449,,,41,49,160,,23,77,71,27,54,82,30,29,45,,,,,,,150,44,89,51,11,11,18,230,139,
 U1790,,42,,208,20,191,95,5,7,12,,,53,,73,30,89,57,,,,360,37,86,71,,,55,,,,41,40,66,38,,,26,104,30,,,,,,,99,39,42,214,11,19,18,14,54,
 U1791,,30,,17,12,35,21,5,4,8,,,40,,37,18,93,438,,,,47,57,85,94,,,115,,246,,67,98,8,12,,,25,42,45,,,,,,,14,,,,,,,,,
 U1809,,40,,40,57,45,8,7,71,50,,,30,55,9,15,49,,,,,61,131,40,,,,26,,,,26,43,16,39,,113,128,32,35,,,,,,,,,,,,,,,,
 U1810,,22,,125,31,19,5,13,11,84,,,31,,6,10,44,101,,,,15,22,30,117,,,138,,82,,10,47,8,17,,,71,57,18,,,,,,,45,,,,,,,,,
 U1811,,28,,116,24,78,6,46,8,19,,,46,,6,14,28,,,,,45,42,20,,,,28,,522,,8,29,11,26,,,20,28,,,,,,,,40,,,,,,,,,
 U1812,,39,,118,157,124,52,6,50,27,,,53,50,13,19,37,50,,,,213,59,,,,,78,209,32,,15,99,25,20,,,56,76,42,,,,,,,,,,,8,56,23,210,106,
 U1813,,25,,142,397,26,6,28,15,19,,,,,5,14,20,53,,,,,,22,64,,,80,,28,,9,13,10,123,,,20,,,,,,,,,144,,,,,,,,,
 U1814,,43,,27,181,35,6,4,16,12,,,52,,6,32,25,46,,,,75,44,32,52,,,29,,141,,25,45,20,241,,,9,85,,,,,,,,75,,,,,,,,,
 U1848,,20,20,25,10,12,14,8,5,7,147,85,18,15,8,16,19,50,100,,83,17,20,15,45,77,98,22,19,55,53,10,17,11,8,30,32,13,16,16,152,266,348,142,271,363,26,24,25,49,15,9,15,18,18,39
 U1849,46,27,,25,11,30,13,17,8,33,,,92,21,36,20,28,,,,,24,18,26,,,,84,,46,,16,51,16,13,36,105,36,132,27,,,,,,,104,32,,,9,19,17,33,205,
 U1857,53,34,120,24,,31,25,12,75,27,,,,92,11,30,,100,,,,,,,247,,,,122,57,,36,102,49,47,,,,,33,,,,,,,36,,,,,,,,,
 U1905,12,39,47,16,69,18,5,2,4,9,,,18,54,6,10,32,,,,,26,42,22,,126,,34,,,,14,46,34,21,241,42,43,16,55,,,,,,,,,,,,,,,,
 U1920,29,67,,19,140,24,11,6,3,5,,,57,33,8,12,20,,,,,43,54,22,,,,16,,,,21,22,29,43,,41,9,164,52,,,,,,,,,,,,,,,,
 U1921,13,37,46,15,17,20,13,4,4,5,,,23,34,27,12,28,41,,,221,32,32,31,82,261,,23,45,,60,21,62,21,16,32,38,21,68,30,,,,,,,28,,,,,,,,,
 U1922,17,20,,20,66,16,15,4,9,4,,,25,34,6,13,24,,,,,25,21,15,,,,21,,,,8,16,39,9,,,48,24,32,,,,,,,,,,,,,,,,
 U1923,11,17,28,11,23,9,6,3,3,6,76,114,12,14,5,10,16,117,171,285,66,31,15,9,32,65,117,10,31,27,67,6,17,14,11,49,19,13,48,22,256,601,432,86,782,254,39,,,,,,,,,
 U1924,24,24,,24,28,36,9,6,5,15,,,49,,16,61,19,,,,,101,100,26,,,,25,,,,15,20,12,10,,,44,43,19,,,,,,,,33,,,15,22,48,24,54,
 U1932,28,25,,45,,30,5,5,3,4,,,32,,8,17,,,,,,,,20,,,,,,,,10,27,9,11,,,6,25,,,,,,,,,,,,24,55,20,,,
 U1937,28,20,,14,,27,5,3,8,4,,,25,22,7,31,23,,,,,53,,18,,,,49,,,,10,30,33,15,,,,,38,,,,,,,,,,,51,13,16,,,
 U1939,23,29,44,21,20,16,10,10,8,8,,,29,20,12,18,24,,,,,33,21,19,,,,32,61,,,12,30,22,51,,62,19,17,34,,,,,,,,57,35,,7,39,44,22,14,
 U1951,41,24,,26,,29,14,10,12,18,,,25,30,10,13,32,,,,,40,,34,,,,33,,,,15,,14,19,,,,,35,,,,,,,,,,,62,34,44,,,
 U1953,17,30,,32,16,34,21,4,8,62,,,35,30,8,32,,,,,,61,,,,,,,,,,30,,16,9,,,,,30,,,,,,,,,,,19,13,25,15,,
 U1960,12,25,38,17,20,37,8,3,4,7,91,131,29,24,8,29,22,101,686,325,432,43,18,39,50,127,143,80,45,52,38,7,19,45,18,53,32,23,104,24,375,1279,699,730,883,210,71,19,39,144,7,11,18,12,53,38
 U1978,33,32,,46,25,32,37,3,20,29,,,81,69,27,17,31,,,,,27,42,57,,,,76,,,,17,181,11,18,,,69,78,31,,,,,,,,,,,6,36,97,46,,
 U1994,35,25,111,19,11,13,6,5,3,5,185,165,19,34,10,10,18,120,356,326,48,18,15,16,48,69,119,18,38,126,39,8,30,12,6,40,23,10,13,19,217,364,515,152,218,464,22,28,46,64,8,13,12,12,9,87
 U2011,17,30,,19,23,31,4,10,42,6,,,30,31,22,16,23,,,,,22,33,26,,,,20,,,,12,19,9,11,,,14,17,56,,598,,,,,,,,,,,,,,
 U2021,16,21,37,13,16,11,4,4,5,9,,,20,34,4,11,21,47,,,,17,38,14,65,,,39,52,29,90,7,11,19,6,37,50,32,41,20,,,,,,,54,21,21,35,7,11,11,71,24,49
 U2030,25,81,91,18,14,25,8,5,3,4,86,168,18,20,8,14,27,49,266,642,43,74,14,14,34,177,246,30,63,35,18,6,56,12,12,66,38,9,17,23,780,,684,202,,73,75,25,38,61,14,9,17,10,9,129
 U2039,25,39,35,17,13,21,9,5,9,7,103,123,18,34,7,14,18,51,162,407,42,33,23,51,52,186,123,31,56,59,26,24,20,62,11,44,66,47,39,18,524,1136,704,383,709,564,363,,,,,,,,,
 U2060,9,40,,17,,21,7,2,6,45,,,25,46,9,12,35,,,,,33,,26,,,,41,,,,11,48,11,14,36,,,,28,,,,,,,,,,,5,16,24,,,
 U2064,41,48,44,22,13,20,9,4,6,51,600,,41,34,683,13,59,108,,,276,32,54,34,225,98,329,45,136,153,85,30,60,32,49,57,54,16,24,67,,,,,,,103,59,50,233,40,30,38,45,26,222
 U2066,14,20,,39,,15,12,2,8,4,,,24,17,7,14,15,,,,,22,,12,,,,25,,,,5,27,13,9,,,,,55,,,,,,,,,,,30,35,54,,,
 U2067,45,84,,28,10,26,5,4,10,6,,,43,48,11,10,17,,,,,,,,138,,,41,,25,,20,49,13,17,,,45,,35,,,,,,,,23,,,21,21,18,14,,
 U2085,20,23,,19,,15,7,3,5,10,,,22,18,24,20,22,,,,,19,17,20,,,,27,,,,7,20,13,11,,,37,,19,,,,,,,,,,,10,14,34,,,
 U2087,19,24,,17,,25,8,5,24,20,,,18,28,8,14,,,,,,,,78,,,,,,,,10,,19,9,,,,,23,,,,,,,,,,,5,25,14,,,
 U2102,26,21,,25,,15,11,10,5,20,,,23,21,8,13,23,,,,,28,77,20,,,,29,,,,12,28,20,30,,,32,,50,,,,,,,,,,,6,14,20,,,
 U2131,20,19,35,16,14,14,5,8,5,6,52,139,14,17,49,7,13,35,252,,43,31,18,12,32,121,139,13,31,44,27,16,13,10,12,17,53,28,276,19,207,,,222,,,47,57,28,32,12,21,15,64,19,79
 U2136,35,31,,27,16,24,10,5,10,12,,,33,38,9,12,26,,,,,72,50,24,,,,38,,,,12,44,19,37,,,25,12,33,,,,,,,,,,,7,20,24,15,20,
 U2137,34,31,141,20,68,34,5,4,10,4,,,23,32,7,24,,,,,,,,17,,,,,185,,,73,23,11,36,,107,,,,,,,,,,,,,,40,34,14,47,,
 U2144,26,21,39,24,8,98,6,7,5,5,119,118,22,74,18,14,23,50,965,353,541,17,14,15,43,78,94,19,48,25,28,11,17,8,10,20,35,23,7,22,307,418,197,229,1847,178,48,26,26,98,18,42,16,18,55,42
 U2160,20,19,26,11,10,8,6,3,4,4,189,111,14,21,10,14,18,58,192,454,75,17,16,15,37,59,65,21,39,34,24,11,25,11,10,30,23,27,26,39,129,303,341,224,349,97,14,32,32,17,5,10,24,16,22,65
 U2166,17,38,,99,100,18,13,6,35,,,,26,47,8,21,43,,,,,25,,,,,,,,,,16,39,38,59,,,,,50,,,,,,,,,,,18,16,31,22,,
 U2173,22,57,109,47,139,37,17,7,48,6,,,38,37,9,106,43,89,,,146,52,37,21,71,,,144,49,,37,391,78,27,22,35,46,,,28,,,,,,,92,47,94,38,14,22,20,133,,62
 U2196,11,31,,26,73,22,38,15,9,15,,,40,,19,37,852,178,,,,142,61,22,119,,,86,,280,,11,12,33,14,,,54,138,74,,,,,,,85,192,53,46,15,14,72,63,32,
 U2199,23,35,97,21,20,77,9,4,6,6,456,157,24,29,12,14,37,80,508,,89,33,61,22,82,218,107,27,51,68,52,13,69,11,42,154,57,113,90,45,,,,464,,,32,51,60,61,35,18,19,20,49,86
 U2201,38,38,,33,12,11,5,3,3,5,,,30,,18,18,19,,,,,,,21,,,,,,,,7,25,35,11,,,17,,,,,,,,,,,,,5,15,30,12,,
 U2205,7,27,38,20,13,31,5,2,4,5,,,22,22,21,7,43,,,,,36,21,26,,,,37,,,,10,31,11,19,,58,37,35,55,,,,,,,,,89,,6,19,25,15,35,
 U2219,25,30,,16,39,19,22,6,10,32,,,20,38,33,48,26,30,,,,31,103,32,52,,,31,,41,,29,37,24,11,,51,16,23,35,,,,,,,30,25,21,25,15,13,13,35,,
 U2234,18,18,33,11,17,8,16,2,6,10,114,163,27,15,12,10,46,170,133,,34,24,47,13,48,120,147,76,47,35,20,19,43,7,10,49,31,11,11,15,236,,,144,,66,116,23,63,38,3,8,8,14,13,23
 U2236,17,22,43,16,13,13,8,4,5,6,57,234,49,20,20,13,26,50,222,850,276,22,14,15,45,141,100,24,41,113,46,19,35,10,11,78,64,13,18,21,152,411,440,272,465,208,33,70,57,68,9,15,19,36,27,91
 U2274,40,,,122,,235,15,13,36,100,,,,,16,71,47,141,,,,,,,,,,144,,41,,46,22,51,43,,,,,,,,,,,,,70,87,,25,260,63,,,
 U2279,16,32,121,26,13,19,10,5,16,16,317,133,31,29,8,13,27,54,630,622,207,71,27,28,71,101,351,32,86,53,1071,15,31,30,18,40,88,11,22,38,554,1225,631,159,,357,95,44,45,74,7,14,23,12,14,117
 U2285,9,30,65,41,18,41,14,6,12,5,,,66,36,12,52,35,189,,,31,21,36,22,76,,,7,57,11,328,21,24,46,29,86,78,47,17,47,,,,,,,56,115,272,39,30,23,30,51,19,
 U2286,10,19,36,18,12,11,9,4,4,3,371,152,17,19,5,28,45,36,193,356,474,21,16,16,43,238,170,35,176,62,55,11,22,19,19,25,30,16,11,26,409,754,763,277,570,399,117,21,94,30,4,13,14,19,37,98
 U2288,26,38,,35,,78,20,10,77,8,,,42,99,40,37,29,,,,,,,,,,,,,,,28,45,13,17,,,108,,31,,,,,,,26,131,,,22,18,95,,,
 U2290,26,23,31,12,15,10,6,3,6,4,90,125,14,16,5,8,18,35,168,135,90,15,15,16,36,70,62,15,24,19,55,7,24,21,14,38,36,10,23,20,110,244,427,120,443,164,15,18,31,28,8,12,11,15,12,119
 U2329,18,18,31,14,23,14,6,4,6,6,,,15,24,15,8,14,,,,,20,19,16,,,,28,62,,,16,24,13,12,92,20,21,12,16,,,,,,,76,32,27,,6,13,19,12,12,
 U2413,69,,152,,102,53,25,11,34,28,,,,86,12,,42,,,,,25,,,,,,,,,,52,60,19,27,654,170,,,,,,,,,,101,132,,,23,,,33,,170
 U2451,33,18,35,10,9,13,3,3,4,3,145,105,18,18,5,8,19,32,195,209,135,15,17,19,28,59,45,44,84,38,261,8,19,15,14,28,46,8,87,22,340,,,347,,257,38,34,25,18,9,12,17,13,13,84
 U2539,6,17,28,12,6,8,5,2,3,5,184,126,9,15,10,8,13,29,123,268,53,12,11,11,31,53,53,10,37,24,15,5,21,16,6,54,80,6,39,21,155,204,396,89,324,252,24,23,38,19,7,6,8,5,74,23
 U2574,37,,,,,,15,11,109,79,,,,,17,186,102,59,,,,,,152,126,,,45,,115,,11,30,32,15,,,,,,,,,,,,51,50,42,59,81,,,,,
 U2576,36,33,296,24,48,19,8,6,7,9,57,,40,48,12,34,28,57,,,100,28,27,34,39,110,494,46,49,57,92,12,28,9,11,170,43,61,29,37,684,,,453,,,62,36,150,60,7,36,18,26,80,125
 U2577,16,,196,,,,2,3,3,3,134,225,,,8,,,89,,,366,107,,,85,,357,89,202,111,54,23,,10,17,61,26,,,39,,,,505,,,26,36,50,6,6,12,,,37,179
 U2578,49,35,267,22,36,20,5,8,10,5,,,17,58,5,19,74,61,,,264,39,76,57,56,64,354,36,102,134,77,22,44,11,14,77,78,138,63,23,,,,,,,101,46,128,202,17,38,20,257,124,244
 U2579,10,25,135,33,10,16,5,2,6,4,344,255,33,15,8,8,13,83,,,47,14,25,25,31,285,655,13,50,33,35,11,16,7,62,22,20,16,8,15,,,,234,,,36,19,49,37,40,10,10,118,15,50
 U2580,43,33,59,17,15,109,5,6,9,3,,,29,64,7,11,17,103,,1223,301,18,35,65,117,,,26,103,29,52,8,116,27,17,45,72,11,10,28,,,,,,,,38,43,65,31,47,60,21,20,131
 U2581,56,18,96,12,16,9,4,5,19,5,74,100,18,,6,7,31,35,174,735,103,46,14,20,51,,73,23,46,38,71,7,15,7,8,,,47,68,14,754,474,352,186,396,308,20,24,41,34,8,11,10,178,20,66
 U2598,14,28,50,11,40,17,4,4,10,4,98,253,19,32,9,13,14,28,340,198,120,19,70,112,41,83,268,18,36,18,15,8,16,8,8,25,41,18,6,18,93,958,435,100,,484,20,17,60,57,19,17,33,8,11,33
 U2599,34,30,75,13,11,17,4,2,3,3,256,167,31,,8,13,16,44,586,743,150,17,20,11,45,,151,9,34,47,41,8,15,17,20,,,33,58,119,575,1364,411,180,1917,534,79,34,22,135,9,13,31,18,107,101
 U2600,56,77,42,18,10,19,6,4,4,5,641,255,27,60,65,8,24,121,,1203,,66,41,231,86,,370,59,46,34,36,16,37,17,15,54,39,18,45,36,722,,,164,,237,81,109,213,39,10,24,57,301,35,
 U2601,26,19,99,17,29,21,5,6,11,6,154,236,33,30,9,10,23,110,1320,,37,26,26,24,49,79,81,22,122,50,41,9,26,18,8,36,40,17,11,43,549,,360,226,,214,41,58,62,36,10,12,15,19,17,95
 U2602,8,22,281,38,70,116,7,8,6,16,,,185,,491,18,77,130,,,318,20,215,56,70,,,40,171,164,30,13,56,10,22,,,94,23,52,,,,,,,60,135,620,96,29,939,106,28,28,299
 U2603,10,123,332,86,126,170,28,5,51,4,,,98,225,26,17,33,265,,,,170,247,65,132,,,30,347,293,,21,111,19,12,447,74,209,129,75,,,,,,,53,57,45,72,34,544,157,28,17,
 U2604,23,31,100,16,31,23,5,7,15,8,277,232,25,36,9,15,18,95,365,983,69,48,24,42,49,123,155,34,115,53,168,73,23,18,10,51,43,33,92,30,1041,,1824,367,,502,63,51,53,59,6,23,28,45,122,71
 U2605,39,25,280,22,17,23,9,9,9,11,317,253,21,25,6,15,29,64,,,754,24,79,59,65,,1258,28,75,53,71,11,21,11,12,,67,65,33,32,,,,463,,,111,27,71,161,31,19,19,77,177,90
 U2606,43,18,104,12,7,15,5,4,5,4,312,140,15,25,6,8,13,37,311,,186,15,15,9,26,53,69,11,41,24,23,7,21,7,7,50,27,14,8,19,510,,,684,636,459,7,21,15,16,13,14,17,8,8,84
 U2607,40,39,65,21,67,16,4,5,6,5,407,311,57,27,8,9,131,70,314,,97,36,89,18,58,206,197,25,35,58,51,10,95,8,7,42,56,14,74,16,151,,292,313,,424,84,45,30,83,18,13,14,17,10,328
 U2608,23,20,45,30,12,17,6,8,7,7,42,119,20,28,7,13,33,40,218,,,30,25,25,56,393,102,26,30,89,136,13,42,11,12,61,53,46,33,26,171,,548,345,213,573,38,27,38,24,12,17,13,12,204,74
 U2630,29,56,103,13,68,21,14,10,5,4,120,,37,29,13,11,30,59,,,447,24,31,37,48,162,344,77,78,212,161,15,61,12,21,35,44,18,66,25,,,,,,,56,49,46,54,17,14,33,45,29,65
 U2662,39,19,,12,13,40,4,10,9,,,,16,14,4,12,17,,,,,19,17,12,,,,20,,,,9,16,7,6,,,26,16,21,,,,,,,,47,49,,18,9,18,19,,
 U2665,27,22,,20,11,23,4,5,5,58,,,24,38,17,10,40,,,,,,,53,,,,,,,,10,21,35,15,,,11,,,,,,,,,,,,,17,15,51,20,,
 U2668,10,23,,19,,29,14,3,8,8,,,,37,44,11,60,,,,,57,,27,,,,95,,,,26,51,18,33,,,,,20,,,,,,,,,,,18,12,,,,
 U2691,35,26,,26,31,22,5,4,2,4,,,19,24,7,7,31,,,,,18,,13,,,,24,,,,6,15,27,13,,,30,,24,,,,,,,,,,,10,14,13,,,
 U2692,11,26,,15,,20,8,6,3,6,,,29,21,11,11,16,,,,,21,,17,,,,18,,,,9,20,24,12,,,,,29,,,,,,,,,,,10,19,20,,,
 U2694,47,16,,12,14,44,4,5,3,6,,,30,19,21,8,11,,,,,,,14,,,,13,,,,6,13,8,9,,,26,,29,,,,,,,,48,,,5,7,13,17,,
 U2757,25,33,,16,14,22,4,7,7,14,,,20,,56,10,,,,,,,,15,,,,,,,,10,22,29,14,,,100,,,,,,,,,,,,,10,16,44,,,
 U2758,20,40,,31,,25,5,5,4,36,,,30,28,35,55,22,,,,,,,36,,,,25,,,,16,16,31,31,,,,,29,,,,,,,,,,,12,17,,,,
 U2764,9,20,,21,,14,18,8,6,20,,,25,37,13,12,30,,,,,,,37,,,,134,,,,7,24,29,9,,,,,52,,,,,,,,,,,5,10,,,,
 U2777,15,39,,24,138,29,11,10,25,28,,,35,32,10,111,,,,,,63,37,,,,,,,,,26,28,8,17,,46,51,23,28,,,,,,,,,,,24,18,19,262,,
 U2810,67,148,101,36,105,108,5,8,20,35,,,43,45,101,10,39,207,,,,101,137,35,49,,,30,,49,,23,22,44,44,,,178,,44,,,,,,,58,71,36,49,79,103,90,24,,
 U2811,16,19,28,13,34,15,4,4,5,4,45,,17,21,9,7,23,,,,46,19,20,18,,,135,11,19,,18,9,19,11,8,79,32,30,18,33,,,,,,,16,,30,,8,14,19,14,17,39
 U2812,139,32,,44,172,22,6,14,13,16,,,58,31,10,29,81,,,,,50,,35,,,,71,,,,27,55,13,42,,,84,,87,,,,,,,,,,,9,16,30,,,
 U2813,67,43,,25,24,29,4,3,7,6,,,31,34,6,14,40,,,,,,29,47,,,,61,,,,11,78,10,61,,74,44,10,52,,,,,,,156,40,,,11,14,20,29,21,
 U2814,49,29,197,40,186,19,6,4,12,7,,,24,71,8,14,35,114,,,,41,103,35,76,,,51,119,,124,12,43,17,79,50,84,,489,33,,,,,,,89,42,54,42,6,15,17,110,90,
 U2815,153,58,,33,101,25,8,5,4,6,,,33,107,138,22,22,,,,,40,39,26,,,,79,,,,18,53,23,47,,,,123,33,,,,,,,,,,,17,45,24,,,
 U2817,36,38,,20,46,32,19,7,22,4,,,28,,11,11,33,,,,,,36,33,,,,,,,,15,67,17,17,,,34,,,,,,,,,,,,,23,15,24,20,,
 U2818,10,24,332,28,15,35,4,4,9,54,98,121,36,42,6,9,24,63,,,76,23,26,20,63,109,98,22,464,75,27,9,34,7,36,61,35,52,36,30,,,,,,,58,42,50,39,6,37,16,49,22,81
 U2901,9,30,,21,30,48,10,5,26,11,,,18,26,5,10,33,,,,,45,,54,,,,107,,,,15,23,13,18,,,17,79,21,,,,,,,,,,,27,17,44,48,,
 U2925,19,34,142,25,204,19,19,6,13,8,,,24,32,15,19,57,,,,,101,17,28,,,,69,44,64,,13,24,10,9,33,42,78,129,23,,,,,,,,29,28,,6,19,21,15,,
 U2981,21,37,57,37,13,49,23,17,6,25,122,163,25,26,50,38,44,183,314,364,211,36,112,22,59,139,151,45,126,76,70,17,134,18,35,208,48,19,18,30,441,,775,437,,237,104,42,45,78,6,14,42,27,17,81
 U2988,10,93,,22,305,138,11,8,33,32,,,25,,79,,,,,,,73,64,,,,,,,,,17,,17,26,,,25,53,78,,,,,,,,,,,18,35,29,157,276,
 U3003,40,,,24,16,26,7,7,7,6,,,25,,13,13,20,,,,,,,30,,,,,,,,21,,13,24,,,55,,,,,,,,,,,,,14,35,30,40,,
 U3039,44,58,,23,90,30,29,13,59,43,,,28,,40,,,,,,,71,106,,,,,,,,,,,41,39,,,64,70,56,,,,,,,,,,,18,55,23,104,,
 U3045,32,35,,24,86,26,10,7,,,,,55,42,15,15,,,,,,37,46,,,,,,,,,9,,26,18,,,27,30,43,,,,,,,,,,,17,66,24,208,105,
 U3063,31,34,,31,97,31,6,7,4,31,,,24,,10,,,,,,,37,46,,,,,,,,,,,12,11,,,41,53,26,,,,,,,,,,,22,18,24,284,229,
 U3070,41,16,51,16,14,18,6,4,12,6,102,122,22,20,6,8,17,60,442,,73,39,14,34,37,91,526,29,25,43,73,15,26,10,16,186,49,102,23,24,,,,213,,,72,33,44,40,13,10,30,10,56,35
 U3071,18,21,67,17,15,17,8,4,5,7,284,775,16,30,6,13,16,37,236,330,128,15,20,13,35,105,144,25,93,49,86,13,38,18,6,34,45,12,17,45,450,514,481,298,576,208,154,49,106,66,4,9,13,50,16,75
 U3094,20,,,22,,27,5,6,7,6,,,23,69,10,13,35,,,,,,,25,,,,,,,,10,42,10,16,,,,,,,,,,,,,,,,12,36,22,,,
 U3111,21,25,33,22,13,30,4,6,6,7,,,19,23,12,14,16,68,,,47,16,15,20,42,169,,57,60,63,28,7,19,8,12,24,49,12,9,17,,,,,,,13,28,44,32,19,11,23,17,11,81
 U3113,34,17,34,13,10,16,8,10,6,5,119,97,13,22,15,11,17,41,241,167,96,16,13,16,41,126,60,15,44,24,99,9,16,11,10,38,42,15,12,31,101,751,379,139,337,178,12,19,21,20,9,10,10,11,13,74
 U3134,8,42,,40,16,31,5,4,13,12,,,38,,11,13,91,,,,,,,40,,,,,,,,34,,9,10,,,49,,,,,,,,,,,,,16,34,20,18,,
 U3137,44,43,,43,17,31,13,9,13,71,,,,59,15,25,56,,,,,96,82,63,86,,,,,,,15,49,37,24,100,82,,,93,,,,,,,51,56,,,27,16,27,38,,
 U3148,47,,,19,18,36,7,3,11,5,,,68,,10,9,31,,,,,,,24,,,,,,,,36,,14,21,,,,,,,,,,,,,,,,19,50,35,20,,
 U3167,12,,,14,10,28,18,12,13,7,,,28,,9,13,46,,,,,,,,,,,,,,,21,,7,11,,,15,,,,,,,,,,,,,15,13,20,10,,
 U3182,14,22,,17,17,17,5,4,6,9,,,17,20,14,11,20,,,,,18,15,17,,,,24,38,36,,16,24,7,8,34,19,15,8,20,,,,,,,34,81,,,11,11,15,16,9,
 U3185,23,20,,15,15,22,9,6,5,,,,19,23,11,9,46,,,,,40,23,22,,,,34,,,,12,61,21,16,,31,17,63,75,,,,,,,,,,,13,10,33,19,,
 U3191,45,26,,17,14,16,6,5,7,,,,27,46,8,15,,,,,,,55,,,,,,,,,,,24,10,,,23,,,,,,,,,,,,,11,20,16,18,,
 U3193,7,59,,16,14,19,10,3,18,10,,,26,,11,11,,,,,,22,52,21,,,,,,,,25,,21,48,,,15,38,47,,,,,,,,,,,24,31,29,10,171,
 U3204,32,23,,38,,,4,,,9,,,,53,,20,,180,,,,70,,33,,234,,57,143,55,,,50,,40,,54,,,228,,,,,,,,,,,20,,,,,
 U3209,,176,,60,27,65,9,6,17,10,,,83,44,11,77,36,,,,,74,74,38,,,,60,,,,14,64,14,20,,,45,38,121,,,,,,,,91,66,,18,67,135,49,29,
 U3223,7,12,46,13,12,17,7,4,5,,,,20,16,5,8,28,,,,,34,52,23,62,,,20,,151,,9,53,7,7,,43,17,20,22,,,,,,,,36,28,,11,13,36,14,26,103
 U3242,20,32,32,40,15,41,9,6,7,8,133,124,35,47,10,9,19,107,247,816,95,23,19,25,62,149,1029,24,52,25,117,7,15,39,27,166,40,17,22,61,521,544,446,172,607,237,97,35,53,90,10,20,22,14,12,51
 U3243,31,37,,23,89,20,15,5,47,12,,,26,50,51,,,,,,,36,34,,,,,,,,,,,26,15,,,23,19,64,,,,,,,,,,,25,32,22,117,55,
 U3263,72,73,,23,25,11,23,12,42,6,,,20,,49,,,,,,,42,14,,,,,,,,,,,15,13,,,15,58,68,,,,,,,,,,,57,13,34,8,34,
 U3267,41,99,,76,375,40,11,7,9,9,,,72,104,137,23,33,,,,,162,131,,,,,,,,,11,35,39,157,,,88,54,90,,,,,,,,,,,36,109,69,468,180,
 U3272,76,37,,33,40,16,22,10,16,17,,,81,,26,,,,,,,46,34,,,,,,,,,,,43,28,,,71,69,120,,,,,,,,,,,69,20,304,151,168,
 U3281,22,28,,20,75,18,6,12,32,9,,,24,23,10,16,71,,,,,20,24,24,,,,61,,,,11,34,12,13,,46,25,37,26,,,,,,,,89,34,,13,13,26,22,,
 U3283,25,28,,16,12,24,7,11,8,10,,,36,22,10,12,87,,,,,28,23,17,,,,23,,,,18,8,13,14,,111,12,53,27,,,,,,,,33,25,,7,17,23,15,83,
 U3284,4,18,,14,31,12,5,4,3,6,,,16,24,20,10,15,,,,,,,14,,,,,,,,7,11,7,7,,,29,,,,,,,,,,,,,14,14,10,47,,
 U3285,37,44,34,42,33,34,24,7,28,177,782,398,27,29,20,138,122,258,668,,128,55,117,239,93,190,1270,49,299,283,145,157,53,14,19,380,218,62,273,25,458,,,233,,,47,56,78,129,20,28,27,213,165,188
 U3288,14,32,,21,16,41,,8,,,,,26,,8,,,,,,,28,53,,,,,,,,,,,44,15,,,21,221,26,,,,,,,,,,,9,19,46,23,23,
 U3290,10,46,,17,17,19,,,,,,,67,25,9,,,,,,,32,42,,,,,,,,,,,22,21,,,49,35,23,,,,,,,,,,,46,25,21,25,49,
 U3291,30,34,,23,71,173,14,11,13,5,,,47,,26,8,,,,,,39,144,,,,,,,,,29,,25,56,,,70,40,61,,,,,,,,,,,103,46,39,89,271,
 U3294,46,20,,22,15,32,,18,,,,,32,,43,,,,,,,62,75,,,,,,,,,,,16,28,,,52,28,65,,,,,,,,,,,21,33,34,185,90,
 U3298,10,27,,40,19,17,8,6,,,,,58,,119,,,,,,,306,93,,,,,,,,,,,11,67,,,16,20,43,,,,,,,,,,,12,26,105,90,1153,
 U3301,53,29,,19,106,12,,,,,,,19,33,22,,,,,,,40,32,,,,,,,,,,,9,13,,,17,19,23,,,,,,,,,,,8,19,15,77,49,
 U3302,134,33,,28,14,34,,11,,,,,67,31,38,17,,,,,,29,202,,,,,,,,,,,15,18,,,51,123,35,,,,,,,,,,,78,22,29,15,60,
 U3303,66,30,,68,23,22,,,,,,,39,44,15,,,,,,,23,41,,,,,,,,,,,39,17,,,135,44,25,,,,,,,,,,,52,48,61,78,26,
 U3316,,28,,15,83,29,6,9,14,50,,,41,,9,29,36,,,,,,,32,,,,,,,,15,55,10,9,,,44,19,,,,,,,,,,,,118,91,23,177,,
 U3331,6,35,,71,40,155,7,2,5,6,,,34,41,8,10,44,,,,,40,28,81,,,,25,,,,9,46,11,16,,57,23,18,88,,,,,,,,31,88,,19,114,94,22,749,
 U3346,25,26,,16,19,15,8,4,5,6,,,23,16,7,11,17,,,,,118,49,17,44,,,25,62,34,49,7,12,8,11,27,58,28,20,22,,,,,,,35,39,30,30,28,15,18,13,14,
 U3356,19,25,42,23,,20,6,3,7,12,,,17,21,9,14,30,,,,,22,17,18,,139,,31,85,,25,23,16,11,16,,30,26,,32,,,,,,,,39,,,22,18,20,,,89
 U3357,37,26,,19,,16,9,9,4,12,,247,27,30,7,15,27,,,,,24,20,21,41,195,,14,,,,12,51,9,12,,,,,30,,,,475,,,,38,,55,23,15,17,,,74
 U3363,23,23,20,32,19,22,8,7,5,4,217,185,28,19,6,12,29,45,,,86,21,50,27,40,100,88,24,52,108,61,19,27,9,17,29,31,24,15,18,,,,,,,62,80,46,36,12,24,22,18,14,122
 U3367,12,19,65,14,16,14,7,4,5,9,402,300,18,16,12,11,36,68,393,331,422,30,30,21,48,102,249,75,76,79,27,20,45,8,14,39,57,102,24,47,482,817,1499,314,718,275,32,49,40,73,11,14,13,20,29,141
 U3385,9,21,,16,23,11,3,3,16,147,,,21,17,9,13,25,,,,,,,25,,,,,,,,6,34,6,18,,,33,,,,,,,,,,,,,38,11,11,15,,
 U3431,35,21,49,35,63,14,6,13,18,6,193,194,28,37,16,17,31,291,295,1723,236,23,42,38,177,136,439,30,95,47,186,23,35,26,18,244,44,56,94,28,1285,3159,2659,149,1457,318,40,28,18,72,41,33,16,58,61,121
 U3514,43,23,109,16,59,16,43,7,25,55,,,20,25,13,129,75,,,,,56,43,49,,,,113,115,,27,89,129,11,14,71,117,40,139,83,,,,,,,99,67,56,73,38,22,22,27,,89
 U3533,19,30,32,39,16,19,8,8,7,6,33,312,25,32,132,17,40,49,,,36,29,37,24,42,96,63,36,49,41,22,12,16,11,17,20,41,11,11,18,,,,219,,,35,41,37,51,45,24,17,14,14,56
 U3545,29,25,41,37,21,17,5,5,4,4,388,162,35,17,10,18,29,49,260,232,55,27,62,24,51,86,241,22,271,95,66,13,40,10,18,44,132,24,31,35,714,1268,566,345,1719,194,31,76,40,55,18,27,28,166,18,94
 U3558,15,45,79,48,152,40,8,4,33,24,,,32,45,23,51,55,,,,,183,,49,,,,47,,,,12,48,172,9,,,115,146,,,,,,,,,,,,74,81,,195,124,
 U3559,23,102,149,35,132,67,11,6,14,11,,1193,66,,49,26,,,,,,,,130,,,,,,,,11,18,44,15,,,103,58,45,,,,,,,,,,,25,216,58,292,132,
 U3560,84,90,114,53,169,37,29,4,35,19,,1161,33,,61,9,,,,,,,,19,,,,,,,,42,8,14,15,,,20,57,,,,,,,,,,,,35,26,36,155,201,
 U3561,32,,109,32,145,36,55,3,37,31,,,185,,47,30,48,,,,,,,256,,,,,,,,7,6,69,39,,,114,17,,,,,,,,,,,,23,81,,155,108,
 U3564,25,,,32,68,34,10,14,69,20,,,50,,25,19,,,,,,,,22,,,,,,,,37,16,38,13,,,40,43,28,,,,,,,,,,,36,44,26,59,106,
 U3566,16,,108,33,131,27,14,8,33,21,,1457,100,,128,237,,,,,,,,,,,,,,,,88,21,19,16,,,102,139,98,,,,,,,,,,,47,38,61,163,223,
 U3569,14,,77,,125,42,19,9,11,12,,1065,211,,103,12,166,,,,,,,315,,,,,,,,15,20,19,56,,,46,11,,,,,,,,,,,,38,160,,138,135,
 U3570,,,229,59,28,,27,10,27,37,,1336,,,30,45,,,,,,,,,,,,,,,,51,,41,18,,,,21,,,,,,,,,9,,,10,256,206,85,19,
 U3576,33,23,,62,29,31,11,8,7,12,,,29,89,8,8,23,,,,,24,28,28,,,,35,,,,53,48,9,13,33,47,,,22,,,,,,,45,38,28,80,10,23,16,37,,
 U3583,56,30,35,20,317,22,9,5,8,5,,,48,23,8,19,163,124,,,,64,33,23,103,,,33,53,79,28,12,26,12,16,53,34,40,51,28,,,,,,,68,180,74,120,55,148,19,161,153,283
 U3612,12,21,19,17,11,34,6,3,8,8,93,288,14,24,8,9,42,114,544,610,412,27,20,10,32,79,151,26,32,63,39,6,12,7,10,27,21,10,96,42,919,800,1079,156,491,353,54,36,20,41,7,20,17,19,22,61
 U3638,18,34,,17,12,17,7,3,5,4,,,25,26,13,16,28,,,,,23,40,26,,,,28,,,,9,35,10,13,,49,63,20,27,,,,,,,35,41,35,65,19,20,23,27,52,
 U3647,14,23,,22,73,45,17,14,16,30,,,30,78,7,46,,,,,,155,33,,,,,,,,,23,,8,10,,,21,111,78,,,,,,,,,,,48,26,28,248,56,
 U3654,45,44,,121,203,40,8,7,6,20,,,48,73,11,24,75,145,,,,35,114,33,165,,,118,,413,,74,51,24,25,,,98,74,124,,,,,,,75,228,67,173,66,24,97,15,233,
 U3655,38,29,,34,21,32,11,14,6,17,,,33,,17,16,27,82,,,,93,40,41,166,,,48,,128,,52,55,41,33,,,63,54,42,,,,,,,56,32,135,92,11,25,115,18,30,
 U3656,49,28,,18,18,19,8,8,3,5,,,55,,17,8,38,172,,,,23,24,27,53,,,26,,46,,11,39,29,23,,,17,47,163,,,,,,,127,55,78,102,15,42,119,15,36,
 U3657,44,40,,25,84,34,5,5,4,3,,,38,,41,9,22,178,,,,28,28,27,51,,,20,,65,,17,37,14,36,,,38,228,48,,,,,,,24,43,58,31,12,23,121,18,46,
 U3658,21,304,,252,470,35,15,6,34,13,,,98,,165,11,,,,,,369,174,61,,,,,,,,12,36,40,52,,,36,492,152,,,,,,,,,,,15,113,100,25,22,
 U3659,9,30,,31,14,34,20,9,8,8,,,64,,13,25,21,64,,,,27,22,44,62,,,43,,73,,25,34,20,21,,,88,28,29,,,,,,,60,46,36,82,16,31,31,10,60,
 U3660,34,37,146,35,19,25,15,23,8,14,253,169,38,27,18,69,34,161,466,,1036,23,23,44,49,499,503,43,61,135,60,14,21,18,14,34,45,33,13,42,212,,,168,,,25,30,230,38,16,25,16,17,15,75
 U3661,21,25,71,17,214,43,8,5,6,63,,163,48,36,9,11,28,76,216,,336,52,39,63,40,318,306,40,236,57,,32,20,67,16,43,52,27,158,142,,,,362,,,127,34,24,96,31,17,98,34,56,111
 U3662,30,26,,17,19,30,6,5,4,7,,,22,,9,10,18,58,,,,25,48,17,42,,,47,,138,,12,45,14,16,,,69,42,56,,,,,,,23,41,30,36,17,22,36,17,70,
 U3663,29,27,,28,189,52,38,5,8,41,,,76,157,21,55,52,,,,,44,400,136,,,,96,,185,,11,65,36,19,66,83,66,52,52,,,,,,,78,39,39,59,157,39,33,21,56,
 U3677,18,28,58,24,31,17,10,8,17,15,,346,112,25,10,14,,,,,,17,54,39,,,,,,,,50,,70,22,,,,,49,,,,,,,,,,,9,61,20,21,,
 U3807,32,25,53,22,17,17,5,5,3,10,89,141,39,30,7,17,21,41,450,639,138,24,52,19,229,118,160,27,49,93,158,10,29,15,14,123,174,82,22,23,532,569,254,245,1333,636,83,25,57,42,10,13,18,22,33,47
 U3833,,25,,31,,39,18,27,6,18,,,23,110,8,20,26,80,,,,,82,30,48,,,24,,212,,11,104,32,12,78,27,,,85,,,,,,,87,30,40,36,22,84,32,,,41
 U3867,42,33,88,72,12,16,8,7,7,9,,,20,83,13,15,27,99,,,,87,35,38,132,,,34,,125,,18,37,29,19,,,65,24,22,,,,,,,196,140,53,87,26,84,208,16,15,
 U3914,53,30,305,133,102,35,6,14,18,10,560,232,30,73,30,21,28,163,670,652,587,37,36,82,80,327,208,68,77,146,412,23,59,26,22,60,56,89,17,39,722,3957,1017,515,1011,987,63,36,69,64,58,77,36,74,29,100
 U3918,42,27,72,14,58,18,8,7,38,5,55,315,22,28,12,19,88,,,,,36,79,25,,,128,,39,51,120,10,110,17,15,185,64,57,24,17,,,,,,,,,,,15,19,23,92,128,296
 U3924,12,,,37,,28,16,3,15,66,,,,,49,10,60,,,,,,,23,,,,35,,,,119,189,63,23,,,,,,,,,,,,,71,,,104,47,64,,,
 U3927,12,,,24,102,21,8,2,6,3,,,,,14,3,20,,,,,,,12,,,,66,,,,73,3,15,12,,,18,27,,,,,,,,,,,,8,29,65,196,,
 U3929,11,,,44,,47,5,3,5,4,,,,,10,8,11,,,,,,,7,,,,126,,,,12,9,18,15,,,25,16,,,,,,,,,,,,23,66,37,,,
 U3930,6,62,,27,35,34,11,8,49,11,,,67,,26,13,153,,,,,,,167,,,,257,,,,11,15,21,21,,,146,86,,,,,,,,,,,,12,68,39,137,,
 U3931,43,90,,28,156,47,14,19,10,9,,,54,,29,103,145,,,,,,,55,,,,235,,,,66,23,20,14,,,58,,,,,,,,,,,,,7,66,34,129,,
 U3932,10,28,,194,43,35,12,3,31,17,,,118,,174,53,,,,,,91,,186,,,,,,,,10,,138,43,,,21,34,105,,,,,,,,,,,11,62,231,143,,
 U3954,178,,114,15,119,,5,10,8,35,,1390,168,,61,100,,,,,,,,8,,,,,,,,73,24,64,26,,,93,58,,,,,,,,,,,,106,55,,159,155,
 U3955,17,,223,99,123,77,6,6,8,9,,1178,41,,26,4,,,,,,,,,,,,,,,,17,70,15,30,,,92,49,,,,,,,,,,,,15,299,55,181,70,
 U3956,,,195,38,115,79,5,3,7,4,,1123,108,,37,6,,,,,,,,,,,,,,,,34,13,18,4,,,,51,,,,,,,,,34,,,6,318,40,209,56,
 U3961,27,76,95,68,25,135,13,5,10,111,193,475,36,43,39,41,54,108,294,,513,56,42,110,66,139,324,45,319,143,160,19,136,14,17,41,92,21,17,39,,,,167,,,96,71,254,51,35,84,28,65,20,51
 U3962,15,56,39,175,19,74,17,6,20,14,419,196,80,119,8,20,29,75,371,1347,59,50,127,16,79,184,203,33,47,143,93,19,18,13,25,34,128,78,20,98,1387,1345,1303,141,696,567,55,32,110,47,112,87,72,33,48,36
 U3964,22,94,,45,59,84,18,9,29,13,,,70,91,73,20,59,,,,,95,59,33,,,,82,,,,21,60,54,23,94,124,272,59,47,,,,,,,19,44,65,,52,40,60,160,198,
 U3972,67,80,175,41,125,84,11,20,13,11,,,60,57,14,22,91,180,,,107,61,41,119,71,,,106,62,51,15,13,30,99,23,162,238,39,191,173,,,,,,,354,62,61,60,12,94,160,248,136,59
 U3989,57,26,53,16,33,18,14,7,16,91,,,25,,12,18,31,,,,,25,23,98,,,,30,75,,61,37,72,55,25,,,65,76,52,,,467,,,,,,,,9,19,25,17,36,
 U4004,27,93,660,103,63,74,13,7,9,45,,,36,16,15,30,507,,,,,161,47,27,,,,34,180,,106,79,122,28,17,60,,20,4,122,,,,,,,,,,,56,197,25,72,,165
 U4006,4,33,115,91,116,141,9,4,6,21,,,31,32,75,12,43,,,,,73,40,30,190,,,202,89,48,78,31,94,19,17,55,72,59,19,183,,,,,,,100,97,130,34,17,18,38,15,27,348
 U4009,27,133,258,41,55,40,6,12,8,5,127,47,52,33,242,18,27,123,,,156,60,45,50,163,98,138,96,276,705,140,45,74,13,19,52,105,67,33,34,,,26,179,,103,36,64,43,59,57,19,26,52,68,135
 U4010,13,47,357,159,666,156,8,13,30,13,,,38,104,16,63,24,172,,,,416,343,22,162,,,164,382,42,121,9,32,12,18,74,120,207,66,40,,,,,,,160,218,24,243,22,142,63,295,571,
 U4013,34,56,68,20,22,18,8,6,5,5,257,412,36,41,56,18,141,11,19,,74,161,38,31,62,302,107,92,203,28,55,48,37,21,18,231,157,64,21,27,,,,150,,117,63,180,88,203,57,46,17,17,108,112
 U4015,80,45,62,26,183,44,16,11,33,313,107,102,26,35,14,19,548,82,8184,1028,258,38,14,62,44,167,67,18,31,104,110,47,25,64,46,32,27,44,113,84,269,1444,689,304,1045,339,26,573,42,90,17,85,51,27,39,62
 U4017,7,62,63,37,145,48,15,6,10,25,,,43,57,246,37,145,,,,,71,64,82,,,,36,,,,55,146,13,25,25,,74,49,49,,,,,,,,339,,,19,28,31,56,,
 U4020,12,67,,71,64,32,26,6,13,7,,,116,84,119,22,44,,,,,32,23,85,,,,22,,,11,17,51,50,132,162,82,12,8,21,,,,,,,61,149,34,78,89,99,147,243,9,
 U4023,11,53,552,,,63,,7,11,13,730,,,,29,54,,244,1044,,816,,,198,349,,998,,264,,338,18,,,,144,239,110,149,,,,,,,274,77,360,432,1158,,,,,97,422
 U4025,12,49,240,140,289,149,84,16,24,72,979,458,126,32,18,142,39,140,577,556,474,152,238,54,96,298,548,78,696,76,109,29,43,24,16,53,38,52,203,67,1075,3995,457,262,446,420,142,136,42,214,48,235,28,35,32,102
 U4033,76,64,,40,177,24,18,7,56,13,,,24,,114,34,176,,,,,78,45,150,,,,120,,,,8,63,53,37,,,99,64,91,,,,,,,,130,162,,89,143,176,977,119,
 U4034,11,79,,53,,33,26,4,34,64,,,27,,49,39,87,,,,,506,,109,,,,294,,,,6,11,19,26,,,18,209,,,,,,,,,,,,40,60,30,,,
 U4035,14,159,,29,576,19,18,11,62,64,,,114,,43,28,58,,,,,185,,,,,,,,,,55,17,16,63,,,485,94,,,,,,,,,,,,35,82,93,,,
 U4037,104,63,,205,149,34,10,9,12,36,,,37,,29,22,40,,,,,195,,107,,,,36,,,,21,22,13,31,,,217,150,58,,,,,,,,,,,39,172,56,,,
 U4038,13,117,,69,,27,36,6,16,38,,,39,,15,18,230,,,,,187,61,157,,,,192,,,,8,55,25,16,,,236,189,80,,,,,,,,,,,30,146,327,,,
 U4040,53,78,,25,123,21,9,10,23,19,,,32,,69,57,205,,,,,67,36,128,,,,58,,35,,22,14,12,19,,,95,138,118,,,,,,,128,322,175,,6,116,33,108,293,
 U4041,,33,,32,179,140,71,52,62,35,,,25,,41,46,50,,,,,569,32,30,,,,50,,,,53,285,14,13,,,42,47,37,,,,,,,,95,,,8,37,39,146,85,
 U4042,13,37,,27,364,28,13,14,33,4,,,56,,23,3,83,,,,,32,24,6,,,,,,,,14,6,11,28,,,149,77,68,,,,,,,,,,,13,25,39,30,38,
 U4044,29,162,,22,265,84,22,3,34,10,,,128,,78,94,,,,,,92,58,59,,,,33,,215,,45,19,46,36,,,279,99,35,,,,,,,76,200,162,128,124,46,193,322,43,
 U4046,65,30,45,17,14,23,14,12,6,9,,,19,74,10,23,26,87,,,,27,23,103,66,,,30,56,57,201,34,26,15,18,46,153,36,63,34,,,,,,,63,61,91,50,22,91,23,54,30,94
 U4047,32,53,,81,315,31,39,4,11,13,,,49,,43,18,47,,,,,,,,,,,,,,,9,,57,15,,,169,79,39,,,,,,,,,,,65,53,76,,,
 U4048,7,37,,34,185,149,9,21,3,42,,,32,,55,19,14,,,,,42,71,104,,,,,,,,3,13,19,22,,,45,19,76,,,,,,,,,,,21,15,39,161,35,
 U4062,39,23,,20,600,21,137,7,11,8,,,19,,66,68,,,,,,120,154,159,,,,,,,,9,14,17,19,,,26,105,,,,,,,,,,,,16,152,36,,,
 U4064,19,,,92,274,35,52,85,68,21,,,73,,70,27,94,,,,,,,124,,,,,,,,50,30,84,36,,,67,45,193,,,,,,,,,,,12,48,56,,50,
 U4065,74,98,,22,41,21,68,145,70,7,,,45,,33,211,70,,,,,,,125,,,,,,,,17,84,16,21,,,148,152,,,,,,,,,124,129,,19,65,132,132,,
 U4066,58,,,112,116,,29,56,118,48,,,,,27,9,178,,,,,,,138,,,,145,,,,41,33,68,15,,,50,17,,,,,,,,,,,,11,170,,,111,
 U4067,63,113,,25,816,30,77,122,49,19,,,41,,70,222,53,245,,,,,655,163,67,,,112,,146,,51,37,16,19,,,161,40,63,,,,,,,140,60,293,39,23,139,136,175,39,
 U4070,13,31,,26,13,34,21,10,9,36,,,93,62,11,19,41,107,,,,41,286,55,87,,,44,,172,,17,40,47,20,,,55,21,41,,,,,,,290,75,26,51,27,28,61,10,49,
 U4071,22,51,,183,185,47,14,7,58,18,,,114,,20,,,,,,,,,,,,,,,,,82,,21,69,,,61,464,66,,,,,,,,,,,29,102,32,54,,
 U4076,9,47,,38,229,32,14,14,19,12,,,34,,74,106,85,,,,,55,186,208,,,,,,,,19,12,15,40,,,31,52,49,,,,,,,,,,,10,31,59,152,,
 U4096,8,66,26,16,12,16,7,5,4,6,53,85,17,21,5,12,20,48,250,,33,24,15,16,27,71,204,38,35,47,246,8,16,7,10,100,32,14,17,21,183,,1054,202,1665,114,30,18,19,30,8,12,19,12,16,60
 U4099,6,21,,41,106,34,7,3,5,49,,,34,72,13,5,,,,,,54,251,28,,,,,,,,6,14,13,12,,,45,39,32,,,,,,,,,,,6,147,22,99,40,
 U4144,50,26,,58,,21,50,7,6,20,,,28,48,6,89,,,,,,,,26,,,,,,,,42,,12,32,,,113,,,,,,,,,,,,,6,35,37,,,
 U4154,,28,,50,,29,8,5,5,4,,,35,59,17,14,,,,,,,,50,,,,,,,,14,69,21,18,,,44,31,67,,,,,,,,,,,23,23,31,,,
 U4193,7,23,41,16,11,27,5,4,40,6,92,190,26,13,8,22,22,45,223,297,79,18,24,29,57,256,101,37,49,54,35,10,40,13,14,33,50,21,12,26,158,545,243,182,,214,61,56,42,47,33,11,27,12,16,43
 U4230,39,76,,28,18,41,10,5,8,6,,,35,42,35,27,209,,,,,132,54,47,,,,48,,,,23,37,12,90,147,,13,109,49,,,,,,,,76,,,11,40,73,114,248,
 U4231,17,25,,25,21,15,21,5,18,75,,,57,,16,30,75,,,,,34,25,50,,,,,,,,,65,23,7,,,62,165,29,,,,,,,,,,,26,17,29,16,,
 U4233,13,57,,27,28,16,11,10,6,12,,,34,103,10,51,68,,,,,53,125,32,,,,41,,,,42,31,24,24,,,73,49,32,,,,,,,,90,83,,6,22,90,53,221,
 U4234,11,49,,19,17,58,7,5,15,5,,,37,,15,,,,,,,,37,,,,,44,,,,21,12,12,13,,,13,35,50,,,,,,,,,,,16,16,29,20,,
 U4242,34,92,,24,21,20,7,11,22,19,,,32,46,8,160,55,,,,,52,132,30,,,,204,,,,73,35,32,21,,,59,11,83,,,,,,,,,,,42,28,43,17,31,
 U4243,10,54,,36,335,13,4,2,5,6,,,29,58,8,19,47,,,,,78,102,56,,,,29,,,,46,58,21,13,,,41,85,22,,,,,,,,,,,17,15,23,15,157,
 U4247,15,79,,25,336,36,32,11,,9,,,75,,,14,129,,,,,,,29,98,,,31,,,,,65,,,,161,34,52,35,,,,,,,,,,,,56,28,20,,
 U4248,30,82,,32,57,72,12,5,12,6,,,95,,62,53,,,,,,,,84,,,,,,,,116,,86,18,,,40,,,,,,,,,,,,,47,53,87,76,,
 U4249,18,270,141,204,,100,13,8,18,19,,,107,,35,24,164,,,,,,,67,,,,52,2554,,,51,88,58,86,,,,,,,,,,,,,124,49,,53,108,83,,,65
 U4289,13,71,390,,133,,,,,,139,202,,,,,,,,,163,,,,,,128,62,1251,,346,,,,,59,60,,,,,141,1192,2204,,427,180,,,77,,,,,448,202
 U4299,19,58,322,61,,53,46,7,25,15,,,66,,26,,,,,,,43,,,,,,,,,,17,,122,48,,,48,,86,,,,,,,,,,,146,27,106,,,
 U4351,4,22,,33,32,25,11,2,4,15,,,36,24,7,,,,,,,,,25,,,,,,,,9,,9,28,,,,,72,,,,,,,,,,,7,13,21,,,
 U4354,10,30,35,20,21,32,4,7,6,32,75,106,27,30,20,11,25,66,417,,87,31,113,24,40,,,23,41,32,110,11,30,9,16,89,40,35,21,34,,,,175,,303,81,25,39,58,8,37,34,19,60,81
 U4368,33,22,,34,14,15,29,6,31,11,,,18,26,6,21,138,,,,137,49,31,225,,,,58,77,,119,22,62,14,44,116,54,30,83,24,,,,,,,86,39,64,,6,21,15,82,281,66
 U4376,24,,,20,16,16,5,8,6,9,,,25,84,27,10,,,,,,35,49,,,,,29,,,,11,,8,14,,,,,58,,,,,,,,,,,10,21,25,45,,
 U4382,,17,,67,14,14,9,2,5,5,,,17,51,6,8,19,,,,,14,21,16,35,,,13,,,,9,16,19,26,,43,24,18,24,,,,,,,43,23,46,109,5,8,13,12,19,
 U4394,21,28,,25,,23,6,5,6,21,,,35,28,8,10,,,,,,25,,31,,,,27,,,,18,34,14,11,,,44,,47,,,,,,,,,,,20,18,22,,,
 U4398,37,,199,39,320,55,62,7,191,36,,,105,53,8,57,128,982,,,,46,73,,,,,243,,334,,16,28,22,199,150,,107,67,30,,,,,,,336,,245,233,12,29,64,236,29,
 U4416,14,28,40,14,46,17,4,5,3,15,150,317,23,23,6,10,19,29,633,326,140,16,17,20,30,117,243,33,91,33,29,14,17,9,13,47,30,26,19,47,424,466,261,149,1330,450,66,44,48,37,11,10,30,32,112,69
 U4428,,28,55,43,70,17,9,10,39,7,,,23,22,11,70,216,103,,,,23,40,93,261,115,,58,62,230,50,96,34,20,20,89,23,29,35,24,,,,,,,30,96,150,117,12,18,24,28,36,169
 U4464,,21,,26,14,30,7,13,9,10,,,27,72,6,13,50,,,,,23,,26,,,,22,,,,11,33,20,14,,,,,19,,,,,,,,37,,,8,17,26,14,,
 U4466,43,,111,18,18,26,8,11,15,25,128,,31,22,14,24,26,228,425,,61,40,64,,52,,,55,41,36,77,16,19,14,14,48,36,22,58,56,183,,,206,,,122,25,29,,21,57,42,14,,319
 U4553,21,26,43,29,121,36,17,8,8,15,,,28,36,9,66,25,,,,,35,15,74,,,,80,100,,,38,50,27,32,,,38,29,77,,,,,,,,,,,34,16,25,,,
 U4582,9,19,38,27,12,39,6,7,3,10,188,266,20,17,11,8,17,58,160,339,67,25,28,18,52,81,110,14,52,43,36,8,14,8,24,95,64,12,50,19,,,,337,,,76,35,27,42,6,10,17,13,12,70
 U4584,21,23,,25,15,25,24,9,8,13,,,34,,9,,,,,,,,,,,,,,,,,15,,34,15,,,53,19,,,,,,,,,,,,16,21,776,29,,
 U4622,,19,37,34,83,19,8,3,5,26,108,464,26,44,7,12,42,46,274,802,35,66,47,61,50,244,339,25,43,50,45,13,58,20,29,154,219,51,23,37,470,2541,1527,468,1323,444,40,89,267,64,7,12,48,46,797,69
 U4696,11,26,,18,22,21,7,5,5,27,,,28,36,6,10,42,,,,,33,,19,,,,,,,,7,66,9,30,,,,,52,,,,,,,,,,,13,16,24,34,,
 U4709,25,40,63,49,128,29,9,10,6,9,143,365,44,32,13,21,37,186,491,,208,63,36,31,87,103,138,54,89,110,40,20,28,13,38,127,44,40,30,48,,,,248,,,71,39,100,41,15,12,17,19,,96
 U4725,,33,,19,,20,11,10,4,4,,,28,37,9,15,,,,,,,,31,,,,,,,,13,50,10,14,,,49,97,,,,,,,,,,,,19,24,22,32,,
 U4816,,,,,,,7,18,31,10,,,,,23,16,34,178,,,,,,33,80,,,73,,120,,32,17,33,57,,,,,,,,,,,,28,21,152,58,12,,,,,
 U4856,,36,,21,,121,65,6,7,20,,,28,66,24,73,31,,,,,107,20,30,,,,24,,,,136,69,82,162,,,148,149,33,,,,,,,,,,,70,12,42,,,
 U4862,,54,,47,,32,21,18,25,26,,,77,114,11,39,159,,,,,63,,194,,,,137,,,,13,93,22,190,,,35,,48,,,,,,,,,,,39,850,28,,,
 U4914,12,28,69,18,13,17,,,,,131,345,141,49,25,,,,39,,185,16,22,,,220,312,,184,,47,,,25,9,248,394,49,63,,40,,,32,,34,,,,,5,18,15,108,59,95
 U5015,,39,32,18,7,10,5,6,6,6,248,147,15,18,6,20,18,34,139,,114,12,30,29,30,62,104,12,54,28,19,7,15,6,6,94,87,11,10,17,,,,127,,,101,27,31,77,12,11,15,13,11,48
 U5118,,20,30,16,8,14,9,4,14,10,79,91,16,22,4,33,28,38,182,380,43,16,19,317,36,61,58,33,32,50,21,18,122,19,12,39,29,31,35,26,114,685,600,62,275,384,35,62,33,45,5,10,16,16,49,47
 U5301,,32,,92,135,21,11,8,10,17,,,25,40,7,13,48,,,,,31,24,32,,,,27,,,,14,39,32,15,,69,73,112,32,,,,,,,,48,41,73,11,23,18,51,,
 U5306,,25,,44,17,18,4,8,4,4,,,19,22,8,13,22,,,,,26,19,25,,,,23,,,,15,32,31,11,,,25,57,36,,,,,,,50,64,40,,8,13,17,23,,
 U5308,,23,62,18,8,25,7,11,6,5,178,131,21,21,6,9,35,52,127,570,155,27,24,30,52,233,54,27,25,66,80,11,24,24,23,35,60,35,36,21,239,2271,354,227,812,677,31,25,33,36,6,11,21,12,32,167
 U5400,,26,,24,,14,9,7,90,10,,,35,70,4,19,,,,,,39,41,,,,,,,,,10,22,18,10,,,,,107,,,,,,,,,,,10,12,22,,,
 U5426,,59,299,20,233,13,45,8,14,19,420,163,21,36,17,34,93,70,285,439,739,44,30,48,98,80,173,82,173,84,340,44,60,22,17,314,70,69,30,165,248,605,481,246,923,266,92,47,63,51,13,20,18,359,106,75
 U5467,,24,45,21,8,16,12,3,6,7,83,176,19,22,,10,33,44,123,,338,19,16,18,45,112,58,25,34,37,27,12,18,11,23,30,26,12,10,18,,,,,,,35,41,65,37,9,15,15,17,77,75
 U5494,,37,86,25,243,20,180,24,9,59,291,207,25,24,7,45,29,102,582,1591,185,161,49,67,80,155,230,101,152,116,166,25,32,31,14,57,62,45,24,31,580,2470,1599,234,1276,418,122,60,52,110,7,14,35,110,77,81
 U5521,,30,61,16,12,11,8,10,6,4,221,115,15,19,6,10,19,44,526,154,82,20,14,21,38,166,325,17,53,34,40,7,16,16,8,32,104,19,48,21,337,429,271,154,269,79,29,22,36,76,5,12,13,18,36,69
 U5628,,81,,11,12,9,4,3,8,4,,,19,20,10,11,13,,,,,78,,15,,,,73,,,,30,20,17,12,,24,24,18,20,,,,,,,,74,31,,13,12,12,16,43,
 U5723,,18,33,22,18,16,4,5,7,5,72,127,25,15,15,9,19,37,451,251,193,22,21,22,49,99,59,25,36,103,77,14,29,12,9,21,21,30,70,14,437,785,720,88,593,358,47,24,33,32,7,14,14,18,48,44
 U5729,,22,149,14,8,12,4,4,4,6,,,26,58,7,7,25,,,,,18,39,150,41,,,19,48,71,29,9,26,8,10,27,61,91,12,18,,,,,,,48,24,23,37,10,10,17,12,12,
 U5736,,45,,24,,20,5,4,3,3,,,27,67,5,14,163,,,,,38,110,15,,,,43,,,,9,34,16,12,,,19,34,32,,,,,,,,,,,8,23,42,,,
 U5750,,29,107,24,109,43,8,17,13,7,,5318,24,24,6,11,45,69,,,343,140,45,39,62,116,,92,145,272,35,14,23,19,22,52,27,190,51,39,,,,,,,38,43,36,84,9,18,67,14,46,127
 U5784,,23,,17,17,16,8,7,4,3,,,19,23,6,13,22,,,,,20,19,15,,,,25,,,,12,39,15,9,,,29,23,19,,,,,,,,,,,15,11,18,30,,
 U5792,,28,26,20,,38,4,8,9,16,,,29,25,7,7,,,,,,,,10,,,,,60,,,10,12,7,7,,,28,20,,,,,,,,,,,,12,14,23,,,
 U5803,,37,,17,,13,3,10,7,6,,,25,30,7,8,,,,,,,,23,,,,,,,,15,18,10,7,,,15,17,,,,,,,,,,,,15,28,17,40,,
 U5821,,,,42,,,8,5,6,5,,,,39,,12,28,70,,,,,,24,54,,,41,,69,,25,27,,22,,,,,,,,,,,,72,30,81,51,,,,,,
 U5823,,23,,33,13,131,8,7,9,6,,,30,,10,11,,,,,,33,26,,,,,,,,,13,,13,26,,,148,16,63,,,,,,,,,,,51,42,30,15,,
 U5827,,24,,29,,18,10,,4,3,,,25,21,7,10,21,,,,,,,27,,,,28,,,,10,19,12,14,,,32,46,,,,,,,,,,,,15,25,33,,,
 U5831,,21,,15,8,47,11,9,4,5,,,20,,7,7,30,,,,,24,,28,,,,,,,,9,29,29,12,,,109,32,,,,,,,,,,,,15,33,16,26,,
 U5871,,18,49,16,63,101,4,14,5,4,,213,16,18,12,10,18,56,278,,252,21,18,21,33,109,89,19,39,37,23,10,12,18,12,30,41,42,18,49,,,,629,,,39,55,36,63,21,11,19,14,47,61
 U5875,,37,,16,,20,8,5,23,16,,,23,,17,10,,,,,,,,23,,,,,,,,14,31,9,13,,,79,18,,,,,,,,,,,,7,15,18,,,
 U5932,,106,224,28,16,21,10,8,8,13,,305,49,31,16,26,92,223,192,,99,41,53,31,78,514,,25,109,109,49,32,66,12,32,227,77,22,58,124,,,,,,,93,108,187,66,12,18,91,20,30,122
 U5937,,17,38,16,8,16,8,5,7,26,180,178,31,29,6,9,30,52,213,,85,19,18,24,41,145,107,30,52,64,42,10,33,13,8,112,52,32,9,24,,,,273,,,35,44,29,48,10,12,19,12,11,64
 U5951,,18,20,10,15,20,5,7,40,21,92,251,12,16,5,8,13,80,174,239,67,14,12,14,59,64,105,34,23,53,56,116,25,5,123,15,37,12,20,19,114,358,367,248,281,573,72,42,52,40,10,7,15,12,9,51
 U5966,,36,203,24,14,38,9,8,11,7,282,189,48,27,9,9,32,122,835,1865,212,32,44,28,53,226,243,44,120,66,33,11,34,35,13,43,35,14,20,47,691,1282,722,188,2474,123,67,76,45,48,28,15,37,14,25,252
 U6008,30,35,,25,118,41,25,6,6,8,,,37,39,9,10,22,,,,,36,27,24,,,,55,,,,18,30,11,12,,,38,23,31,,,,,,,,36,,,29,22,29,56,140,
 U6027,,32,57,32,40,17,12,3,8,8,116,109,26,40,8,11,26,61,331,287,238,36,27,20,50,107,114,65,60,146,30,10,29,22,69,79,25,28,23,32,460,1300,319,232,764,158,33,48,33,34,11,14,27,23,57,185
 U6054,,31,51,31,61,36,9,6,6,44,64,441,17,27,15,9,22,134,503,465,117,29,29,24,33,161,114,20,67,85,188,12,20,13,27,64,142,66,123,24,416,3083,2112,282,399,962,36,46,77,63,13,9,24,31,49,8348
 U6065,,30,,50,39,38,7,4,25,48,,,27,97,9,17,,,,,,87,33,40,,,,,,,,6,26,11,15,,,39,24,53,,,,,,,,,,,16,71,20,66,,
 U6088,,,,,,,78,8,26,9,,,,,22,14,247,229,,,,,,79,152,,,100,,253,,15,29,22,16,,,,,,,,,,,,422,99,93,140,31,,,,,
 U6171,,92,,14,,17,15,4,12,15,,,25,31,55,33,,,,,,,,32,,,,,,,,8,23,15,15,14,,,,30,,,,,,,,,,,9,22,27,,,
 U6173,,40,,45,207,43,79,13,67,13,,,55,26,10,218,,,,,,,,,,,,,,,,48,28,19,31,,,102,36,48,,,,,,,,,,,17,85,97,,,
 U6176,,27,,35,97,18,17,7,16,45,,,37,37,7,116,,,,,,41,36,,,,,,,,,4,47,17,12,27,,23,30,22,,,,,,,,,,,12,14,116,197,,
 U6178,,40,,127,56,42,42,5,3,40,,,45,64,9,44,714,,,,,74,30,70,,,,64,,,,9,200,9,24,,,20,110,102,,,,,,,,85,,,18,11,27,65,113,
 U6191,,32,,16,68,13,17,10,15,9,,,20,75,19,203,,,,,,50,,36,,,,,,,,52,27,11,7,,,56,26,,,,,,,,,,,,7,9,25,233,,
 U6194,,31,,20,,17,17,7,46,16,,,25,,18,54,,,,,,42,,,,,,,,,,23,24,29,10,,,33,26,385,,,,,,,,,,,50,15,21,,,
 U6196,,34,,32,,90,13,11,23,,,,58,70,16,14,,,,,,64,,,,,,,,,,15,35,12,10,,,28,50,,,,,,,,,,,,9,91,29,,,
 U6197,,24,,31,,40,27,6,25,20,,,29,24,19,51,44,,,,,197,54,95,,,,,,,,1415,52,3,36,,,23,74,56,,,,,,,,,,,37,11,28,,,
 U6198,,34,,19,,72,24,11,48,14,,,40,44,14,26,51,,,,,134,42,77,,,,,,,,1426,23,8,32,,,33,83,60,,,,,,,,,,,63,16,28,,,
 U6199,,73,,21,,30,26,11,20,76,,,80,29,96,160,,,,,,130,27,,,,,,,,,11,45,31,22,,,48,23,35,,,,,,,,,,,27,18,33,109,,
 U6259,,16,27,10,9,8,4,3,4,5,137,66,12,15,4,7,43,52,89,395,80,12,10,10,22,46,44,12,13,30,44,6,16,5,6,22,25,9,7,14,117,135,456,200,780,147,25,21,16,28,4,8,13,14,20,57
 U6260,12,29,23,51,19,19,7,5,6,5,78,88,116,16,9,10,42,32,,,341,33,20,13,37,336,100,21,21,31,28,12,16,19,15,32,22,21,31,32,,,,163,,91,16,46,18,31,14,12,37,26,12,18
 U6307,,34,,20,58,15,11,7,14,33,,,42,68,117,,,,,,,,,,,,,,,,,10,64,13,14,,,65,41,38,,,,,,,,,,,10,22,35,193,,
 U6308,,88,,14,62,15,82,5,71,38,,,34,48,101,7,,,,,,,,20,,,,,,,,34,11,64,13,,,110,34,24,,,,,,,,,,,29,15,29,416,,
 U6315,,32,,19,110,17,12,6,50,6,,,29,10,19,42,,,,,,,,11,,,,,,,,9,42,51,62,,,34,18,28,,,,,,,,,,,24,16,24,338,,
 U6352,,27,62,16,67,17,5,4,6,12,284,184,31,43,13,13,38,319,933,896,251,37,57,82,175,100,591,52,81,640,41,14,68,22,13,41,31,58,19,37,1966,6011,762,1132,1466,1059,100,69,34,52,35,58,44,88,98,118
 U6386,,28,,20,119,12,6,6,3,4,,,19,24,6,9,,,,,,,,16,,,,,,,,10,18,11,10,,,23,72,,,,,,,,,,,,29,9,18,,,
 U6421,16,56,,24,25,23,11,11,4,20,,,30,,44,,,,,,,,42,,,,,,,,,,,17,12,,,19,51,,,,,,,,,,,,9,36,40,92,,
 U6443,,35,30,13,,21,6,4,4,5,,,18,24,12,7,28,28,,,160,17,25,13,31,,,14,33,78,55,9,51,10,9,29,31,,12,25,,,,,,,45,46,31,25,9,9,43,,,54
 U6458,6,35,,14,15,11,20,3,6,83,,,20,26,13,8,16,,,,,17,25,29,,,,21,,,,13,16,10,9,,57,45,48,32,,,,,,,,54,41,,19,41,18,11,61,
 U6543,,29,,17,,19,22,7,37,8,,,58,46,10,128,43,,,,,53,,,,,,,,,,32,36,12,32,,,50,24,25,,,,,,,,,,,27,19,22,,,
 U6553,,41,67,18,50,68,23,3,88,17,,,21,96,11,24,135,,,,,28,104,,,,,,27,,103,17,30,15,11,82,,28,35,22,,,,,,,19,,,,22,50,15,386,56,
 U6633,,26,39,25,15,16,8,5,4,11,,121,28,49,8,20,40,103,,,476,24,52,26,62,134,,23,48,60,55,13,26,20,18,49,106,30,40,23,,,,,,,55,54,80,84,10,12,21,22,155,146
 U6644,12,25,,40,51,25,14,9,16,43,183,,57,32,107,13,173,144,,,364,57,82,127,,153,,,61,95,70,9,21,12,11,73,235,60,27,24,,,,,,,113,114,60,59,7,109,17,155,41,106
 U6690,25,22,57,17,10,19,7,5,5,4,,,27,33,30,9,23,,,,,25,16,25,54,,,15,161,60,36,15,14,17,45,48,47,9,17,26,,,,,,,24,20,32,54,14,23,44,12,14,
 U6814,19,,25,,,,,3,5,,127,69,,,,,,43,221,481,414,,,,48,345,110,,48,41,145,,,,,37,16,,,,717,1303,543,148,531,236,19,27,35,64,,,,,,33
 U6821,91,31,,17,,20,134,4,8,24,,,31,34,21,34,,,,,,,,25,,,,,,,,42,154,13,17,,,25,23,,,,,,,,,,,,119,20,19,,,
 U6835,85,21,,40,63,15,20,5,5,44,,,32,76,11,105,27,,,,,57,61,31,,,,38,,,,20,98,9,10,,50,30,43,39,,,,,,,,47,32,,36,30,20,209,121,
 U7237,14,21,121,20,20,28,7,4,9,5,,,24,30,21,18,34,53,,,,23,15,59,103,,,49,43,116,19,12,22,29,30,67,68,34,43,28,,,,,,,49,76,47,49,6,19,21,19,27,46
 U7293,26,20,,96,22,79,5,5,6,6,,,61,98,56,17,35,,,,,39,,53,,,,42,,,,53,54,25,14,,,,,106,,,,,,,,73,47,,11,128,31,18,,
 U7326,7,27,,87,,21,11,4,11,8,,,22,31,6,28,,,,,,18,22,58,,,,,,,,13,26,47,34,,,42,34,71,,,,,,,,,,,10,11,50,,,
 U7369,32,19,83,23,18,16,6,4,9,5,,,22,28,5,10,98,50,,,,35,59,90,27,,,17,89,133,76,13,36,20,16,,35,52,46,42,,,,,,,72,46,44,156,5,11,21,19,,
 U7370,9,,,,,,7,7,14,12,,,,117,7,11,156,156,,,,,,26,73,,,32,,,,18,,21,38,,,,,,,,,,,,,,51,,10,119,52,,,121
 U7405,153,,,,,,12,6,19,12,,,,,13,23,169,,,,,,,113,69,,,42,,108,,54,59,21,15,,,,,,,,,,,,72,49,89,35,30,,,,,
 U7448,46,26,,27,102,25,13,6,12,,,,21,48,17,,,,,,,42,61,,,,,,36,,,,,17,18,,,30,30,79,,,,,,,,,,,15,32,28,94,,
 U7450,51,45,,21,57,39,,8,,28,,,44,79,20,29,,,,,,,,84,,,,,,,,,37,40,18,,,45,,,,,,,,,,,,,53,33,30,153,,
 U7453,38,,99,74,21,301,22,7,13,28,,,,145,64,70,,,,,,,,,,,,,,,,53,,36,29,,,,,68,,,,,,,,,,,44,117,187,68,,
 U7641,11,178,,26,,48,42,27,60,7,,,39,71,72,,,,,,,80,43,,,,,,,,,108,,31,6,,,59,48,43,,,,,,,,,,,5,93,162,,,
 U7679,29,27,58,20,22,17,12,5,6,8,,,21,36,7,9,34,83,,,,15,27,17,104,193,,21,156,99,,11,30,9,39,51,47,21,85,29,,,,,,,160,33,46,56,13,18,38,30,19,99
 U7699,8,121,,91,157,60,25,5,21,33,,,58,128,241,52,,,,,,61,61,,,,,,,,,116,240,37,17,,,92,63,87,,,,,,,,,,,13,52,29,170,90,131
 U7718,14,47,,74,173,138,83,18,34,13,,,91,159,124,85,25,,,,,,,144,,,,,,,,11,23,68,134,,,115,51,31,,,,,,,,,,,74,56,39,135,,
 U7742,28,22,607,44,14,14,25,7,9,18,,,23,17,6,26,89,,,,,48,52,82,116,,,288,268,89,,90,41,10,21,376,23,37,49,22,,,,,,,290,44,52,43,7,14,24,72,75,57
 U7769,36,23,48,83,111,55,9,7,6,13,,,74,37,5,10,16,,,,,37,29,25,37,,,18,,48,,7,25,31,10,150,32,21,17,41,,,,,,,88,30,33,82,8,34,46,25,21,
 U7807,34,24,,20,113,17,6,3,10,54,,,24,17,9,81,,,,,,86,28,37,,,,,,,,19,31,12,11,,,40,35,28,,,,,,,,,,,17,19,23,26,,
 U7827,76,30,44,20,13,36,12,9,7,9,296,201,24,33,11,25,35,38,458,,189,30,30,17,58,261,191,34,90,57,85,12,25,34,13,49,81,70,20,22,,,,149,,601,58,53,55,67,11,18,93,51,137,151
 U7832,15,21,,13,20,16,5,2,14,8,,,15,37,5,54,33,,,,,17,24,37,,,,45,,,,9,11,8,8,,,20,19,20,,,,,,,,152,59,,12,23,19,43,18,
 U7840,41,27,47,29,77,27,68,3,5,3,,,62,152,183,30,171,,,,,29,155,141,,,,327,114,185,,19,101,21,21,,,23,118,29,,,,,,,,,82,,28,64,27,418,212,
 U7841,11,40,15,55,302,55,65,16,139,34,,,31,197,33,49,148,,,,,97,70,201,,,,541,,12,,14,23,52,41,,90,79,114,69,,,,,,,62,951,654,,7,51,26,136,193,
 U7843,5,34,,33,56,26,4,6,9,4,,,24,155,8,80,,,,,,61,,,,,,67,,286,,12,160,28,32,,,125,51,113,,,,,,,162,,143,,33,97,52,172,209,
 U7875,8,97,89,75,47,118,29,8,69,17,,,48,36,7,10,116,,,,,133,120,99,,,,85,,306,,20,182,56,17,,118,92,405,237,,,,,,,184,384,231,,25,153,44,72,,209
 U7896,14,31,45,25,18,57,5,10,9,6,341,147,20,56,12,12,28,75,387,,402,17,35,23,51,84,118,31,58,39,47,10,29,16,20,91,79,27,21,40,,,,316,,259,11,38,38,35,11,16,26,31,67,55
 U7897,50,47,184,58,12,51,9,3,59,164,,,251,79,38,11,68,111,78,,,215,37,69,439,,,41,64,262,,89,46,83,18,135,222,129,50,47,26,,,,,,79,53,201,456,38,63,172,177,72,13
 U7898,5,20,55,16,9,13,4,6,7,4,721,109,15,38,10,7,38,80,826,,440,16,21,14,39,69,162,22,91,24,71,10,15,14,15,197,26,11,28,20,,,,532,,258,21,36,32,45,19,15,23,14,14,64
 U7899,39,119,50,33,11,15,6,7,8,7,231,352,31,25,20,13,27,39,870,,89,21,44,26,39,91,214,47,76,70,74,10,44,17,13,24,42,32,19,26,,,,283,,355,41,34,65,37,19,111,21,18,19,53
 U7900,41,21,166,21,18,22,6,3,10,5,228,,24,37,10,12,41,72,,,343,19,31,27,29,73,580,30,90,96,154,13,40,10,16,112,40,33,23,26,,,,,,,39,33,26,66,11,30,16,64,233,95
 U7901,23,98,53,68,,13,8,6,10,14,,,31,44,14,17,38,,,,,,,39,111,,,37,114,131,,16,48,13,23,26,26,27,93,26,,,,,,,70,,,,27,17,23,,,
 U7902,30,36,47,16,28,15,4,4,5,3,396,137,15,34,12,10,26,133,380,685,341,31,23,21,55,70,109,17,81,102,41,14,25,7,8,29,39,48,52,49,180,622,1128,354,285,156,59,31,44,43,12,11,12,146,23,80
 U7903,31,79,73,18,,16,10,6,45,5,,,25,79,12,,167,,,,,114,26,,,,,,174,,,182,,21,13,,,447,79,38,,,,,,,,,,,27,32,19,,,229
 U7904,20,22,37,14,38,23,5,11,5,6,298,128,22,25,8,12,34,61,143,,50,71,82,17,40,261,136,27,63,77,100,15,33,22,8,29,50,52,17,19,666,1050,,88,1428,278,124,38,38,59,22,13,16,87,20,72
 U7908,8,23,75,14,14,11,8,7,4,7,150,199,63,28,7,20,20,50,267,494,286,22,73,84,95,300,122,43,59,32,178,19,77,10,11,33,45,84,75,16,326,1561,334,232,504,315,94,29,26,50,11,14,14,11,109,58
 U7909,47,30,57,19,40,15,4,5,3,4,752,163,44,40,16,15,23,50,787,,405,30,24,58,35,97,620,24,87,45,67,17,36,33,13,62,44,199,11,55,1147,,,479,,349,30,29,29,33,36,25,19,27,84,113
 U7910,33,31,,39,78,19,26,12,7,7,,,33,143,14,22,43,,,,,150,158,40,,,,35,,,,125,119,16,17,,163,55,39,72,,,,,,,,154,81,,19,274,24,127,107,
 U7911,33,79,43,23,108,19,12,6,8,4,,,33,73,20,22,27,175,,,,31,29,33,56,124,,36,50,62,117,29,54,13,16,39,47,30,19,49,,,,,,,74,93,47,58,18,25,28,14,53,197
 U7912,45,51,65,58,62,29,21,17,7,7,,,31,48,10,16,31,310,,,134,46,31,27,96,,,45,171,75,30,62,36,43,16,94,82,11,23,41,,,,,,,61,83,125,72,26,21,28,12,13,184
 U7913,79,81,,23,,21,29,11,23,13,,,38,,26,34,,,,,,,,,,,,,,,,17,92,27,10,,,28,17,,,,,,,,,,,,20,18,26,,,
 U7995,16,,,34,24,15,4,4,6,12,,,,34,9,11,,,,,,,,,,,,,,,,50,40,10,8,,,,,22,,,,,,,,,,,20,17,22,64,,
 U7996,,25,,13,29,21,11,4,2,103,,,20,94,11,13,,,,,,,,63,,,,,,,,53,62,14,13,,,22,68,,,,,,,,,,,,18,19,15,108,,
 U7997,50,26,,16,113,14,11,5,10,4,,,33,44,10,14,38,,,,,48,19,15,,,,40,,,,17,25,19,16,,,149,96,86,,,,,,,,,,,12,64,30,33,41,
 U7999,14,22,92,15,14,14,3,4,4,4,143,188,21,14,9,8,19,54,84,,98,19,24,15,54,77,189,15,34,38,21,8,18,47,10,35,44,9,49,15,80,,269,97,156,,29,19,44,30,7,13,15,14,20,32
 U8001,37,30,,19,109,12,15,,5,12,,,24,,6,,,,,,,20,27,,,,,,,,,,,11,20,253,118,110,46,,,,,,,,,,,,22,12,31,14,181,
 U8003,34,20,,12,,14,7,4,7,5,,,23,31,5,8,,240,,,,,,54,58,,,,,,,11,23,7,37,,,24,62,18,,,,,,,,39,38,34,17,9,38,,,
 U8004,31,37,,27,69,129,,10,,,,,36,,15,,,,,,,29,39,,,,,,,,,,,18,13,198,110,64,38,,,,,,,,,,,,10,28,80,38,142,
 U8005,9,23,,21,13,11,4,4,3,4,,,22,33,6,11,,,,,,40,20,25,,,,67,,,,13,19,15,13,40,32,21,19,27,,,,,,,,,167,,4,11,22,75,27,
 U8017,13,22,41,12,9,12,,,,,,,54,,10,,,,,,,18,30,,,,,,60,,,,,9,9,,179,20,15,,,,,,,,,,,,22,19,17,13,15,
 U8018,85,23,,16,20,13,14,9,18,31,,,16,21,8,11,28,,,,,15,33,41,,,,20,,,,111,33,8,6,,,19,19,14,,,,,,,,24,,,13,16,34,32,,
 U8020,29,23,,18,31,17,6,4,10,4,,,19,85,11,11,20,,,,,47,58,17,,,,,,,,13,27,11,14,,,32,65,22,,,,,,,,,,,10,72,22,30,,
 U8021,33,,165,31,43,9,6,7,4,19,,,,22,15,6,,,,,,23,,17,25,,,31,,101,,15,21,21,8,67,,,,,,,,,,,103,54,54,38,8,13,30,19,,
 U8022,27,33,36,21,13,20,7,6,9,12,106,278,20,35,11,13,20,61,318,1601,112,32,38,22,47,106,76,26,58,50,51,11,24,27,24,62,30,15,21,30,193,1160,554,172,,403,117,44,55,45,7,13,41,24,27,62
 U8023,28,112,25,18,234,19,29,5,8,32,,,27,110,18,144,123,,,,,56,46,201,,,,296,,,,47,39,31,23,,,40,54,33,,,,,,,,,,,19,96,40,246,143,
 U8052,33,32,72,20,15,17,,,,,139,94,19,,11,,,,268,,100,18,26,,,172,143,,144,,,,,18,16,102,47,25,157,,,,,,,,,,,,17,17,24,63,22,45
 U8061,30,31,313,36,12,16,,,,,96,43,34,125,20,,,,38,56,89,123,125,,,354,27,,64,,99,,,10,10,406,297,57,20,,47,81,58,45,143,20,,,,,57,22,39,19,117,34
 U8062,41,31,60,22,252,16,,,,,,,21,123,15,,,,,,,119,79,,,,,,100,,,,,10,11,,,168,90,,,,,,,,,,,,31,11,17,88,126,
 U8063,14,29,33,22,194,35,,,,,32,55,37,47,33,,,,26,52,11,60,44,,,127,36,,98,,245,,,18,12,74,337,31,38,,31,61,59,65,39,27,,,,,30,32,23,16,269,113
 U8065,45,40,,28,110,33,11,7,26,5,,,30,,130,21,,,,,,245,68,,,611,,,,,,24,16,21,33,7,297,128,174,,,,,,,,,,,,19,131,30,128,46,
 U8072,9,32,18,69,252,16,,,,,42,51,36,22,102,,,,45,36,30,81,96,,,28,27,,28,,115,,,29,15,23,191,195,47,,234,125,94,44,92,27,,,,,43,19,22,37,28,42
 U8086,12,36,174,24,452,23,13,8,115,56,,,106,73,16,124,151,528,,,,118,123,31,49,428,,223,261,80,74,8,110,18,67,116,129,36,80,80,,,,,,,76,48,108,39,184,96,37,439,169,96
 U8087,36,193,17,324,109,135,7,23,23,15,,,64,115,118,74,226,29,,,,91,51,280,114,,,179,255,111,65,58,141,16,31,55,80,,,151,,,,,,,98,290,105,131,47,65,130,,,227
 U8088,44,109,299,180,38,104,49,5,140,32,,,50,79,14,248,258,195,,,,,,55,96,280,,77,,311,,50,102,16,15,83,101,35,30,61,,,,,,,169,75,57,99,29,708,113,85,15,346
 U8089,32,42,,43,,25,28,7,157,57,,,59,,63,88,,,,,,,,100,,,,,,,,10,13,100,67,,,22,97,,,,,,,,,,,,15,354,43,,,
 U8090,21,29,,153,13,49,12,5,31,79,,,34,,8,262,,,,,,,,7,,,,,,,,29,,18,20,,,13,110,,,,,,,,,,,,73,18,157,,,
 U8093,30,150,,294,119,112,32,8,23,12,,,75,,11,25,,,,,,254,,316,,,,,,,,15,45,17,63,,,120,38,99,,,,,,,,,,,25,93,73,31,46,
 U8094,34,,,254,68,40,10,18,18,22,,,259,,46,45,,,,,,,,,,,,,,,,19,,23,40,,,13,42,118,,,,,,,,,,,44,80,33,17,21,
 U8098,28,137,32,85,45,114,13,36,106,145,,,188,41,9,159,59,20,,,30,55,77,124,129,104,,46,43,41,29,14,120,12,22,113,84,60,120,91,,,,33,,,51,39,27,35,47,310,74,98,17,28
 U8102,6,17,23,13,15,12,6,6,11,6,,,14,22,14,19,40,75,,,169,17,32,38,42,165,182,75,18,50,39,27,38,16,20,30,26,37,64,16,,,,,,,55,28,37,45,15,10,19,27,67,145
 U8103,9,26,,112,24,26,10,4,61,8,,,53,,57,,,,,,,,,6,,,,,,,,58,,8,42,,,7,5,,,,,,,,,,,,36,57,28,,,
 U8104,10,27,26,92,11,16,17,6,32,8,135,172,20,19,134,43,198,83,351,,93,36,222,8,187,71,701,95,38,77,33,102,56,113,20,329,31,9,25,30,138,148,366,147,,139,57,41,84,91,204,333,93,12,46,64
 U8118,10,20,63,12,10,13,6,4,3,3,42,65,17,101,7,9,23,54,115,331,61,18,21,12,38,242,31,24,47,47,70,13,21,10,13,29,79,18,29,33,82,24,83,36,152,252,73,19,125,65,6,12,14,15,21,72
 U8119,9,45,,19,118,112,5,6,19,6,,,32,,14,8,24,,,,,51,116,116,,,,,21,,,58,10,22,24,,,21,36,29,,,,,,,,78,,,11,69,63,235,224,
 U8143,22,25,,15,,21,18,6,5,20,,,19,,7,,,,,,,72,83,60,,,,,,275,,15,10,17,11,,,52,56,54,,,,,,,16,,,,11,16,18,,,
 U8159,15,26,,13,68,15,31,4,17,28,,,21,60,895,115,119,,,,,72,107,31,,138,,,,,,7,22,11,11,,,346,43,55,,,,,,,,,,,9,15,27,50,584,
 U8160,65,21,11,20,9,18,,,,,92,104,91,53,12,,,,19,172,40,155,29,,,427,43,,18,,29,,,33,9,559,364,70,14,,225,,,77,,109,,,,,42,47,22,58,19,24
 U8164,25,54,33,46,13,22,,,,,77,58,93,40,12,,,,76,317,24,45,160,,,625,66,,43,,22,,,11,13,203,176,40,68,,98,,,65,,80,,,,,14,67,85,25,35,20
 U8165,31,32,59,18,19,15,,3,,,35,70,32,72,8,,,,75,209,19,33,50,,,849,47,,64,,21,,,11,10,495,325,31,15,,90,54,,124,,59,,,,,15,16,19,18,25,34
 U8166,16,32,344,26,36,37,,,,,18,77,198,35,32,,,,32,,25,103,35,,,533,24,,31,,18,,,12,17,57,392,77,70,,,,,70,,35,,,,,14,25,53,15,295,29
 U8167,16,37,20,19,9,19,42,5,39,8,204,182,60,54,6,73,112,,556,,122,165,90,57,,876,186,,17,,88,,102,10,17,252,153,36,61,33,,,,,,,,,,,48,13,21,34,23,37
 U8169,37,80,62,33,23,36,,,,,40,,235,22,308,,,,,,20,272,43,,,108,,,109,,68,,,30,23,139,113,166,382,,,,,,,,,,,,25,59,53,174,316,56
 U8173,59,107,96,120,247,199,14,2,15,12,,,35,30,290,79,,,,,,74,71,17,,841,41,,117,,242,18,82,17,40,204,64,35,91,,,,,,,,,,,,8,45,54,594,315,105
 U8174,149,107,101,215,106,49,9,27,87,36,,,114,299,200,45,,,,,,135,629,434,,,,,103,,115,12,20,10,9,,133,190,95,58,,,,,,,,,,,37,94,121,193,49,
 U8181,12,29,34,17,14,42,,,,,18,,39,23,6,,,,,,20,219,63,,,60,20,,23,,52,,,19,22,34,227,34,53,,,,,,,,,,,,10,61,26,60,327,19
 U8216,31,63,425,21,157,27,,,,,,,24,234,11,,,,,,,66,49,,,620,,,,,,,,14,18,1101,230,72,180,,,,,,,,,,,,23,29,39,34,31,386
 U8217,56,97,292,95,365,79,,,,,,,51,180,21,,,,,,32,39,74,,,116,,,24,,42,,,36,18,432,365,33,67,,,,,,,,,,,,12,60,25,198,615,37
 U8219,16,27,99,27,98,17,,,,,143,342,49,20,8,,,,,,375,34,35,,,404,70,,54,,143,,,9,12,314,276,116,30,,,,,,,182,,,,,24,21,63,40,236,12
 U8220,64,51,89,45,42,20,18,10,,,99,224,132,69,66,,,,,,11,32,102,,,213,55,,56,,121,,,19,18,241,119,134,59,,,,,,,59,,,,,12,30,20,43,294,80
 U8221,117,21,86,17,105,22,,,,,,,36,24,14,,,,,,,19,36,,,180,,,242,,325,,,12,22,462,145,24,61,,,,,,,,,,,,8,47,39,208,24,
 U8222,23,34,173,19,21,14,,,,,,,161,28,17,,,,,,,57,361,,,754,,,280,,860,,,12,11,20,88,40,27,,,,,,,,,,,,6,16,38,16,23,310
 U8223,15,198,,60,1046,147,,,,,,,67,,131,,,,,,,49,130,,,441,,,,,,,,180,181,125,72,36,117,,,,,,,,,,,,68,26,29,35,33,
 U8224,16,59,335,16,45,16,,,,,7,,26,11,26,,,,,,,48,38,,,190,,,56,,,,,15,26,139,90,79,37,,,,,,,,,,,,9,23,19,21,18,73
 U8225,27,62,98,28,98,22,8,10,7,6,,,31,157,61,16,256,,,,,82,78,172,242,480,,167,,,,62,64,30,15,133,373,43,84,216,,,,,,,148,98,61,54,8,35,103,50,110,
 U8226,51,50,,34,932,39,28,24,109,,,,49,70,47,,,,,,,66,64,,,158,,,,,77,,,20,22,382,134,31,38,46,,,,,,,,,,,23,25,81,182,166,
 U8227,29,45,,34,95,26,6,10,,,,,74,35,33,,,,,,,372,224,,,80,,,74,,,,,32,14,592,155,175,7,,,,,,,,,,,,27,67,95,60,32,32
 U8228,11,20,1361,14,72,15,,,,,182,417,22,125,14,,,,,,336,19,17,,,218,59,,71,,76,,,7,10,139,117,69,157,,,,,,,113,,,,,18,17,27,115,111,98
 U8241,6,31,255,30,25,17,,,,,124,,30,40,7,,,,,,,47,29,,,100,,,,,322,,,15,10,389,14,25,42,,,,,,,,,,,,12,31,57,46,228,
 U8242,6,23,,21,29,30,,,,,,,20,,13,,,,,,,34,55,,,69,,,,,,,,11,22,427,101,22,18,,,,,,,,,,,,15,16,38,24,20,
 U8258,114,102,76,81,229,98,19,7,15,88,179,241,48,53,110,23,436,96,380,1459,176,56,67,441,118,148,612,196,72,126,42,25,46,78,38,189,287,113,248,72,352,2077,900,495,478,1335,111,246,171,54,61,54,54,93,86,583
 U8267,46,32,,61,,674,21,10,22,6,,,108,158,63,23,,,,,,,,,,,,,,,,21,17,145,18,,,20,,34,,,,,,,,,,,13,62,30,,,
 U8328,18,,61,,,40,,,,,238,166,,129,130,,,,430,,34,113,60,,,,204,,86,,84,,,121,99,,,,,63,,,,111,,,,,,,217,203,50,,,175
 U8332,33,,167,,,28,55,17,81,283,431,,,54,25,76,,,429,,61,119,81,,,,676,,44,,159,13,,36,20,,,,,33,,,,,,,,,,,50,46,39,,,148
 U8334,168,,54,,,82,,,,,719,,,186,11,,,,722,,69,597,152,,,,691,,148,,201,,,17,26,,,,,86,,,,,,,,,,,172,112,177,,,149
 U8344,27,24,117,33,35,32,,,,,22,,21,46,21,,,,,,248,187,116,,,192,93,,197,,332,,,11,18,28,65,71,49,,,,,,,,,,,,105,13,28,187,94,70
 U8347,17,35,251,14,93,22,,,,,40,41,37,256,37,,,,,,35,50,41,,,624,23,,79,,141,,,12,35,189,76,33,45,,,,,117,,,,,,,13,15,24,201,268,29
 U8348,19,34,62,20,119,30,,,,,164,44,56,29,47,,,,29,52,260,62,107,,,203,43,,9,,190,,,18,10,213,43,58,20,,32,167,61,44,25,25,,,,,22,14,15,231,104,69
 U8352,24,30,580,38,24,50,,,,,70,61,47,230,14,,,,,,65,111,368,,,424,35,,77,,118,,,14,19,356,88,15,185,,,,,,,,,,,,19,15,19,24,100,37
 U8353,40,54,63,27,20,77,,9,,,97,39,171,35,9,,,,67,69,105,261,97,,,175,41,,181,,38,,,12,10,9,15,106,85,,130,95,71,97,94,33,,,,,19,20,54,69,63,100
 U8354,13,29,653,23,97,40,,,,,130,19,33,38,12,,,,42,223,73,55,79,,,209,101,,168,,232,,,13,16,54,102,22,17,,34,,,65,87,25,,,,,33,16,31,200,731,30
 U8355,19,62,104,24,13,31,,,,,98,167,34,42,25,,,,39,77,387,34,292,,,305,27,,161,,321,,,14,14,239,123,108,43,,70,97,122,45,50,44,,,,,6,14,57,15,152,34
 U8356,13,46,200,24,14,41,,16,,,114,369,156,55,12,,,,67,175,140,33,69,,,294,52,,204,,16,,,13,14,216,68,249,58,,48,,,39,61,26,,,,,12,14,59,45,187,76
 U8357,,103,188,34,55,37,29,7,,,30,89,110,42,24,,,,40,,,264,192,,,252,94,,135,,38,,,15,21,395,117,573,57,,33,,,143,106,104,,,,,16,14,22,24,114,84
 U8526,15,37,,26,26,32,7,5,4,8,,,39,29,9,13,29,,,,,30,62,49,40,,,19,,,,13,25,30,14,,,92,49,32,,,,,,,55,47,48,94,10,22,21,25,,
 U8552,7,160,184,96,157,181,17,10,16,10,,,146,157,63,32,96,122,,,,,,34,95,280,,60,,211,,16,63,40,21,85,83,72,306,214,,,,,,,144,57,51,509,87,71,84,59,77,
 U8585,10,,138,,,16,13,5,,,211,,,67,9,,,,,,1276,37,49,,,,,,1867,,237,,,10,13,,,,,103,,,,,,,,,,,30,37,15,,,291
 U8588,14,30,227,29,45,31,6,5,12,7,,,40,62,40,12,109,,,,,35,24,43,,,,72,,,,24,116,27,15,,,60,59,58,,,,,,,,78,81,,40,22,30,87,59,
 U8590,22,59,,106,199,20,10,11,10,94,,,33,47,24,42,,,,,,,,,,,,,,,,9,74,11,10,,,33,49,28,,,,,,,,,,,15,77,48,167,,
 U8592,6,17,9,18,16,20,,,,,,,21,11,6,,,,,,,22,18,,,729,,,132,,39,,,13,27,46,34,22,18,,,,,,,,,,,,14,13,19,17,37,30
 U8593,11,41,,100,,245,11,8,39,8,,,112,,8,49,,,,,,,,279,,,,,,,,18,51,11,17,,,30,,44,,,,,,,,,,,10,28,69,,,
 U8629,6,24,41,14,20,33,5,3,4,4,434,156,13,16,7,14,22,220,157,536,179,26,27,26,30,120,188,16,23,41,57,13,23,8,15,64,40,13,27,19,615,615,277,106,406,706,15,88,32,38,7,10,19,41,21,67
 U8661,23,36,,13,,13,8,4,4,4,,,20,,9,14,,,,,,,,22,,,,,,,,15,13,10,11,,,33,17,,,,,,,,,,,,11,26,31,,,
 U8686,103,,86,,,29,,,,,575,157,,58,13,,,,402,,71,77,72,,,,275,,86,,46,,,28,22,,,,,39,,,,110,,,,,,,42,42,50,,,109
 U8687,15,49,,34,,38,20,11,14,24,,,33,89,20,58,,,,,,66,1066,,,,,,,,9,11,21,25,78,,,,,37,,,,,,,,,,,42,27,27,,,
 U8720,21,30,,17,,20,23,8,11,62,,,50,,8,26,,,,,,,,245,,,,,,,,23,47,15,21,,,28,46,54,,,,,,,,,,,21,39,18,,,
 U8773,26,20,,24,337,25,7,8,6,32,,,23,141,15,22,31,,,,,26,122,28,,,,47,,,,13,22,198,25,,,39,180,46,,,,,,,,55,,,6,19,67,,,
