Login,793,794,795,796,797,798,799,800,801,802,804,805,806,807,808,809,810,812,813,814,815,816,817,818,819,820,821,822,823,824,825,826,827,828,829,830,831,832,833,943,944,945,946,947,948,949,950,951,952,953,954,955,956,957,958,959,960,961,963,964,966,967,968,989,990,991,1003,1004,1005,1006
 U1,,,,,,,,,,2,,,,,,,,153,,,,12,,8,268,,124,,,4,,,7,29,39,,21,,,22,,,,,,,,52,,,,,,,,,,,,,,,,,,,65,15,50,18
 U2,,12,,,15,,,31,15,3,,,31,11,17,19,,7,,,,12,,7,10,20,11,21,,5,12,3,31,8,6,18,15,,,,,,,,,,99,,,,12,25,16,19,73,,,17,33,43,,,,11,,,67,,,
 U7,35,10,143,161,17,45,207,12,21,3,36,55,18,10,11,18,155,12,244,396,151,4,23,6,7,13,10,12,100,6,7,5,4,6,10,6,6,45,44,16,28,34,25,21,11,31,13,,,25,9,9,34,16,36,7,21,11,10,46,,125,37,8,10,,,,,
 U9,,16,,,,,,,,6,,,23,28,24,39,,24,,,,17,79,75,17,,11,,31,11,28,,181,14,15,34,21,,,,,,,,,,,,,,,,,,,,,,,,,,,,,,,,,
 U10,,,,,,,,,16,5,,,,36,,39,,40,,,,8,,10,11,,19,,,5,19,43,4,7,8,10,41,,,,,,,,,,,,,,,,,,,,,,,,,,,,,,,,,
 U16,,,,,,,,,,9,,,,41,,,,,,,,10,,6,13,,12,,,11,,,9,46,5,,6,,,,,,,,,,,,,,,10,,,,,,,,,,,,,,,,,,
 U20,,10,,,26,25,,137,341,6,,,37,18,18,28,,9,,,16,10,26,15,20,400,14,39,,47,15,9,8,7,22,16,48,,,14,1001,,,,85,,20,,,,18,39,21,87,220,,,27,17,126,,,,48,367,,40,,,
 U25,,12,,,12,,,,15,8,,,,15,11,16,,,,,,14,,10,12,,10,19,,5,12,9,6,6,5,21,4,,,,,,,,61,,37,,,,31,13,18,,,,,19,72,24,,,,24,75,,,,,
 U35,122,,,67,,33,,,,,,,,,15,,,,,,,,,9,15,,,,,,,,10,16,,,31,60,,,,,,,,,,,,,,,,,32,,,48,,,,,,,,143,57,,,
 U42,48,18,,52,,,,28,13,3,119,,,,25,,34,24,69,,,,,,9,,,,,,,,5,,,,17,,,,,38,,,,180,,,335,,,,,,,,,26,10,,,137,,44,,,,78,,
 U44,45,7,54,89,11,36,59,13,12,4,48,46,20,11,9,9,29,16,58,79,36,5,81,5,7,24,10,13,26,4,8,29,4,8,25,15,61,43,16,5,23,19,38,98,8,87,17,198,138,125,6,6,11,6,27,20,22,14,13,10,100,45,28,20,14,32,17,145,185,111
 U47,,,,190,20,,91,26,,5,,,148,13,11,18,327,54,,,,6,33,7,13,14,5,11,,6,17,10,,,,10,15,48,157,,,,,,,,16,,,,,,,,,,36,,17,27,,,,27,,,,,,
 U48,,,,,,,,,14,3,,,,12,32,21,,13,,,,7,,7,8,,5,,,3,10,19,4,6,3,8,6,,,,,,,,,,,,,,13,5,20,,,,,20,9,,,,,,,,,,,
 U49,,16,,,8,22,,30,,2,,30,20,29,8,9,,11,643,121,17,6,18,10,8,,7,,,8,9,9,3,5,6,24,,31,11,13,7,,,,9,,11,,,,7,7,15,9,13,,,17,19,22,,,,11,6,21,,17,,28
 U51,,188,,,41,58,45,19,27,4,,,22,20,17,25,,15,,,159,12,32,9,8,22,12,18,27,3,9,10,3,4,6,14,18,45,61,67,59,310,,14636,54,,15,,,,30,10,20,3248,22,46,,22,21,19,,,113,18,52,69,36,102,,51
 U54,,13,204,77,24,20,67,38,18,4,,48,18,17,20,35,176,10,,119,63,9,14,10,9,33,6,66,139,8,8,14,4,8,6,11,26,38,32,37,22,122,,,8,,10,,,,15,8,12,23,60,24,29,18,6,31,,,62,14,20,112,22,44,,51
 U55,,12,,,46,,,,,9,,,,41,34,26,,41,,,,43,,8,21,,12,,,6,29,13,4,14,9,24,28,,,,,,,,,,,,,,,,,,,,,,,,,,,,,,,,,
 U62,,,,,,,,,,8,,,,,,,,,,,,38,,42,15,,43,,,20,15,,22,15,9,,23,,,,,,,,,,,,,,17,12,,,,,,,,,,,,,,,,,,
 U65,,21,,,34,,,,33,18,,,75,50,20,45,,22,,,,35,59,31,56,,23,96,,272,29,11,84,20,17,47,44,,,,,,,,105,,43,,,,35,24,47,22,,,,43,187,35,,,,64,,,72,,,
 U70,,81,,,61,,,,,17,,,,,29,,,15,,,,21,,17,23,,23,,,10,35,40,20,12,9,37,,,,,,,,,,,17,,,,30,17,,,,,,,167,,,,,,,,,,,
 U76,,21,,,,,,,,8,,,,33,19,50,,14,,,,20,,95,16,,11,,,9,40,20,24,6,64,31,37,,,,,,,,,,,,,,,,,,,,,,,,,,,,,,,,,
 U78,,17,,,238,,,52,170,43,,,69,210,29,42,,254,,,31,32,40,10,27,,14,,,10,28,215,24,12,7,24,14,,,,,,,,48,,48,,,,18,57,38,,,,,131,33,33,,,,34,250,,73,,,
 U80,,170,,,16,,,42,,3,,,20,13,14,31,,84,,,,13,109,16,19,120,29,,,5,43,22,8,5,8,8,71,,,,,,,,,,28,,,,14,15,19,66,77,,,22,16,16,,,,85,36,,26,,,
 U82,,106,,,,,,,,5,,,89,20,19,59,,,,,,24,,27,16,,19,,,13,132,38,72,12,15,52,28,,,,,,,,,,40,,,,21,35,39,26,,,,28,,,,,,,,,29,,,
 U83,,,,,,,,,,,,,23,12,7,16,,7,,,,,,4,9,25,,,,3,,,3,,,15,4,,,,,,,,,,,,,,,9,14,,,,,,,,,,,,,,38,,,
 U87,,,,,,,,,,33,,,,33,,29,,,,889,77,36,,,20,,30,,,,,,24,13,7,,4,,,,,,,,,,,,,,16,14,,,,,,,,,,,,91,19,719,,,,
 U89,170,5,221,72,17,177,288,47,39,6,,,15,20,28,32,,19,71,,370,9,19,66,11,450,11,82,317,5,11,13,4,6,8,10,28,98,159,,,,,,165,,22,,,,14,23,21,,,,,22,27,57,,,,,,,31,34,,
 U95,,45,,,34,70,,51,30,4,,,44,23,24,20,,43,,,106,13,27,11,16,50,19,34,56,12,26,24,6,22,20,14,9,,,192,,,,,131,,20,,,,20,18,18,75,,,,38,29,27,,,,95,81,,44,,,
 U102,,,,,,,,,,27,,,,79,,157,,,,,,27,,,19,,132,,,,,,14,22,60,,6,,,,,,,,,,,,,,24,14,,,,,,,,,,,,276,,,,,,
 U106,,,,,12,,,,,16,,,,245,26,,,11,,138,110,65,29,18,30,,56,,,6,23,77,41,8,9,49,13,,,,,,,,,,27,,,,97,147,62,,,,,,72,,,,,14,131,,,,,
 U110,,25,,,28,,,108,306,11,,,32,22,15,43,,6,,,,11,39,12,11,37,10,,,7,60,12,6,12,11,14,,,,,,,,,,,,,,,22,22,,,,,,,,,,,,,,,,,,
 U111,,13,46,,28,88,423,37,41,11,,60,22,19,15,24,,41,53,,19,17,32,21,20,16,46,34,72,5,33,12,6,6,15,15,12,224,788,395,2,268,56,,78,,87,49,,472,20,25,29,161,108,260,64,25,22,19,,,318,28,30,242,40,96,323,128
 U124,,,,,,,,,,3,,,,18,12,28,,,,,,17,19,7,11,,8,,,35,11,8,19,8,10,,18,,,,,,,,,,,,,,15,34,22,,,,,14,,,,,,51,,,,,,
 U136,,39,,,,,,,,17,,,,14,,,,,,,,5,,4,9,,3,,,6,11,8,3,8,4,14,23,,,16,25,,,,13,,,,,,,,,,,,,,21,,,,,,,,,,,
 U137,138,11,37,,15,54,52,27,28,3,139,177,13,15,18,17,,40,,13,13,8,73,6,9,27,8,73,67,10,9,8,3,6,4,23,16,54,45,18,45,,,103,43,,18,299,344,59,8,17,30,31,62,,108,17,20,42,69,,80,81,33,,25,30,,59
 U140,,97,,,12,84,,51,30,4,,,38,22,13,18,,,,,,39,49,44,43,,11,37,,10,28,18,10,13,6,9,20,,,,,,,,81,,18,,,,10,13,30,51,31,,,33,29,36,,,,38,,,46,,,
 U145,,32,99,,25,73,,48,136,21,,,67,64,26,166,,36,,,,36,44,16,16,65,29,106,,19,15,17,7,33,151,17,8,,,,,,,58,48,,79,,,,13,33,40,49,57,,,120,63,51,,,,87,,,62,,,
 U149,,21,,,,,,,,21,,,,,18,,,25,,,,7,,20,10,,11,,,8,31,12,8,9,19,25,32,,,,,,,,,,34,,,,10,10,,,,,,,58,,,,,,,,,,,
 U155,,,,,,,,,,14,,,,,,,,,,,,,,34,,,17,,,6,,53,31,12,87,35,51,,,,,,,,,,,,,,,,,,,,,,,,,,,,,,,,,
 U158,,,,,,,,,,86,,,,,,,,,,,,27,,39,56,,27,,,12,95,18,80,14,65,9,9,,,,,,,,,,,,,,25,23,,,,,,,,,,,,,,,,,,
 U162,50,76,,,19,45,60,114,17,7,,,22,45,20,23,,17,,,,7,54,6,10,49,15,26,21,4,11,17,5,26,9,13,14,,,44,,,,,,,23,,,,10,21,18,15,52,,,22,16,60,,,,44,,,115,,,
 U166,,18,,,61,35,,96,33,7,,,31,34,32,24,,102,,49,141,7,116,33,42,114,23,34,106,19,45,52,9,31,12,29,41,67,226,185,24,82,,44,35,,30,,,151,20,13,47,15,41,18,26,52,16,47,,,59,44,48,,25,60,,121
 U168,,,,,,,,,,13,,,,,,,,,,,,9,,11,24,,7,,,6,,,5,8,8,,18,,,,,,,,,,,,,,,29,,,,,,,,,,,,,,,,,,
 U169,361,9,229,94,8,58,103,30,12,10,106,34,11,10,10,18,76,7,261,614,19,6,13,8,5,17,6,46,41,4,14,11,4,9,4,8,4,49,120,25,25,23,127,23,9,17,23,170,,35,10,14,14,18,38,24,51,11,31,27,76,93,30,13,11,27,26,90,94,58
 U170,,186,,,32,,,,22,7,,,,43,,35,,64,,,,15,61,23,20,,158,,65,11,29,73,48,17,13,34,144,,,,,,,,,,,,,,,,,,,,,,,,,,,,,,,,,
 U176,133,43,207,607,34,31,82,98,136,5,315,,28,42,15,21,67,24,186,223,130,8,31,10,18,33,16,46,,6,9,10,60,10,6,9,78,309,717,,,,,,49,,32,,,99,17,18,24,45,42,,213,23,29,23,,,202,46,202,515,64,33,,
 U179,54,10,195,67,12,98,,24,13,6,74,100,32,15,11,12,,11,84,,125,12,21,8,23,20,19,12,19,5,12,7,5,5,48,17,17,49,10,10,38,68,63,17,10,,10,20,,,10,36,18,9,20,72,,13,16,34,,,141,23,42,190,14,26,128,81
 U184,171,24,,,53,97,512,106,26,7,,,33,31,22,21,,72,51,,36,13,38,54,24,122,10,63,37,5,40,16,6,9,5,26,96,37,132,22,83,42,45,49,84,,32,,,27,9,13,25,22,52,34,163,45,16,34,,,49,53,19,,56,,,
 U185,,132,,,81,61,,126,35,10,,,163,42,17,18,,24,,,441,12,58,19,,168,,20,156,,,,,39,,,36,43,322,1705,63,359,,,442,,24,,,434,,17,43,37,60,341,135,23,28,66,,,124,20,65,,59,67,,75
 U201,,16,,,25,,,109,112,5,,,34,29,44,48,,34,,,,26,44,23,13,87,20,65,,19,25,113,13,42,16,22,26,,,,,,,,,,46,,,,22,21,127,,,,,40,22,182,,,,28,43,,36,,,
 U202,,23,,,86,,,,,13,,,106,,,,,19,,,,32,,22,51,,16,,,11,,,11,33,25,43,20,,,,,,,,,,,,,,,33,,,,,,,,,,,,41,63,,56,,,
 U215,,,,,48,,,,,5,,,,,,,,,,,,66,,13,73,,15,,,6,,,17,6,11,29,34,,,,,,,,,,,,,,,,,,,,,,,,,,,,,,,,,
 U220,,75,,,15,675,71,78,214,19,,379,45,25,23,31,,99,,,36,32,77,9,29,69,15,61,,7,10,9,12,10,13,14,55,,168,,,,,,,,36,,,,25,56,39,65,44,,,22,36,28,,,,35,,,38,,,
 U224,503,24,110,1111,237,53,102,82,34,5,337,260,27,32,37,50,532,22,498,100,85,6,55,10,39,32,8,24,17,6,9,12,4,9,5,7,73,149,48,38,36,,,85,16,,65,,1775,,12,15,19,311,42,129,86,25,8,22,252,,50,47,150,199,18,41,440,694
 U229,,32,,,14,,,,,4,,,,33,52,26,,14,,,,8,,17,10,,13,,,9,18,40,45,5,9,23,31,,,198,,,,,34,,,,,,19,11,,75,,,,,83,,,,,,99,,,,,
 U235,,18,,,13,30,,53,20,4,,,19,22,27,23,,,,,27,5,28,7,12,20,8,25,29,12,14,10,4,6,5,10,35,54,,,,,,,,,,,,,,,,,,,,,,,,,,,,,,,,
 U237,,39,,,78,55,,,37,5,,,58,27,24,50,,86,,,,9,83,9,14,,25,43,,9,23,20,8,9,26,10,50,,,,,,,,,,,,,,,,,,,,,,,,,,,,,,,,,
 U325,,98,,,,,,,,44,,,,65,35,,,12,,,,78,,46,25,,215,,,10,130,27,16,19,14,49,121,,,,,,,,,,,,,,,,,,,,,,,,,,,,,,,,,
 U333,,,,,,,,,,4,,,,,,,,,,,,7,,18,39,,24,,,15,16,13,5,6,10,15,13,,,,,,,,,,,,,,25,15,,,,,,24,,,,,,,,,,,,
 U344,,,,,,,,,,9,,,,,,,,,,,,112,,14,30,,20,,,15,,20,232,9,13,33,60,,,,,,,,,,,,,,,,,,,,,,,,,,,,,,,,,
 U382,,,,,181,,,,,5,,,22,269,111,798,,23,,,120,83,124,35,70,86,333,,,41,47,34,498,17,11,12,22,,,,,,,,50,,363,,,,45,86,59,18,,,,,50,281,,,,26,25,,,,,
 U388,,20,,,36,53,,,80,5,,,31,25,26,29,,115,,,,5,45,14,13,40,16,341,,10,22,20,7,16,14,35,6,,,,,,,,41,,32,,,,12,20,36,52,28,,,43,75,42,,,58,,,,32,,,
 U416,,110,,,92,55,,665,21,11,,,54,29,35,52,,268,,,76,24,115,24,36,105,38,87,,22,26,29,72,32,25,53,152,,,214,68,,,,161,,30,,,,76,83,52,259,44,,,40,62,37,,,,44,,,173,,,
 U432,,90,,,,,,,,6,,,,25,11,30,,19,,,,12,,9,15,,8,,,5,9,7,12,20,6,54,27,,,,,,,,,,20,,,,15,20,20,,,,,18,25,,,,,,,,,,,
 U473,,,,,,63,,14,,6,,,,,,,,,,,,42,31,,,,,,,,,,,15,,49,,,,,,,,,,,,,,,,,2,,6,,,43,,,,,,,,,,,,
 U490,142,13,335,58,214,42,56,65,9,4,85,46,61,141,30,40,193,5,117,85,10,6,13,11,9,27,6,16,12,9,25,10,5,4,8,20,14,37,37,243,72,,,,10,,13,,,,17,11,21,28,31,26,16,16,17,14,,,204,21,14,,59,59,,
 U492,,23,,,,,,,,9,,,,,19,,,15,,,,7,,8,9,,11,,,,14,9,,12,8,22,22,,,,,,,,,,11,,,,13,7,22,,,,,,10,,,,,,,,,,,
 U493,,18,,,55,,,,,14,,,,195,786,101,,23,,,,117,,10,49,,62,,,11,153,360,7,16,19,258,116,,,,,,,,,,54,,,,266,14,66,,,,,26,103,,,,,,,,,,,
 U494,85,16,185,103,36,50,144,18,27,6,623,54,24,17,16,22,494,16,170,28,49,20,57,13,21,41,9,38,40,9,19,10,6,11,6,34,28,81,41,12,94,54,,140,26,319,42,243,596,64,36,15,73,39,86,143,139,28,21,33,104,398,102,15,15,80,24,156,170,75
 U509,117,13,130,157,23,29,137,18,15,6,49,121,16,16,13,19,186,16,87,70,40,5,18,10,13,42,5,26,105,10,12,7,4,6,5,30,10,65,285,,,,,,,,,,,,,,,,,,,,,,,,,,,,,,,
 U515,,355,,,,,,,,5,,,,,,,,195,,,,22,,,,,18,,,12,17,,16,43,61,40,64,,,,,,,,,,,,,,,,,,,,,,,,,,,,,,,,,
 U525,,12,,,,,,,32,6,,,,36,15,32,,14,,,,5,,21,17,,10,,,41,19,13,9,9,12,17,14,,,,,,,,,,33,,,,14,25,37,,,,,28,13,,,,,,,,,,,
 U552,46,11,85,129,12,42,132,22,24,8,46,88,17,20,12,14,88,40,407,58,63,6,21,9,5,23,7,26,136,7,10,7,4,6,7,13,37,43,26,,,,,,,,,,,,,,,,,,,,,,,,,,,,,,,
 U620,,19,,,65,,,,170,231,,,352,55,122,678,,122,,,,12,293,11,48,,21,,,8,33,14,88,27,8,33,41,,,,,,,,86,,59,688,,,121,30,43,264,,,,51,68,,,,,135,307,,129,,,
 U621,,18,,,55,,,,238,18,,,,163,24,38,,23,,,,44,44,14,45,144,67,44,271,29,13,494,19,51,15,29,83,,,,,,,,,,,,,,64,35,,,,,,,,,,,,,,,,,,
 U634,,16,,,36,,,,,3,,,53,15,23,23,,,,,,8,40,15,19,120,29,,44,6,11,14,6,18,10,10,33,,,,,,,,,,,,,,,,,,,,,,,,,,,,,,,,,
 U652,135,13,162,161,9,25,40,65,13,4,58,380,20,25,20,14,715,121,156,175,24,8,25,11,10,19,6,17,317,4,7,7,15,5,7,12,14,32,27,,,,,,,,,,,,,,,,,,,,,,,,,,,,,,,
 U653,,28,,,,,,,108,41,,,124,151,131,,,,,,,66,,309,48,,145,,,59,75,58,25,60,185,69,141,,,,,,,,,,56,,,,32,24,193,,,,,,,,,,,,,,,,,
 U659,,32,,,26,,,210,211,7,,,62,19,37,35,,31,,,,28,37,48,28,68,20,60,61,18,35,19,61,11,13,27,23,172,119,,,,,,,,,,,,,,,,,,,,,,,,,,,,,,,
 U668,220,13,,367,25,124,197,65,24,6,,,34,40,30,90,212,78,392,131,68,84,56,28,37,129,31,37,67,7,24,28,12,35,10,18,,128,26,570,,,,,84,,45,,,,41,23,77,66,48,,,74,25,67,,,,25,38,,66,,,
 U676,114,17,903,576,27,62,193,23,33,4,1555,182,51,16,17,22,715,14,463,1143,29,14,41,8,10,48,8,32,75,6,12,21,4,5,6,37,44,97,46,,,,,,,,,,,,,,,,,,,,,,,,,,,,,,,
 U680,,,,,,,,,,9,,,,41,35,,,122,,,,39,79,117,24,,118,,,54,18,,40,41,,,32,,,,,,,,24,,31,,,,18,,33,34,65,,,31,,,,,,38,,,,,,
 U681,,,,,,,,,,3,,,,,,,,,,,,10,,,13,,9,,,4,,,4,5,7,6,10,,,,,,,,,,,,,,,,,,,,,,,,,,,,,,,,,
 U683,,128,,,,65,160,163,,17,,,29,30,30,21,,10,,,136,,51,,20,28,,227,41,47,12,27,12,16,11,49,22,327,1903,,,,,,,,,,,,,,,,,,,,,,,,,,,,,,,
 U689,,,,,,,,,,3174,,,,,,,,,,,,30,,81,41,,19,,,142,,,19,12,50,,39,,,,,,,,,,,,,,,,,,,,,,,,,,,,,,,,,
 U691,,12,,,10,33,88,12,8,2,,,15,18,7,14,,9,,,52,7,15,6,9,28,5,12,,8,11,7,2,7,3,12,8,32,17,11,,,,,,,,,,,9,12,,,,,,,,,,,,,,,,,,
 U692,137,38,,,28,29,128,31,24,5,,,30,121,14,116,,14,,,53,16,71,17,16,33,11,41,,7,24,64,6,7,30,12,36,603,155,45,27,92,,49,123,,18,,,,20,15,42,19,28,179,26,27,64,37,,,105,62,59,,27,,,
 U695,,11,,,13,77,,27,19,5,,,17,29,14,20,,12,,,63,13,48,13,11,18,7,19,40,6,22,15,4,7,15,11,15,,,,,,,,,,,,,,,,,,,,,,,,,,,,,,,,,
 U704,,125,,,21,844,,334,75,6,,,511,42,36,165,,30,,,38,36,52,60,24,47,13,70,824,6,22,293,7,18,272,27,434,,,,,,,,,,,,,,,,,,,,,,,,,,,,,,,,,
 U706,115,86,134,88,32,48,125,45,41,3,,363,23,22,26,17,306,54,137,,161,32,514,9,25,81,49,83,73,6,11,14,4,6,7,14,49,86,25,23,23,32,19,,8,,14,,,,17,18,24,15,,,,28,32,65,,,,29,26,,30,,,
 U708,,12,,,71,,,,22,4,,,,,21,22,229,,,,,,,,,49,23,13,,,,,,,,18,41,30,54,,,,,,,,,,,,,,,,,,,,,,,,,,,,,,,
 U709,83,19,129,494,40,112,93,20,18,7,409,52,31,25,15,14,727,51,70,67,114,6,23,9,6,16,8,45,295,5,9,4,5,5,7,17,8,159,93,18,20,38,447,117,11,209,20,141,414,20,18,12,14,11,42,69,25,16,16,22,193,130,39,14,16,56,20,435,99,29
 U712,,23,,,,,,,16,3,,,,18,16,,,,,,,,26,8,,,19,22,,,,130,,,,,42,,,,,,,,,,,,,,,,,,,,,,,,,,,,,,,,,
 U716,358,15,267,243,69,88,148,85,19,10,1381,445,44,41,19,29,82,29,29,127,38,8,38,47,10,184,16,41,250,5,13,13,5,6,10,17,34,116,48,47,27,29,599,152,43,271,18,296,,257,12,18,17,21,32,13,25,16,46,70,,,27,35,36,199,25,65,80,56
 U717,101,41,,,129,181,98,123,72,7,,,42,43,26,31,,46,,,104,82,40,37,15,22,15,41,,81,9,120,33,25,28,57,16,,,128,358,,,,,,,,,,,,,,,,,,,,,,,,,,,,,
 U719,,55,,,29,,,,10,4,,,20,31,25,23,,51,,,,6,,14,11,,12,,,12,9,18,5,9,7,21,36,,,,,,,,,,,,,,,,,,,,,,,,,,,,,,,,,
 U731,,24,,,33,58,70,89,26,5,,,25,34,14,22,,8,,,79,29,21,8,15,19,19,28,186,7,15,11,8,9,8,24,24,67,21,,,,,,,,26,,,,21,21,19,18,,,,20,125,39,,,,,,,44,,,
 U732,,,,,,,,,,9,,,,,21,,,,,,,12,,36,19,,42,,,10,26,69,14,11,18,51,68,,,,,,,,,,,,,,31,18,,,,,,,,,,,,,,,,,,
 U733,,7,,,41,,,,15,3,,,32,14,18,21,,29,,,,10,,6,9,14,45,26,,4,17,9,5,8,6,16,23,,,,,,,,9,,13,,,,18,8,19,,,33,,16,12,19,,,,,11,,29,,,
 U736,,14,,,,84,,62,44,4,,,25,,71,28,,77,,,23,9,49,21,22,33,32,26,77,8,27,91,21,21,6,24,34,86,17,,,,,,,,,,,,,,,,,,,,,,,,,,,,,,,
 U738,,130,,,42,,,,52,16,,,27,43,20,41,,16,,,32,12,70,17,14,36,11,57,,20,38,12,7,46,20,34,17,,,,,,,,142,,16,,,,69,24,45,33,48,41,,52,52,32,,,,61,176,,21,,,
 U739,,,,,,,,,,11,,,,,,,,,,,,47,,7,17,,9,,,13,20,,46,24,15,20,10,,,,,,,,,,,,,,,,,,,,,,,,,,,,,,,,,
 U749,,69,,,,,,,21,9,,,19,,9,57,,,,,,,,,14,,,122,,,,14,,,10,5,15,,,,,,,,,,,,,,,,,,,,,,,,,,,,,,,,,
 U773,,57,,,,,,73,,4,,,24,15,26,25,,,,,,,23,,,19,29,,,,,,,,,33,15,,,,,,,,,,,,,,,,,,,,,,,,,,,,,,,,,
 U775,,11,,,38,,,38,36,6,,,21,25,46,34,,10,,,,43,38,14,57,38,11,23,,7,26,34,7,7,6,37,22,,,,,,,,,,,,,,,,,,,,,,,,,,,,,,,,,
 U784,102,121,115,75,31,35,57,31,17,5,113,,29,22,18,19,416,75,128,1466,29,8,16,8,10,15,14,19,,6,16,16,5,5,8,8,47,324,212,31,11,177,23,75,18,36,20,30,474,98,13,13,17,16,25,,63,18,11,56,342,464,76,40,6,128,17,58,279,49
 U786,,11,,,161,103,,68,58,6,,,30,23,49,63,,44,,,175,61,65,7,,80,16,110,412,4,,,10,15,9,,14,,766,,,,,,,,,,,,,,,,,,,,,,,,,,,,,,,
 U789,,,,,,,,,,10,,,,,57,,,,,,,14,,20,24,,20,,,18,58,,23,22,58,,42,,,,,,,,,,,,,,19,16,,,,,,,,,,,,,,,,,,
 U793,210,22,122,85,13,28,118,14,16,12,38,89,23,18,14,9,14,11,16,287,18,4,33,6,5,22,6,8,,3,8,24,3,7,4,14,55,23,29,10,15,77,139,74,9,61,15,,289,52,5,4,11,24,35,17,22,12,15,12,58,22,19,11,10,26,17,12,,32
 U796,,74,,,,133,,,19,4,,,,23,10,87,100,50,,,,11,,,,,,,,4,19,11,,,,11,4,,,384,,,,,,,,,,,,,,,,,,,,,,,,,,,,,,
 U817,,19,,,,,,,,11,,,69,,61,,,91,,,,39,,15,29,,23,305,,17,86,180,13,83,41,31,42,,,,,,,,,,,,,,48,62,58,,,,,162,114,,,,,,,,,,,
 U819,,63,,,,,,,,266,,,,,15,579,,,,,,25,,230,121,,52,,,56,27,30,12,11,9,131,99,,,,,,,,,,,,,,112,355,163,124,,,,127,463,,,,,,,,,,,
 U821,,24,,,17,,,,,3,,,24,27,22,24,,34,,,,18,,17,20,,25,,,6,14,9,5,9,7,15,10,,,,,,,,,,,,,,,,,,,,,,,,,,,,,,,,,
 U825,,11,,,21,,,,215,5,,,32,19,41,18,,19,,,,9,,32,11,30,9,,,5,16,16,4,4,8,19,15,,,,,,,,,,42,,,,25,10,21,39,,,,15,10,,,,,74,,,60,,,
 U827,92,9,,,32,19,,14,11,4,,25,15,18,15,13,,16,85,,111,6,14,9,9,14,5,10,31,6,13,14,5,6,7,14,36,26,22,21,12,21,,,,,,,,,,,,,,,,,,,,,,,,,,,,
 U829,,,,,,,,,,858,,,,,33,,,,,,,52,,12,18,,233,,,9,29,25,7,349,15,,26,,,,,,,,,,,,,,371,,,,,,,,,,,,,,,,,,,
 U865,,10,,,18,150,,68,24,3,,,54,29,25,31,,,,,19,40,,10,12,32,7,97,,4,22,33,3,5,8,25,29,,,63,185,65,,,59,,214,,,,59,90,11,24,73,181,,35,16,114,,,,12,,260,,39,,165
 U868,112,14,131,169,43,26,82,15,16,8,166,77,38,17,26,14,236,27,87,206,105,10,39,10,14,25,9,61,70,14,30,9,12,9,9,5,12,186,98,5,30,61,673,18,9,480,36,69,188,236,12,15,17,11,28,29,44,17,15,30,44,196,184,55,8,77,41,62,124,101
 U869,,18,,,10,28,131,46,14,6,,26,13,23,9,17,,14,,,46,5,22,7,7,20,8,14,70,7,9,9,6,9,4,21,34,21,17,9,44,26,,15,21,,14,,,51,12,5,11,15,40,15,95,17,13,17,,,26,18,17,103,20,33,,40
 U870,,,,,,,,,44,7,,33,,,,,,,107,,,18,45,66,,,19,60,,9,50,12,8,12,19,,3371,,,,,,,,,,,,218,,15,,,,,,,57,,,,,,,,,,,,
 U871,,16,,143,17,20,108,19,12,5,110,,22,20,11,13,364,13,,76,69,7,23,8,15,26,8,19,144,6,11,9,10,28,7,22,20,34,,,,,,198,14,,19,,,,15,10,29,12,54,19,127,15,15,20,,,55,11,16,58,23,161,,
 U874,,18,,,,40,,34,,6,,,34,21,19,34,,336,,,,10,32,29,15,46,10,99,,7,9,40,7,5,4,21,41,68,16,,,,,,,,32,,,,15,20,41,18,,,,25,38,,,,231,198,,,29,,,
 U875,79,32,150,82,21,42,53,12,12,3,60,103,15,48,11,14,407,9,242,218,18,5,23,10,10,30,10,14,623,6,9,11,3,6,5,9,30,70,196,16,14,40,104,20,6,98,16,,91,167,7,5,27,13,45,39,861,13,20,29,70,285,67,12,8,47,17,37,561,71
 U880,,9,,,62,,,,19,5,,,,,,,,,,,,6,,,,,,,,,,,,,,18,24,,,142,,,,,,,,,,,,,,17,,,,,10,22,,,,,,,,,,
 U881,,41,,,,28,,16,8,8,,37,,32,13,22,,17,,,35,19,49,11,9,44,6,30,125,6,23,20,20,9,49,6,46,39,53,,,,,19,52,,10,,,,30,16,14,27,22,,,14,,,,,53,12,41,,21,,156,
 U885,,40,,,,38,,37,36,5,,,24,41,12,21,,,,,352,86,,16,17,44,38,46,,6,14,24,5,11,23,18,41,,,60,64,,,,103,,67,,,,263,51,50,21,,,,23,27,193,,,,79,29,253,34,84,,122
 U886,,26,,,,,,,,3,,,,15,35,20,,15,,,,27,,16,11,,10,,,13,19,11,9,7,5,15,19,,,,,,,,,,,,,,40,9,23,,,,,13,14,,,,,,,,,,,
 U887,,9,,,22,,,146,14,4,,,39,12,52,18,,13,,,,6,,17,13,205,9,69,,5,28,7,4,6,4,29,17,,,,,,,,28,,50,,,,17,6,49,12,61,,,34,13,66,,,,31,,,14,,65,
 U888,,65,116,,120,52,,104,23,5,,,29,22,12,25,,32,41,121,231,31,29,17,13,207,12,30,59,14,60,158,9,14,24,49,25,93,445,195,65,315,,495,85,,28,226,,,45,26,18,19,29,,104,21,238,9,,,120,35,279,,20,133,81,
 U889,,10,,,,,,,,5,,,,,,,,36,,,,5,,38,14,,18,,,4,16,19,4,6,10,43,14,,,,,,,,,,,,,,12,10,34,41,,,,46,,,,,,,,,,,,
 U891,,50,,,,,,,,5,,,,,22,,,,,,26,,32,,10,19,,27,334,,19,,,,8,,53,61,,,,,,,,,,,330,,,,,24,17,,,,,,,,,,,,,,,
 U898,,50,,,,,,,,8,,,,,17,,,,,,,,,16,38,,,,,9,34,,,,9,,29,,,,,,,,,,,,,,,,,38,,,,,,,,,,,,,,,,
 U917,,15,,,85,42,,80,15,5,,,25,25,21,63,,12,,,57,,23,10,,25,,69,,11,10,9,6,,,10,45,99,,30,42,62,,,32,,21,,,,30,21,27,20,26,155,63,20,29,62,,,122,12,58,,28,,,
 U920,,,,,,,,,,6,,,38,,22,,,66,,,,12,37,8,33,46,10,,,23,,,9,,,,24,67,,,,,,,,,,,504,,,10,,,,,,,,,,,,,,,,,,
 U921,,17,,,27,359,127,,,44,,71,192,44,43,87,73,12,,1050,131,30,47,138,47,82,67,,253,99,10,36,7,45,14,57,46,138,,,,,,,343,,121,,,,20,17,35,29,42,,244,207,42,839,,,,280,58,,29,43,,
 U922,,25,,,67,,,,,14,,,,,47,,,,,,,179,,16,,,118,,,23,28,16,29,18,36,100,40,,,,,,,,,,,,,,104,24,95,,,,,,24,87,,,,,,,,,,
 U925,,42,,,9,48,,42,,8,,,28,20,107,21,,14,,,46,55,58,63,13,94,35,,,31,35,62,5,17,46,14,5,268,,241,32,,31,,33,,41,,,,11,16,23,397,,,,61,46,27,,,,41,20,,,,,
 U928,,30,,,12,,,,598,2,,,23,24,16,20,,19,,,,12,19,7,111,,17,,,4,12,5,4,11,5,7,10,,,10,149,,,,7,,16,,,,42,10,27,,,18,,17,15,19,,,,14,12,,,,,
 U930,,30,,,,,,,,15,,,,71,28,47,,97,,,,141,,17,43,,248,,,10,81,26,253,80,327,65,18,,,,,,,,,,,,,,83,463,188,,,,,48,165,,,,,,,,,,,
 U932,,13,,,,,,,,4,,,,,28,,,22,,,,8,,7,10,,8,,,5,14,11,6,6,5,30,20,,,,,,,,,,,,,,18,24,25,,,,,22,55,,,,,,,,,,,
 U937,,19,,,12,43,,41,12,29,,,20,57,19,17,,15,,,75,10,21,14,12,40,7,47,,6,13,14,5,9,8,19,19,73,,15,62,110,,,19,,21,,,56,14,12,28,66,28,,,19,7,88,,,198,25,39,,80,65,,
 U941,,76,,,,,,,,12,,,,,50,,,92,,,,131,,30,96,,82,,,34,63,71,161,14,15,98,86,,,,,,,,,,,,,,47,42,74,,,,,67,91,,,,,,,,,,,
 U946,,17,,,,,,,,23,,,,29,18,19,,,,,,34,,11,25,,19,,,7,19,73,6,12,9,35,9,,,,,,,,,,,,,,90,26,22,,,,,34,90,,,,,,,,,,,
 U950,,,,,17,,,,,28,,,,,36,,,27,,,,67,,14,142,,23,,,19,17,62,7,26,19,9,36,,,,,,,,,,,,,,75,139,,,,,,34,,,,,,,,,,,,
 U953,,201,,,18,72,,,48,5,,,37,51,41,28,,66,,,,175,,18,121,,106,,,9,18,37,8,39,14,12,38,,,,,,,,60,,26,,,,32,65,44,22,,190,,50,37,116,,,,43,,,89,75,,
 U968,44,9,494,101,17,19,35,50,8,4,290,109,12,14,24,16,99,10,159,206,11,5,21,18,5,27,6,15,24,3,29,7,4,8,7,10,10,38,68,41,26,26,200,199,14,590,11,3586,325,136,6,6,17,29,142,23,35,10,15,22,294,354,22,9,7,36,37,393,121,41
 U977,,15,,,,95,,57,26,9,,,38,47,27,36,,40,,,333,27,30,96,74,44,21,55,9,20,32,13,13,31,13,20,,263,,384,,,,,35,,24,,,,48,66,26,43,34,27,,33,235,51,,,,84,,,274,387,,162
 U978,,58,123,,,,,74,,13,,,,,19,,,,,1129,207,20,,21,16,34,10,42,,8,18,31,8,14,10,,28,,,,,,,,10,,,,,,,,,,140,47,669,,,,,,,,,,,366,,27
 U979,,11,,,20,26,,33,12,6,,,26,14,15,9,,12,,,128,16,22,9,12,95,28,30,,8,8,11,5,5,18,13,14,,,11,17,63,,,18,,23,,,,12,15,28,26,15,,,14,13,25,,,,9,12,,19,,,
 U984,,,,,,,,,,14,,,,,,,,,,,,25,50,12,58,,,,,14,22,,20,,45,,24,,,,,,,,,,,,,,36,,,,,,,,,,,,,,,,,,,
 U987,,17,,,22,,,103,30,17,,,36,22,16,18,,,,,,18,29,14,25,21,28,37,,31,16,16,9,36,19,30,27,,,,,,,,109,,40,,,,56,73,32,,,,,39,25,33,,,,24,28,,62,,,
 U988,,,,,,,,,,11,,,,,,,,,,,,41,,22,63,,17,,,9,18,,14,15,30,,84,,,,,,,,,,,,,,,,,,,,,,,,,,,,,,,,,
 U993,,461,,,,,,,,22,,,,,55,,,95,,,,68,,296,46,,72,,,34,94,43,18,87,15,52,119,,,,,,,,,,,,,,42,96,110,,,,,108,,,,,,,,,,,,
 U994,,,,,,,,,,5,,,,,,,,,,,,5,,98,61,,,,,4,,,37,30,47,,79,,,,,,,,,,,,,,57,110,,,,,,,,,,,,,,,,,,
 U996,,,,,,,,,,12,,,,313,,,,,,,,107,,129,,,,,,81,,,84,52,18,,84,,,,,,,,,,,,,,49,141,,,,,,,,,,,,,,,,,,
 U997,,,,,,,,,,5,,,,,,,,,,,,9,,12,25,,29,,,5,18,43,13,27,36,20,76,,,,,,,,,,16,,,,22,,19,,,,,,21,91,,,,52,,,,,,
 U1016,,,,,,,,,,18,,,,,,,,,,,,40,,11,71,,25,,,79,58,,19,40,19,,10,,,,,,,,,,,,,,,,,,,,,,,,,,,,,,,,,
 U1018,,,,,,98,,57,,10,,,,64,54,60,,,,,49,47,,11,18,,17,25,,33,,159,7,14,12,,25,,160,,,,,,,,24,,,,29,9,,38,,,,,,,,,,35,,,126,,,
 U1040,,,,,,,,,,6,,,,,38,,,,,,,15,,72,18,,,,,8,,27,9,14,,,16,,,,,,,,,,,,,,41,11,,,,,,,,,,,,,,,,,,
 U1042,91,59,806,168,62,207,172,97,34,20,122,53,63,24,32,32,81,54,60,216,588,8,56,14,18,50,16,37,120,10,29,16,9,12,13,48,14,43,,66,57,53,373,36,187,1434,24,203,579,191,11,18,71,67,40,231,98,38,38,29,965,208,44,89,81,294,55,133,820,199
 U1050,,137,,,34,,,,95,5,,,,21,41,30,,57,,,,9,,23,12,,7,,,5,26,15,6,18,12,15,51,,,,,,,,,,24,,,,8,14,24,38,,,,32,16,,,,,125,,,,,,
 U1051,,21,,,107,,,,,7,,,,58,21,35,,15,,,,28,,17,19,,16,,,9,19,81,,33,17,37,121,,,,,,,,,,46,,,,33,23,36,52,,,,66,53,,,,,,,,,,,
 U1078,,,,,,,,,,15,,,,,,171,,,,,,,,,82,,,,,161,,,27,138,256,,74,,,,,,,,,,,,,,59,,,,,,,73,,,,,,,,,,,,
 U1093,,15,,,22,155,,50,28,8,,107,33,26,36,23,,28,,,108,17,27,20,24,48,14,38,,7,23,12,7,9,12,31,25,,,,153,,,,26,,21,,,,44,12,43,63,,,,42,20,39,,,,20,20,,24,,,
 U1101,,,,,,,,,,4,,,,,,19,,,,,,,21,5,,,8,,,5,,,3,,7,,,,,,,,,,,,21,,,,,8,,,,,,,,,,,,,,,,,,
 U1103,,,,,,,,,,16,,,,,,,,,,,,36,,10,18,,54,,,49,12,,10,31,58,,18,,,,,,,,,,,,,,,,,,,,,,,,,,,,,,,,,
 U1105,,17,,,48,,,114,32,10,,,81,49,40,53,,64,,,,77,33,20,23,35,88,33,,12,18,33,23,18,46,20,5,,,,,,,,54,,28,,,,37,19,49,48,34,,,33,138,63,,,,34,182,,39,,,
 U1120,,70,,,,,,,,14,,,,23,18,38,,48,,,,27,,5,17,,19,,,5,18,19,110,7,29,34,17,,,,,,,,,,13,,,,12,22,27,,,,,38,,,,,,,,,,,,
 U1135,,23,,,40,50,,15,28,16,65,834,44,26,12,20,,12,17,,26,35,104,18,40,41,21,37,163,22,10,13,75,9,10,12,25,148,,,,,,285,12,,68,,,,32,27,49,52,31,,,35,47,54,,,1736,124,1168,,47,76,,
 U1183,,10,,,14,,,,82,3,,,14,15,8,16,,9,,,,4,38,6,7,,6,39,,3,13,11,5,4,4,10,35,,,,,,,,,,29,,,,9,7,16,17,,,,24,24,11,,,,46,14,,19,,,
 U1222,,11,,,15,383,169,109,36,14,,,33,22,18,29,,32,,129,45,15,26,9,24,69,26,103,,10,13,24,53,15,6,30,9,64,109,196,89,104,191,113,76,54,59,,,28,29,30,34,43,80,,,37,16,29,,,,145,368,,31,95,,74
 U1226,,27,,,,,,,139,157,,,,81,15,126,,20,,,,39,,31,37,,21,,,51,29,37,26,41,13,119,45,,,,,,,,221,,51,,,,34,175,48,,,,,68,34,,,,,,,,,,,
 U1260,,140,,,26,,,,153,11,,,67,123,71,40,,143,,,,19,,52,25,,41,,,73,37,22,9,26,10,30,31,,,,,,,,66,,37,,,,17,53,60,50,,,,105,22,,,,,,,,,,,
 U1261,,102,,,,,,,,6,,,,,60,,,200,,,,103,,49,70,,,,,32,37,11,11,15,161,16,26,,,,,,,,,,,,,,84,273,91,,,,,89,39,,,,,,,,,,,
 U1263,,22,,,185,135,,,49,69,,,,33,17,48,,56,,,,61,,27,92,,29,29,,26,33,40,42,20,23,17,15,,,,,,,,25,,97,,,,45,110,43,33,,44,,68,69,,,,,78,59,,,,,
 U1281,,,,,,,,,,7,,,,,,,,,,,,65,,33,31,,24,,,10,16,21,19,20,39,23,28,,,,,,,,,,,,,,,66,,,,,,,,,,,,,,,,,,
 U1294,,,,,,,,,,9,,,,,,,,,,,,285,,38,103,,55,,,41,21,,23,76,15,,43,,,,,,,,,,,,,,,50,,,,,,,,,,,,,,,,,,
 U1297,,48,,,,,,,,55,,,,,,,,,,,,89,,17,93,,41,,,6,15,17,13,12,11,75,19,,,,,,,,,,,,,,42,31,,,,,,,,,,,,,,,,,,
 U1304,,,,,,,,,,9,,,,,,,,,,,,,,25,,,,,,18,21,15,9,28,10,33,6,,,,,,,,,,,,,,,,,,,,,50,19,,,,,,,,,,,
 U1311,,,,,,,,,,11,,,,,8,,,,,,,30,60,35,64,,32,,,13,,28,12,18,28,60,129,,,,,,,,,,,,,,90,,48,,,,,,,,,,,,,,,,,
 U1335,,218,,,,,,,,6,,,,16,27,42,,12,,,,69,,9,81,,221,,,157,61,11,6,18,9,9,34,,,,,,,,,,,,,,58,9,56,,,,,21,205,,,,,,,,,,,
 U1340,,24,,,,,,42,,4,,,,,21,23,,,,,,,,12,,44,,,,,15,,,,,,6,,,,32,,,,16,,,,,,19,,,,31,,,,,,,,,,16,,,,,
 U1346,,13,,,10,,,,10,4,,,20,17,10,14,,8,,,,12,26,6,12,,9,,,2,16,8,3,6,7,17,7,,,13,100,,,,26,,21,,,,27,17,14,14,,,,22,16,21,,,,,,,23,,,
 U1353,,,,,,60,191,,,6,,111,,,,,,,,,30,7,,7,8,,6,,54,3,,,6,6,6,,37,47,32,,,105,,139,,,,,,228,,,,,,8,57,,,,,,46,,,49,,28,,464
 U1354,,41,,,,,,,,7,,,,,,,,10,,,12,27,,10,21,,52,,,6,12,198,5,5,12,10,47,,,,,,,,,,19,,,,90,61,52,,,,,19,,,,,,,,,,,,
 U1360,,360,,,412,,,861,116,34,,,123,97,21,77,,99,,,54,93,244,39,86,77,104,176,,56,27,1055,11,30,26,28,78,,,2329,384,,,,543,,26,,,,89,92,71,58,51,,,78,681,606,,,,211,2250,,136,,,
 U1362,,8,,,15,,,9,,4,,,23,8,13,12,,16,,,11,5,30,6,7,27,14,,,14,6,12,5,7,4,27,7,,52,13,13,,,,9,,28,,,,10,6,23,7,12,,,17,8,13,,,,16,10,,15,29,,
 U1371,,332,,,,,,,137,15,,,,,31,,,53,,,,127,88,476,43,,90,112,,34,287,,6,19,128,259,120,,,,,,,,31,,28,,,,40,108,44,140,55,,,129,,,,,,103,,,25,,,
 U1379,177,21,,,45,354,,63,27,6,209,711,28,33,28,28,274,241,282,,136,25,64,11,15,90,11,75,508,12,19,26,8,21,10,36,,147,20,26,40,125,307,184,370,,19,394,,122,25,27,34,49,153,,525,30,118,67,126,,229,86,74,117,66,91,189,206
 U1382,,,,,159,,,,,7,,,,,,,,,,,,,,43,27,,39,,,10,,,17,17,23,,21,,,,,,,,,,,,,,,,,,,,,,,,,,,,,,,,,
 U1383,,17,,,,,,,31,11,,,,37,24,30,,33,,,,45,48,10,17,44,22,35,,15,56,19,14,11,33,26,17,,,,,,,,13,,13,,,,27,53,19,,,,,24,,37,,,,53,87,,,,,
 U1387,,82,,,,,,,35,17,,,,52,47,30,,67,,,,,80,,,,,,,11,,,16,35,42,,17,,,,,,,,,,,,,,65,,,,,,,49,,65,,,,,,,,,,
 U1397,,,,,,,,,,7,,,,,,,,,,,,31,,55,13,,18,,,16,25,,7,13,13,,34,,,,,,,,,,,,,,25,16,,,,,,,,,,,,,,,,,,
 U1434,,33,,,22,23,,36,17,19,,,28,16,17,13,,94,17,,165,4,,8,9,21,7,47,39,25,10,9,7,10,11,9,14,66,,,,,,,,,17,,,27,9,8,23,,,,,11,10,,,,,,,,45,,,
 U1437,,74,,,12,,,,,4,,,59,57,20,46,,59,,,,54,38,46,64,,38,,,36,24,8,7,19,37,,6,,,,,,,,,,29,,,,17,18,70,,,,,21,72,,,,,,,,,,,
 U1440,,26,,,,,,,,11,,,,,,,,,,,,34,,18,27,,127,,,100,175,,248,40,15,47,10,,,,,,,,,,,,,,40,78,,,,,,,26,,,,,,,,,,,
 U1443,,10,,,21,,,28,28,8,,,77,,30,23,,12,,,,15,,21,11,,23,,,9,14,8,8,9,7,11,16,48,83,,,,,196,144,,14,,,,18,76,28,21,,,,25,14,,,,53,,17,,31,,,
 U1445,,48,,,54,,,,,8,,,44,73,,,,,,,,,50,23,26,32,,,,,,,,,16,,31,,,,,,,,,,,,,,14,,,,,,,,,41,,,,,242,,21,,,
 U1461,1,65,2,1,81,106,1,75,50,25,1,3,39,28,36,52,1,34,1,1,485,9,123,25,26,26,12,63,3,7,87,17,32,28,16,42,37,116,252,64,43,189,1,1,86,1,38,388,1,2,22,38,21,40,44,374,1498,83,34,42,2,6,1,61,28,1,34,185,2,1
 U1462,74,58,247,,130,56,277,26,26,12,163,122,33,26,35,30,69,7,234,69,322,26,34,17,17,23,10,25,96,6,58,9,5,8,13,8,34,49,65,17,93,208,56,100,60,108,18,,,237,21,13,17,16,44,84,39,26,40,175,256,,72,62,763,1676,30,245,,285
 U1480,,,,,,,,,,12,,,,,115,,,,,,,32,,12,91,,30,,,21,63,80,64,13,83,,47,,,,,,,,,,50,,,,55,110,62,,,,,61,,,,,,,,,,,,
 U1485,,,,,,,,,,10,,,,,,,,,,,,18,,17,33,,,,,9,,,31,45,12,,41,,,,,,,,,,,,,,,,,,,,,35,,,,,,,,,,,,
 U1486,,17,,,23,59,,156,34,14,,,42,28,57,46,,16,,,48,41,57,35,50,58,67,33,,6,43,,7,17,59,24,40,,,239,122,,,,87,,61,,,,59,19,62,48,100,,,33,,,,,,54,290,,36,56,,
 U1487,,21,,,,,,,33,6,,,,29,30,19,,14,,,,8,,7,20,,15,,,11,20,19,5,10,7,26,38,,,,,,,,,,12,,,,15,9,19,,,,,39,15,,,,,,,,,,,
 U1495,,29,,,243,,,,,11,,,119,66,77,46,,258,,,,63,,39,40,124,46,,,28,49,86,14,90,46,40,34,,,,,,,,116,,80,,,,61,82,43,43,54,,,93,65,135,,,,77,,,88,,,
 U1497,,23,,,,11,,,229,17,,,,,109,,,19,,,9,57,,13,22,10,22,,,,91,,,7,24,25,78,,9,,12,8,,,11,,,,,,75,23,,15,,8,,15,,,,,,,,,,,,
 U1549,,236,,,37,,,,290,9,,,58,32,48,34,,299,,,,34,133,20,42,66,43,109,,12,79,39,6,11,19,25,15,,,,,,,,87,,23,,,,81,30,54,143,75,,,28,35,24,,,,68,11286,,45,,,
 U1552,,,,,,,,,,23,,,,50,20,69,,23,,,,37,,23,100,,26,,,,,,10,,,,32,,,,,,,,,,77,,,,31,19,30,,,,,44,,,,,,,,,,,,
 U1557,,,,,,,,,,28,,,,,,,,,,,,14,,36,135,,9,,,71,8,20,28,36,11,,139,,,,,,,,,,,,,,,,,,,,,,,,,,,,,,,,,
 U1696,,130,,,20,,,33,199,24,,,40,47,155,58,,21,,,,29,84,23,23,28,17,121,,25,28,16,14,13,12,68,31,,,,,,,,104,,17,,,,22,27,32,26,99,,,48,28,66,,,,49,121,,53,,,
 U1716,,,,,,,,,,12,,,,,,,,,,,,11,,37,77,,244,,,7,71,16,16,27,6,,53,,,,,,,,,,,,,,,,,,,,,,,,,,,,,,,,,
 U1722,,12,,,21,108,247,58,73,6,,,47,18,22,84,,39,,,,32,125,24,19,31,22,,,7,10,6,8,19,15,19,12,371,,,,,,,128,,32,,,,14,34,31,33,85,,,29,28,58,,,,13,33,,55,,,
 U1749,,39,,,29,,,56,25,7,,,,,105,38,,23,,,,67,51,,70,40,,,,,,35,10,,14,144,94,,,,,,,,178,,52,,,,151,22,,,,,,,,,,,,,22,,34,,,
 U1753,177,11,137,118,15,43,44,53,19,5,59,123,16,22,25,10,98,22,64,55,20,8,31,8,10,29,30,47,105,4,8,7,11,4,18,13,28,34,248,14,9,210,36,44,7,26,36,93,139,,11,12,22,11,31,28,25,18,23,17,211,,32,8,16,112,27,35,280,67
 U1762,192,10,154,185,16,61,168,16,14,4,51,66,18,13,19,17,256,9,355,36,47,8,25,7,18,22,9,20,27,4,19,10,6,4,4,12,9,58,44,286,48,89,377,37,133,573,10,115,245,1059,17,51,18,32,26,597,469,12,20,19,285,148,51,30,21,57,31,81,521,84
 U1793,,,,,,,,63,37,8,,,40,41,23,38,,,,,,,85,15,24,116,,59,,8,,,15,9,7,,27,,,,,,,,,,50,,,,24,,47,,70,,,63,112,63,,,,62,,,123,,,
 U1922,,6,,,27,,,,17,5,,,17,17,11,19,,37,,,,5,57,12,23,,7,47,,4,12,25,17,4,4,11,68,,,,,,,,,,9,,,,17,22,31,18,,,,15,18,,,,,,,,39,,,
 U1923,62,9,,100,56,29,103,19,9,4,44,137,18,8,11,15,,25,133,92,9,6,27,19,15,11,7,17,143,3,17,14,6,8,6,18,9,39,100,11,27,24,,34,102,,15,,315,22,6,5,10,17,29,17,55,16,19,42,157,72,46,14,13,39,6,97,103,52
 U1924,,16,,,,,,,,7,,,,,14,48,,,,,,13,,41,8,,29,,,35,37,14,4,4,5,29,19,,,,,,,,,,17,,,,36,8,39,,,,,,14,,,,,,,,,,,
 U1926,,,,,,,,,,26,,,,,38,,,,,,,38,,8,17,,13,,,26,44,,7,10,8,,29,,,,,,,,,,,,,,33,36,,,,,,,,,,,,,,,,,,
 U1931,,37,,,45,,,,43,4,,,19,15,10,24,,23,,,,11,25,13,9,16,6,109,,4,12,7,4,4,5,9,13,,,,,,,,,,14,,,,14,7,12,30,14,,,21,16,23,,,,40,,,15,,,
 U1932,,72,,,34,,,95,101,11,,,17,24,19,22,,83,,,23,6,23,11,14,236,15,22,,8,16,40,7,7,9,27,26,,,210,95,,,,14,,19,,,,18,13,22,25,45,,,29,45,30,,,,32,20,,30,,,
 U1941,,,,,,,,,,21,,,,,,,,,,,,11,,18,43,,15,,,11,,,8,17,11,,41,,,,,,,,,,,,,,,,,,,,,,,,,,,,,,,,,
 U1951,,,,,,,,,,20,,,,,29,,,,,,,14,,17,106,,45,,,87,41,,57,23,46,14,29,,,,,,,,,,,,,,,69,,,,,,,,,,,,,,,,,,
 U1952,,,,,,,,,,13,,,47,27,19,28,,,,,,18,,4,10,,5,,,21,13,59,5,8,8,138,12,,,,,,,,,,11,,,,16,25,26,,,,,40,,,,,,,,,,,,
 U1956,,,,,,,,,,6,,,,,45,,,,,,,49,,13,18,,272,,,8,13,,47,22,10,40,21,,,,,,,,,,,,,,38,17,,,,,,,,,,,,,,,,,,
 U1960,,44,,,40,,,,59,66,,,49,173,56,33,,24,,,,12,61,11,10,,12,134,,22,33,14,8,30,30,38,105,,,,,,,,,,32,,,,12,18,32,66,,,,,15,,,,,,,,62,,,
 U1975,,,,,,,,,,10,,,,,,,,,,,,16,,13,61,,21,,,33,,,16,39,17,,75,,,,,,,,,,,,,,,,,,,,,,,,,,,,,,,,,
 U1976,,11,,,16,,,54,,4,,,19,14,25,12,,19,,,,5,16,8,10,16,7,,,4,15,14,6,7,5,28,16,72,,,,,,,85,,18,,,,8,8,17,20,25,,,29,23,16,,,,16,27,,105,,,
 U1978,,,,,,100,,,55,23,,,29,46,44,60,,,,,,14,102,44,41,,15,,,18,29,67,26,17,8,19,25,139,,,,,,,,,61,,,,28,12,60,,137,,,58,32,,,,,,,,291,,,
 U1996,,,,,,,,,,7,,,,,14,,,,,,,6,,10,17,,10,,,6,23,,25,8,15,46,71,,,,,,,,,,,,,,12,20,,,,,,,,,,,,,,,,,,
 U2016,,13,,,38,,,40,35,13,,,25,25,22,24,,13,,,,11,31,52,17,41,8,40,,9,20,38,10,13,62,16,23,,,,,,,,34,,64,,,,15,16,24,51,79,,,50,19,31,,,,53,,,28,,,
 U2021,,10,,,11,66,123,22,26,6,,,18,23,29,20,,7,,,125,6,16,7,25,194,66,29,33,10,11,5,12,6,5,23,5,91,11,40,56,,,5,99,,36,,,32,10,11,15,16,23,,,22,10,12,,,55,27,219,,16,,,
 U2029,,,,,,,,,,16,,,,,,,,,,,,6,,9,15,,10,,,12,11,,9,6,8,,40,,,,,,,,,,,,,,,,,,,,,,,,,,,,,,,,,
 U2030,,18,,,21,,,,19,5,,,645,22,34,68,,18,,,,7,37,36,23,21,19,23,,5,46,35,13,8,9,40,33,,,,,,,,34,,30,,,,8,9,47,38,22,,,28,31,53,,,,30,,,16,,,
 U2034,,91,,,12,,,40,23,9,,,27,32,21,38,,14,,,76,9,23,15,22,22,9,56,,30,34,11,10,12,11,43,22,,,,,,,,158,,21,,,,19,13,34,32,27,,,23,60,63,,,,,,,20,,,
 U2039,,,,,14,,,,,10,,,,25,14,,,,,,,8,26,30,11,,10,,,11,11,17,11,11,14,46,,,,,,,,,,,35,,,,14,16,23,,,,,27,18,,,,,,,,,,,
 U2045,,11,,,14,,,,23,5,,,43,21,40,22,,19,,,,8,,28,22,,5,,,5,30,56,5,18,17,17,43,,,,,,,,,,16,,,,26,8,15,48,,,,19,16,85,,,,129,,,28,,,
 U2059,,,,,,,,,,6,,,,,327,,,,,,,28,,43,48,,614,,,68,31,56,16,46,14,189,,,,,,,,,,,36,,,,60,26,34,70,,,,,,,,,,,,,,,,
 U2062,,29,,,34,40,,55,17,7,,,31,18,20,15,,,,103,20,9,20,15,11,18,14,,,64,51,13,8,7,8,14,8,43,,10,192,57,,,24,,70,,,,29,131,22,20,20,100,,41,23,68,,,187,153,31,,20,54,,
 U2066,,6,,,41,,,38,300,4,,,77,24,10,39,,92,,,,14,28,12,22,41,7,,,6,31,7,5,17,9,39,20,,,,,,,,27,,12,,,,21,12,10,18,47,14,72,67,12,32,,,63,36,,,,,,
 U2068,57,14,,66,26,61,254,116,1395,8,162,,22,35,12,30,,13,,38,328,6,30,11,15,42,21,138,71,12,10,25,12,11,43,32,63,62,,258,36,,,,162,,31,,,,21,17,27,149,25,1393,285,27,43,32,,,307,45,214,,27,104,,118
 U2069,35,7,40,66,20,19,82,9,20,5,69,55,16,11,12,15,42,9,81,63,24,5,21,10,10,20,5,13,86,3,10,21,5,5,4,6,9,29,14,9,15,139,236,20,7,70,15,,,46,7,5,13,17,19,16,22,14,15,16,27,74,26,15,56,98,24,32,,47
 U2076,,16,,,,,,,,6,,,,,801,,,21,,,,42,,19,25,,61,,,37,19,52,32,126,14,19,74,,,,,,,,,,115,,,,18,28,,,,,,46,114,,,,,,,,,,,
 U2077,,8,,,10,,,,10,4,,,16,18,7,18,,15,,,,6,24,6,6,,6,10,,6,6,11,5,10,9,13,9,,,,,,,,,,21,,,,11,16,14,,,,,15,8,,,,,62,,,12,,,
 U2079,,23,,,79,334,,61,52,6,,,40,35,17,26,,258,,,132,12,62,206,22,24,23,42,221,6,28,53,11,10,8,15,70,108,,247,133,263,,,32,,27,,,,24,21,25,127,96,791,133,38,97,132,,,200,53,29,,61,233,,990
 U2081,,,,,,,,,,14,,,,,,,,,,,,15,,13,32,,13,,,10,18,,7,24,14,,48,,,,,,,,,,,,,,,36,,,,,,,,,,,,,,,,,,
 U2084,,8,,,8,,,,9,9,,,101,17,15,18,,10,,,,6,33,6,7,9,7,18,,10,13,7,5,5,6,17,17,,,,,,,,,,9,,707,,9,11,18,46,,,,19,9,16,,,,14,,,11,,,
 U2085,,11,,,15,,,,14,4,,,20,13,24,20,,25,,,,7,21,12,8,,7,13,,10,9,15,5,7,6,15,30,,,,,,,,,,13,16,86,,8,12,20,,,,,20,9,,,68,,13,,,19,,,
 U2102,,,,,,,,,,17,,,,44,17,21,,,,,,13,,29,69,,34,,,16,17,25,8,66,15,21,15,,,,,,,,,,19,,,,19,15,28,,,,,40,,,,,,,,,,,,
 U2114,,,,,,,,,,7,,,,,20,,,,,,,20,,18,21,,8,,,8,23,,10,17,19,20,35,84,,,,,,,,,,,,,11,22,,,,,,,,,,,,,,,,,,
 U2140,,,,,,,,,,5,,,,,,,,,,,,108,,20,19,,12,,,9,,,8,26,15,,31,,,,,,,,,,,,,,,53,,,,,,,,,,,,,,,,,,
 U2143,,,,,,,,,,4,,,,,,,,,,,,71,,51,23,,34,,,15,18,,85,32,13,,28,,,,,,,,,,,,,,25,19,,,,,,,,,,,,,,,,,,
 U2160,67,13,,45,13,21,43,16,16,4,52,25,24,12,20,10,,22,108,291,18,9,20,5,10,26,6,14,92,4,10,9,4,7,5,17,14,56,41,15,216,54,137,20,16,,17,19,63,16,7,6,20,19,19,54,28,16,10,25,51,77,34,26,11,46,18,276,,40
 U2175,,45,,,29,388,,208,146,39,,,145,18,36,29,,27,,,1390,56,47,33,96,339,32,43,52,17,14,37,11,60,23,87,,380,357,616,56,55,,650,20,,43,530,,,33,42,59,290,197,3630,123,61,30,98,,,205,95,368,,225,240,44,275
 U2202,,,,,,,,,,4,,,,,21,,,,,,,18,,7,48,,394,,,8,,11,36,9,6,13,12,,,,,,,,45,,,,,,57,,77,,,,,,,,,,,,,,,,,
 U2214,,26,,,24,84,,,,10,,,61,107,17,104,,14,,302,99,30,98,34,76,73,65,,,7,26,44,58,55,171,10,28,,,82,229,,,,,,181,,,,60,98,70,106,,,,58,32,91,,,,21,17,238,359,,,
 U2219,,,,,37,,,,,8,,,,25,19,31,,,,,,21,,103,23,,32,,,13,25,28,,19,27,37,,,,,,,,,,,37,,,,35,25,21,,,,,17,31,,,,,,,,,,,
 U2221,,,,,,,,,,10,,,,,,,,,,,,57,,33,48,,21,,,14,17,19,6,17,27,,,,,,,,,,,,,,,,,40,,,,,,,,,,,,,,,,,,
 U2231,,,,,,,,,,46,,,,,,,,,,,,99,,,58,,44,,,,,,15,15,39,,29,,,,,,,,,,,,,,27,22,,,,,,,,,,,,,,,,,,
 U2236,58,11,,,23,117,156,117,16,4,,,29,24,17,22,,66,,,25,7,19,8,7,23,8,138,62,5,15,10,5,7,36,14,79,70,206,64,139,168,60,,27,32,30,,,,12,36,16,25,22,,,28,22,21,,,,54,61,73,45,373,,
 U2279,,23,,,17,,,48,48,5,,,,29,21,185,,,,,34,17,41,10,21,43,61,40,,7,142,24,8,31,53,15,23,,,24,601,,,,14,,20,,,,23,16,43,29,22,,51,45,37,27,,,71,52,,,48,,,
 U2286,,44,,,38,,,,42,10,,,41,26,52,41,,22,,,,12,49,17,15,32,14,64,,10,30,85,16,11,10,60,34,,,,,,,,,,34,,,,35,23,37,69,25,,,33,21,37,,,,378,98,,38,,,
 U2290,,30,,,14,23,,26,14,4,,,28,19,9,20,,22,,,16,6,30,8,9,15,7,19,,3,12,14,4,5,28,9,28,73,,5,141,,,,8,,21,,,,11,9,17,40,24,,,17,7,41,,,,16,12,34,17,,,
 U2329,63,12,,31,8,20,30,14,96,4,30,,11,14,13,20,,12,34,,21,6,16,7,8,17,8,16,,5,12,6,4,5,4,17,27,68,,,,,,62,46,,10,,,37,9,5,18,14,23,,,15,11,15,,86,29,32,18,46,11,34,,
 U2451,,12,,,19,,,53,21,5,,,27,20,13,23,,11,,,,12,57,6,13,27,8,20,,9,18,12,5,4,7,20,,,,,,,,,,,10,,,,46,9,15,13,42,,,29,8,25,,,,28,41,,37,,,
 U2470,,,,,,,,,,19,,,,,,,,,,,,76,,29,32,,,,,8,,,31,74,26,,24,,,,,,,,,,,,,,,71,,,,,,,,,,,,,,,,,,
 U2511,,33,,,22,,,,,5,,,29,22,13,23,,,,,,11,34,64,10,35,8,,,11,13,14,18,12,10,16,43,,,,,,,,29,,31,,,,12,8,19,40,25,,,32,55,18,,,,95,26,,33,,,
 U2534,,,,,,,,,,9,,,,,,,,,,,,13,,22,20,,14,,,67,,,7,14,15,,23,,,,,,,,,,,,,,,21,,,,,,,,,,,,,,,,,,
 U2535,,19,,,,,,,,11,,,41,23,33,28,,,,,,10,,9,12,,9,,,9,26,21,11,24,9,14,60,,,,,,,,,,23,,,,14,13,32,,,,,23,44,,,,,,,,36,,,
 U2539,206,10,123,257,22,19,130,23,25,4,68,60,18,14,20,15,54,11,236,136,17,4,71,9,35,23,8,12,29,35,13,17,5,5,4,24,14,73,264,9,38,106,67,39,24,1559,11,16,114,29,7,8,17,63,25,113,248,16,17,17,133,71,99,36,19,51,17,107,45,21
 U2574,,60,,,,,,,,15,,,,,236,,,,,,,22,,41,21,,18,,,16,27,39,17,79,56,51,26,,,,,,,,,,226,,,,174,29,,,,,,,96,,,,,,,,,,,
 U2636,,12,,,,,,,,23,,,,,18,,,,,,,14,,,,,25,,,18,47,31,13,26,7,28,21,,,,,,,,,,,,,,148,40,,,,,,,,,,,,,,,,,,
 U2662,,9,,,23,,,,,,,,19,17,22,146,,23,,,,41,,25,12,,133,,,43,13,267,16,8,6,23,11,,,,,,,,,,121,,,,9,9,29,,,,,41,313,,,,,,,,,,,
 U2686,,57,,,18,,,,39,7,,,53,171,24,60,,24,,,,26,51,24,32,,23,,,8,62,61,565,43,24,54,57,,,,,,,,,,33,,,,62,62,123,,,,,41,37,,,,,,,,74,,,
 U2753,,,,,,,,,,6,,,,,,,,,,,,15,,11,34,,12,,,7,16,,6,7,18,,32,,,,,,,,,,,,,,36,28,,,,,,,,,,,,,,,,,,
 U2881,,,,,,,,,,14,,,,150,55,,,,,,,63,,27,52,,81,,,15,,,21,18,84,26,70,,,,,,,,,,,,,,72,63,86,,,,,,,,,,,,,,,,,
 U2901,,14,,,35,,,,21,14,,,34,16,16,17,,72,,,,8,67,28,14,47,88,78,,28,21,18,10,15,10,14,43,,,,,,,,,,31,,,,16,20,31,34,59,,,32,15,68,,,,170,,,111,,,
 U2925,,25,,,32,,,,34,27,,,82,41,30,15,,36,,,,37,63,15,31,38,38,,,46,15,19,7,32,10,70,22,,,,,,,,146,,15,,,,74,26,30,35,58,,,91,87,75,,,,41,,,,,,
 U2981,,19,,,20,218,,37,62,4,,,63,21,20,30,,55,,,192,13,48,7,18,54,10,352,28,27,24,24,10,9,21,26,29,55,20,119,24,43,,17,20,,21,,,273,17,16,31,22,24,349,41,26,33,117,,,230,58,820,,58,556,,
 U3070,199,59,,,54,45,196,63,222,4,,320,70,26,28,112,,27,,,107,22,73,79,34,55,7,,211,15,17,36,5,11,22,30,20,143,68,45,26,250,,,9,,19,,,,43,20,33,124,23,,,79,70,90,,,921,116,234,,26,,,
 U3071,125,34,328,244,28,41,120,17,27,6,94,144,23,19,33,19,,25,370,670,135,9,23,10,9,70,45,19,30,5,30,14,7,5,4,10,18,74,68,162,63,48,94,142,21,,14,24,,677,10,22,18,207,22,101,79,34,12,47,695,914,101,28,43,188,25,19,,198
 U3094,,20,,,28,,,,25,11,,,48,30,26,26,,126,,,256,18,34,54,24,40,25,35,,9,25,76,8,19,12,17,14,,49,128,360,,,,285,,42,,,,25,24,59,68,96,99,,30,12,293,,,,19,68,,23,,,
 U3096,,,,,,,,,,9,,,,,543,,,,,,,196,,57,124,,38,,,21,25,25,30,80,21,121,7,,,,,,,,,,,,,,135,37,,,,,,,,,,,,,,,,,,
 U3097,,22,,,,,,,,12,,,,29,27,,,43,,,,14,,18,14,,16,,,44,27,14,6,11,9,35,28,,,,,,,,,,34,,,,15,19,33,,,,,,17,,,,,,,,,,,
 U3104,,,,,,,,,,13,,,,,,,,,,,,13,,161,30,,30,,,10,37,14,8,13,14,,11,,,,,,,,,,,,,,59,24,,,,,,,,,,,,,,,,,,
 U3108,,,,,65,,,,191,62,,,68,126,,99,,,,,,54,,,66,234,160,,,57,,32,72,127,25,,118,,,35,,,,,237,,,,,,113,50,92,,,,,,39,78,,,,,,,,,,
 U3111,264,20,,,133,79,476,76,44,17,118,263,21,26,15,34,,141,138,,23,12,34,8,15,19,19,19,134,8,20,18,16,9,66,13,12,69,144,297,97,58,,106,18,,15,45,,36,8,20,25,100,26,38,44,21,32,26,,,61,19,19,74,23,92,,1922
 U3121,,22,,,17,32,,29,34,10,,,30,20,18,25,,12,,,25,15,76,37,31,21,14,28,,7,14,11,15,11,22,30,22,486,71,367,41,,,224,29,,20,,,,21,24,19,63,63,99,33,30,17,18,,,,19,22,278,309,56,,
 U3126,,41,,,31,,,,,10,,,37,52,20,19,,17,,,,22,,15,14,,19,,,37,26,15,9,10,8,26,9,,,,,,,,,,27,,,,87,42,28,,,,,50,32,,,,,,,,119,,,
 U3147,,,,,,,,,,20,,,,86,41,35,,,,,,44,,12,22,,29,,,34,49,32,19,9,7,111,31,,,,,,,,,,,,,,121,38,39,,,,,33,,,,,,,,,,,,
 U3166,,35,,,24,,,40,619,12,,,31,18,19,24,,14,,,,12,31,17,20,31,16,82,,9,23,23,9,34,12,32,421,,,,,,,,237,,38,,,,19,13,37,39,38,,,29,23,90,,,,79,111,,34,,,
 U3168,,,,,,,,,,10,,,,20,15,,,,,,,,25,4,,,,,,,,,5,,11,8,26,,,,,,,,,,,,,,,22,,,,,,,22,,,,,,,,,,,
 U3181,581,159,73,133,28,523,111,214,434,27,393,748,826,319,37,332,336,150,353,468,90,24,43,68,30,689,18,419,461,13,39,128,396,36,29,15,18,345,77,447,40,413,305,330,183,1080,100,168,236,1392,34,20,44,26,40,591,614,55,50,277,516,1468,214,21,683,181,799,94,109,299
 U3182,,22,,,26,27,,24,12,7,,,21,15,22,17,,47,,,21,8,16,10,21,21,11,23,,7,20,11,10,7,8,53,,82,,54,23,56,,,28,,29,,,,8,14,24,16,28,315,,40,26,30,,,61,21,10,,18,174,,
 U3203,,,,,40,,,,,,,,14,23,,39,,,,,,93,,,,43,,,,,,,54,,41,,142,,,,,,,,,,52,,,,,,,,,,,,,11,,,,,,,,,,
 U3204,,,,,,,,,,,,,168,,323,,,,,,,252,152,17,183,,,,,35,,,6016,27,,,54,,,,,,,,,,,,,,,40,90,,,,,166,347,,,,,,,,,,,
 U3210,,26,,,33,32,,,19,9,,,22,17,19,23,,10,,,,6,25,9,10,40,10,46,,8,12,10,9,12,24,23,8,,,,,,,,60,,21,,,,15,14,18,19,42,,,19,23,,,,,40,,,92,,,
 U3224,,21,,,,,,,,21,,,,103,20,93,,500,,,,118,,34,109,,460,,,25,32,,65,17,19,116,85,,,,,,,,297,,65,,,,33,43,245,,,,,453,,,,,,,,,162,,,
 U3259,168,,,,,227,,,,,,,,,30,,,,,,,,,23,28,,,,,10,,,,26,,,53,161,,,,,,,,,,,,,,,,,79,,,52,,,,,,,,169,134,,,
 U3283,,9,,,,,,,,5,,,,,13,,,,,,,6,,6,12,,7,,,12,9,12,15,39,21,8,38,,,,,,,,,,15,,,,13,15,16,,,,,,,,,,,,,,,,,
 U3284,,10,,,,,,,,6,,,,,14,,,,,,,11,,8,20,,8,,,8,15,5,7,9,4,6,79,,,,,,,,,,,,,,9,8,,,,,,,,,,,,,,,,,,
 U3305,,20,,,34,,,,94,8,,,116,34,35,23,,13,,,,62,60,43,67,,41,149,,27,22,30,12,21,53,37,76,,,,,,,,,,30,,,,191,134,127,,,,,78,14,,,,,,,,28,,,
 U3331,,18,,,,,,,,11,,,,,14,,,,,,,10,,18,18,,25,,,14,13,24,5,13,7,48,12,,,,,,,,,,45,,,,17,36,40,,,,,,,,,,,,,,,,,
 U3341,,,,,30,,,,,6,,,87,44,,36,,,,,,28,,30,197,66,35,,,14,,43,20,45,20,,61,,,,,,,,,,,,,,30,90,117,,,,,,17,159,,,,,,,,,,
 U3357,,36,,,20,26,,20,25,4,,,32,25,20,32,,10,,,,8,54,9,19,32,12,22,44,6,14,33,11,9,9,25,6,59,44,,,,,,40,,12,,,,17,11,30,55,14,13,44,32,24,60,,,45,40,10,,113,,,
 U3363,,21,,,167,,,98,27,4,,,24,34,32,19,,9,,,,12,46,17,40,27,19,119,,10,26,11,5,15,31,43,44,,,,,,,,47,,27,,,,13,13,24,26,31,,,35,11,35,,,,53,24,,23,,,
 U3431,,26,80,,43,152,200,92,413,6,,,61,450,36,77,,24,167,,23,9,38,21,18,33,22,165,,6,18,20,4,14,10,28,52,,76,,,,,51,36,,24,43,,,22,30,60,30,94,,,34,50,109,,,38,73,61,,32,42,,
 U3535,,,,,,,,,,16,,,,,,,,,,,,48,,74,22,,96,,,26,27,76,11,61,15,54,72,,,,,,,,,,,,,,25,25,,,,,,,,,,,,,,,,,,
 U3572,,14,,,28,24,,71,33,7,,,25,21,15,31,,15,,,,8,48,13,18,32,6,24,,5,11,10,7,6,20,23,43,95,,153,29,,,,62,,50,,,,12,12,24,68,104,73,58,24,18,19,,,186,42,94,,22,29,,
 U3583,,25,,,32,,,31,37,10,,,30,31,18,17,,35,,,,19,40,23,19,35,18,28,,14,27,38,107,53,10,24,45,,,,,,,,,,42,,,,14,12,35,245,,,,26,23,48,,,,34,,,25,,,
 U3584,,,,,,,,,,10,,,,,,,,,,,,25,,248,18,,29,,,20,39,56,41,32,17,,173,,,,,,,,,,,,,,25,39,,,,,,,,,,,,,,,,,,
 U3655,,22,,,30,156,236,,73,5,,,44,70,19,41,,122,,,23,39,414,17,27,70,24,98,,43,21,13,8,29,30,47,,98,,12,443,,,,,,56,,,,80,31,42,39,,,,43,27,562,,,,75,,,389,212,,
 U3656,,31,,,39,98,,42,24,7,,259,39,20,28,22,,27,,,197,6,53,8,7,47,13,101,,5,10,10,16,13,9,16,79,,169,18,143,,,217,33,,36,,,,26,16,24,26,23,479,,17,53,36,,,,30,20,,27,,,
 U3661,,113,,,18,,,,42,4,,,34,31,30,28,,19,,,,25,98,9,66,109,35,71,,41,14,19,8,7,18,12,14,,,,,,,,,,30,,,,29,18,43,17,25,,,41,232,82,,,,31,,,99,,,
 U3807,,22,,,38,,,29,324,4,,,41,24,26,43,,57,,,22,15,51,57,14,32,173,99,,9,39,43,10,54,17,14,45,,,176,44,,,,29,,38,,,,30,11,118,56,26,,,116,31,33,,,,29,260,,81,,,
 U3846,133,23,29,80,27,272,202,56,39,11,162,113,40,37,38,35,156,50,121,120,36,30,29,21,38,45,32,145,450,11,17,32,16,35,49,32,6,227,143,958,81,6,41,129,110,164,31,209,,475,18,51,162,42,35,18,64,32,18,31,,160,118,78,164,77,38,207,140,18
 U3882,,,3,,,,,,,3,,,,,,,3,,,,,3,,2,,,,,,3,,,5,3,2,,48,,,,,2,,,,3,,,3,,,,,,3,,,,,,5,3,,,,,3,,2,
 U3884,,,,,,,,,,13,,,,,,,,,,,,8,,12,16,,9,,,88,17,,6,11,9,,29,,,,,,,,,,,,,,,,,,,,,,,,,,,,,,,,,
 U3937,,,,,,,,,,127,,,,,,,,,,,,55,,13,24,,17,,,23,57,,12,36,22,24,64,,,,,,,,,,,,,,140,44,,,,,,,,,,,,,,,,,,
 U3943,,,,,,,,,,167,,,,,,,,,,,,33,,45,66,,,,,56,,,,8,55,62,49,,,,,,,,,,,,,,30,29,,,,,,,,,,,,,,,,,,
 U3944,,15,,,14,,,,,12,,,,184,15,53,,14,,,,273,,20,24,,92,,,12,22,31,,16,17,20,146,,,,,,,,,,65,,,,28,21,77,,,,,78,86,,,,,,,,,,,
 U4046,,,,,37,,,,,11,,,,63,70,,,,,,,33,,33,29,,23,,,23,25,38,26,43,27,31,95,,,,,,,,,,62,,,,17,30,279,,,,,,100,,,,,,,,,,,
 U4084,,18,,,64,,,,38,8,,,71,36,64,56,,17,,,,229,,38,13,,43,,,14,84,17,11,17,14,41,31,,,,,,,,,,163,,,,74,100,47,,,,,,23,,,,,95,,,,,,
 U4127,,,,,,,,,,7,,,,,,,,,,,,27,,12,20,,45,,,8,24,33,11,7,14,,26,,,,,,,,,,,,,,42,15,,,,,,,,,,,,,,,,,,
 U4132,,16,,,,,,,,10,,,33,16,16,19,,37,,,,7,,24,15,,8,,,6,17,12,7,6,6,26,44,,,,,,,,,,23,,,,24,9,22,,,,,31,,,,,,,,,89,,,
 U4171,,514,,,31,253,,161,79,15,,,91,159,75,128,,29,,,,20,49,24,51,114,77,101,,60,31,78,16,59,39,59,25,112,,,,,,,,,325,,,,40,75,74,73,826,,,57,134,136,,,,,20,,115,,,
 U4195,,15,,62,14,89,,,33,14,,,42,31,37,24,,,,,,16,17,14,17,,,29,,22,23,11,13,10,14,32,13,,,,,,,,,,29,,,,28,12,,,,,,28,35,36,,,,,,,15,,,
 U4294,2,21,2,2,19,2,2,2,75,8,2,2,22,45,14,30,1,48,2,1,2,12,25,23,16,4,34,7,1,7,31,16,4,17,11,29,46,1,2,2,1,3,1,1,167,3,19,1,2,2,58,18,66,21,1,2,2,18,32,3,1,2,1,96,1,2,28,2,1,2
 U4295,,53,,,35,,,56,,31,,,65,25,331,76,,321,,,,39,72,19,11,,47,217,,8,44,87,32,12,15,71,9,,,95,179,,,,131,,244,,,,938,20,45,119,103,,,23,52,49,,,,103,311,,95,,,
 U4296,141,10,113,99,19,35,190,57,18,5,78,879,50,42,20,18,1857,13,95,523,26,25,33,49,45,118,18,28,179,5,21,9,10,5,7,26,7,80,107,389,35,102,3519,34,39,575,18,46,499,304,25,39,33,32,47,,1800,35,12,175,427,1451,192,17,16,593,24,54,93,47
 U4322,,14,,,25,36,91,58,20,170,,183,417,93,40,50,,16,,,140,64,37,18,28,93,130,,142,19,21,25,6,15,20,21,46,,,127,387,,,,,,24,,,,35,47,46,157,67,,,27,25,67,,,,26,30,,32,,,
 U4323,,13,,,,,,,,88,,,,,163,,,,,,,59,,101,23,,224,,,23,119,56,13,13,42,,6,,,,,,,,,,,,,,60,20,,,,,,,,,,,,,,,,,,
 U4340,,25,,,46,,,,,7,,,,,27,35,,,,,,9,,14,11,,10,,,12,22,17,16,9,13,60,,,,,,,,,,,28,,,,25,10,21,,,,,58,9,,,,,,,,,,,
 U4368,,100,,,29,121,,93,81,7,,,250,60,29,41,,14,,,196,21,39,18,18,39,35,43,,6,33,16,6,24,95,39,14,,,13,154,,,,96,,191,,,,42,63,55,30,208,,,24,16,39,,,313,22,76,,26,33,,
 U4382,,19,,,16,,,,,4,,,20,23,13,38,,44,,,,7,220,69,9,,16,20,,21,19,28,5,13,8,18,10,,,,,,,,,,11,,,,12,9,47,,30,,,16,11,,,,,20,,,26,,,
 U4399,,8,,60,15,40,202,29,14,15,236,90,22,20,11,20,4,10,,139,15,13,24,16,16,28,13,16,,6,13,11,11,8,8,7,,,,70,60,,3,38,20,,14,4,437,,23,41,22,25,28,,,23,8,34,57,213,71,34,11,44,30,,96,
 U4412,,59,,,53,,,235,49,20,,,104,32,50,27,,,,,,19,49,19,33,40,46,,,20,21,10,6,42,26,31,10,,,149,,,,,112,,32,,,,28,10,67,75,49,,,83,17,48,,,,56,34,337,29,165,,
 U4416,,14,,,28,,,,,12,,,32,67,18,37,,61,,,,43,,26,27,,15,,,17,58,97,11,9,13,20,36,,,,,,,,,,23,,,,20,14,35,96,,,,38,24,,,,,,,,30,,,
 U4423,1,1,2,1,2,2,2,2,7,14,2,1,1,1,2,2,2,1,1,1,2,43,2,15,73,1,72,1,1,60,66,3,15,25,18,4,14,1,2,1,1,1,2,1,3,1,1,1,2,1,70,61,1,1,1,1,1,1,2,1,1,1,2,1,1,,2,,2,1
 U4424,1,,1,,,2,,2,,46,,,1,,,,,,,,,2,1,3,2,3,1,1,,26,1,1,91,16,2,1,224,2,,,,,,,,,,,,,2,2,2,,1,1,,1,,5,,,,,,1,1,,,
 U4459,77,21,,125,20,43,75,333,32,27,,244,38,30,16,23,,36,48,155,48,19,28,26,18,98,20,28,94,15,27,28,25,10,21,34,83,74,185,109,56,470,,546,413,473,45,,665,,24,19,41,120,47,131,405,25,99,184,568,331,213,39,16,263,57,120,114,188
 U4461,,,,,,,,,,24,,,,,21,2963,,,,,,12,,12,13,,17,,,12,43,,9,23,9,,32,,,,,,,,,,16,,,,53,12,27,,,,,31,,,,,,,,,,,,
 U4463,,52,,167,12,224,521,193,108,6,,,32,21,17,54,,52,,,372,7,25,11,13,27,70,61,101,10,14,10,29,9,13,16,21,181,275,366,266,,,,174,,74,,,,128,11,25,196,79,90,56,65,56,92,,,,41,194,,26,,,148
 U4489,,258,,,17,351,,98,144,11,,,,18,140,22,,394,46,,40,21,115,26,35,34,18,,,5,31,15,19,15,58,25,12,,,59,170,,,139,215,,108,,,,15,12,20,218,220,,,35,21,19,,,,71,392,,129,,,41
 U4512,,,,,,,,,,9,,,,,,,,,,,,2,,1,2,,2,,,6,1,,1,5,2,,,,,,,,,,,,,,,,,1,,,,,,,,,,,,,,,,,,
 U4529,,,,,,,,,,29,,,,85,,283,,,,,125,29,,23,16,,34,,,6,,,99,6,17,,5,,,,,,,,,,,,,,16,27,,,,,,,,,,,,71,,,,,,
 U4530,,,,,,,,,,35,,,,156,,26,,,,,,18,,,38,,139,,,,,,52,27,18,,30,,,,,,,,,,,,,,24,18,,,,,,,,,,,,74,,,,,,
 U4535,,,,,,,,,,13,,,,76,,51,,,,,,189,,,32,,25,,,,,,123,52,20,,41,,,,,,,,,,,,,,94,84,,,,,,,,,,,,53,,,,,,
 U4538,,,,,,,,,,16,,,,333,,,,,,,,175,,,95,,37,,,,,,32,21,55,,50,,,,,,,,,,,,,,50,45,,,,,,,,,,,,,,,,,,
 U4539,,,,,,,,,,46,,,,181,,,,,,,,37,,,34,,37,,,31,,,14,25,32,,20,,,,,,,,,,,,,,146,121,,,,,,,,,,,,,,,,,,
 U4541,,,,,,,,,,16,,,,124,,59,,,,,,21,,,32,,26,,,15,,,5,56,17,,39,,,,,,,,,,,,,,117,20,,,,,,,,,,,,110,618,,,,,
 U4542,,,,,,,,,,21,,,,190,,36,,,,,,49,,,49,,60,,,,,,20,56,15,,4,,,,,,,,,,,,,,43,355,,,,,,,,,,,,,,,,,,
 U4543,,,,,,,,,,13,,,,,,,,,,11,,22,,,18,,25,,,,,,87,20,76,,3,,,,,,,,,,,,,,15,38,,,,,,,,,,,,,,,,,,
 U4544,,,,,,,,,,53,,,,,,,,,,3,,86,,,83,,84,,,,,,111,16,28,,56,,,,,,,,,,,,,,34,55,,,,,,,,,,,,,,,,,,
 U4546,,,,,,,,,,12,,,,30,,45,,,,12,,19,,,14,,23,,,,,,84,6,8,,8,,,,,,,,,,,,,,11,9,,,,,,,,,,,,49,365,,,,,
 U4553,,166,,,25,275,,,26,14,,,88,55,17,343,,30,,,,58,145,9,23,63,18,76,22,8,129,93,108,11,13,42,57,,,,,,,,,,38,,,,29,12,65,213,251,,,40,305,134,,,,113,,,,,,
 U4582,,34,,84,69,43,,,22,4,142,,26,167,27,49,,129,99,,25,8,49,6,10,77,30,33,36,8,15,8,12,5,6,27,41,45,35,49,314,56,,56,,,17,33,,,12,19,36,50,,,,21,17,99,124,,127,25,32,,127,,,
 U4584,56,88,,,38,64,74,68,19,27,112,,33,48,18,32,82,24,156,,61,81,32,11,26,19,49,86,,33,37,18,7,164,11,34,18,84,211,67,26,89,,,262,75,19,,,,13,20,39,67,38,75,,19,32,24,,,90,61,52,80,36,,,
 U4606,,51,,,22,89,,114,26,5,,,23,29,22,29,,88,,,119,6,31,20,15,29,11,139,183,12,12,20,8,8,7,22,,45,142,43,144,59,,,47,,47,,,421,12,16,30,18,78,,,23,10,42,,,102,48,120,,19,100,,
 U4696,,16,,,15,,,,16,10,,,30,21,34,21,,23,,,,7,,8,20,59,10,,,3,17,16,7,5,7,106,7,,,,,,,,,,19,,,,10,22,21,,,,,24,20,,,,,,,,38,,,
 U4739,,33,,,255,328,,,274,593,,,40,632,426,73,,11,,,,17,124,22,17,196,108,,,18,33,11,30,144,13,38,33,,,182,,,,,,,95,,,,25,18,387,,,,,227,194,,,,,209,,,30,,,
 U4743,,,,,,,,,,19,,,,,,,,,,,,27,,9,30,,31,,,10,,,9,19,12,,,,,,,,,,,,,,,,,,,,,,,,,,,,,,,602,,67,,
 U4788,,32,,,27,,,,,,,,,,38,,,25,,,,,91,37,,,,,,,19,32,,,,19,50,,,,,,,,,,267,,,,,,,56,62,,,,78,,,,,,,,,,,
 U4789,,23,,,103,,,,315,,,,,,130,,,49,,,,,106,416,,,,,,,49,89,,,,29,343,,,,,,,,,,57,,,,,,,46,37,,,,27,263,,,,,,,819,,,
 U4816,,45,,,41,,,62,55,13,,,34,30,21,58,,16,,,,8,49,84,11,56,42,49,,52,14,13,9,20,19,76,,,,,,,,,63,,19,,,,12,17,26,18,27,,,36,26,80,,,,55,119,,26,43,,
 U4847,,15,,,9,82,62,43,21,4,,,27,24,14,17,,15,,,291,10,55,24,10,20,11,,,23,10,9,6,10,5,26,,190,,9,44,206,,,116,,21,,,,12,13,37,26,526,92,,21,19,20,,,46,17,16,,67,36,,
 U4851,,70,,,,745,486,105,,24,,,172,,43,,,,,,,,93,19,,45,,24,,99,,,92,27,137,15,,468,,,,,,,,,,,,,,,26,,,,,43,,201,,,,33,,,,,,
 U4955,,,,,,,,,,12,,,,137,43,,,,,,,15,,16,44,,34,,,23,21,109,9,15,10,15,,,,,,,,,,,37,,,,101,13,79,,,,,31,22,,,,,,,,,,,
 U5001,,317,,,,,,,119,14,,,73,21,137,22,,,,,,12,22,11,8,,8,,,20,51,50,44,8,7,31,,,,,,,,,,,27,,,,22,20,13,,,,,23,1450,,,,,,,,,,,
 U5010,,64,,,,,,,,16,,,,,38,,,9,,,,9,,15,22,,10,,,75,10,21,6,11,20,30,,,,,,,,,,,110,,,,22,28,,,,,,49,23,,,,,,,,,,,
 U5016,,,,,,77,,95,,,,,,,13,,,,,,,14,25,9,21,,12,,,8,8,,,7,,33,,,,,,,,,,,,,,,,,35,,,,,47,,,,,,,,,,,,
 U5024,,,,,,,,,,11,,,,,,,,,,,,16,,21,26,,20,,,13,29,44,11,11,23,19,,,,,,,,,,,,,,,33,13,,,,,,,,,,,,,,,,,,
 U5037,317,26,109,127,32,79,78,,183,27,,69,336,73,34,31,,184,606,65,183,16,70,26,81,61,25,106,619,61,24,20,14,57,24,25,,164,,95,36,,86,76,217,,50,,,96,26,146,69,23,77,,,61,118,69,,90,386,55,888,,239,,,232
 U5038,,,,,,,,,,6,,,,,,,,,,,,6,,36,13,,13,,,9,,,9,13,43,,,,,,,,,,,,,,,,,17,,,,,,,,,,,,,,,,,,
 U5187,,55,,,14,179,,153,53,6,,,32,26,25,81,,15,,,24,15,674,14,19,152,22,57,32,7,35,30,8,9,63,11,,,,135,56,,,,173,,119,,,,20,20,41,158,47,,,35,15,27,,,,40,20,,28,141,,
 U5261,,94,,,71,,,372,111,13,,,74,84,64,76,,29,,,119,78,94,52,119,84,95,113,,21,45,52,20,24,124,82,,,,265,124,,,,211,,52,,,,61,200,164,,,98,,,61,,,,,78,,,41,,,
 U5264,2,3,2,2,1,1,2,2,1,1,2,1,1,2,2,2,1,9,2,2,1,1,1,1,1,2,1,1,1,2,2,1,1,1,1,1,,1,1,1,2,1,2,4,1,1,2,3,1,1,2,1,1,1,,1,1,1,1,1,3,3,,1,1,1,1,2,1,1
 U5291,,11,,,11,29,,110,75,6,,,19,23,21,30,,31,,,27,11,88,6,16,,7,19,,17,10,7,5,7,8,10,,,,,,,,,200,,31,,,,35,28,27,31,95,,,18,11,24,,,,36,26,,44,,,
 U5306,87,23,,,18,39,,81,21,9,,,48,85,34,43,,31,160,,34,16,32,20,16,33,31,31,78,45,46,19,36,21,16,121,,234,45,119,92,,,27,83,,27,63,,,26,27,33,15,108,,,61,25,30,,,58,62,60,,39,50,,64
 U5308,,32,,,36,,,,145,6,,,,145,15,81,,13,,,,21,55,9,16,44,21,,21,8,10,9,158,17,8,8,,,,130,399,81,,,36,,94,,,,9,36,90,22,122,,,64,13,29,,,,15,,,26,59,,
 U5354,,27,,,65,,,,,18,,,46,821,31,83,,,,,,20,,18,77,,18,,,17,35,36,12,19,58,53,,,,,,,,,,,200,,,,24,36,80,,,,,136,232,,,,,,,,,,,
 U5394,,18,,,,115,,,,10,,,69,,30,,,,,,,26,27,20,55,,83,,,14,19,14,10,7,10,21,,,,,,,,,,,,,,,24,62,38,,143,,,35,48,,,,,,,,,,,
 U5400,,,,,,,,,,74,,,,,17,,,27,,,,24,,76,24,,333,,,35,17,,,16,123,138,,,,,,,,,,,203,,,,12,17,112,,,,,,,,,,,,,,,,,
 U5402,,24,,,87,,,,,12,,,,,38,,,,,,,200,,65,363,,,,,26,52,41,34,25,28,21,,,,,,,,,,,21,,,,41,15,42,,,,,136,43,,,,,,,,,,,
 U5426,,,,,52,,,,,29,,,,,,,,,,,,45,,,33,,53,,,28,,101,15,28,209,,,,,,,,,,,,,,,,140,93,,,,,,,,,,,,,,,,,,
 U5427,,308,,,,,,,,93,,,,,107,,,138,,,,29,,37,41,,54,,,31,77,18,16,11,16,105,,,,,,,,,,,,,,,32,53,,,,,,,,,,,,,,,,,,
 U5430,,,,,,,,,,355,,,,,,,,,,,,80,,61,77,,49,,,41,46,270,20,48,9,80,,,,,,,,,,,,,,,15,53,,,,,,,,,,,,,,,,,,
 U5432,,22,,,,,,,,184,,,,,294,,,,,,,148,,13,42,,197,,,18,75,144,138,9,47,96,,,,,,,,,,,,,,,74,100,,,,,,,,,,,,,,,,,,
 U5433,,12,,,367,,,,938,169,,,264,209,48,68,,120,,,,245,157,272,9,193,257,657,,453,898,327,57,246,336,279,,186,100,807,758,,,,198,,222,,,,375,61,176,349,327,580,,62,246,155,,,,363,160,,109,222,,246
 U5434,,77,,,,,,,,26,,,,,295,,,,,,,122,,52,39,,73,,,74,139,142,81,26,68,49,,,,,,,,,,,,,,,258,113,,,,,,,,,,,,,,,,,,
 U5436,,262,,,,,,,,60,,,,,168,,,,,,,4,,13,7,,13,,,7,18,6,8,5,8,11,,,,,,,,,,,,,,,16,6,,,,,,,,,,,,,,,,,,
 U5437,,118,,,23,,,,,205,,,,25,490,147,,93,,,,53,,25,7,,18,,,69,111,5,93,10,8,49,,,,,,,,,,,22,,,,153,178,24,,,,,45,32,,,,,,,,,,,
 U5438,,,,,,,,,,5,,,,,,,,,,,,42,,51,29,,70,,,40,25,167,124,16,21,,,,,,,,,,,,,,,,,288,,,,,,,,,,,,,,,,,,
 U5439,,,,,,,,,,37,,,,,287,,,,,,,78,,18,27,,53,,,74,90,7,157,30,222,62,,,,,,,,,,,,,,,41,39,,,,,,,,,,,,,,,,,,
 U5440,,,,,,,,,,153,,,,,,,,,,,,48,,137,81,,60,,,20,76,23,66,58,114,73,,,,,,,,,,,,,,,,57,,,,,,,,,,,,,,,,,,
 U5442,,,,,26,,,,,198,,,,,,,,,,,,7,,45,121,,65,,,71,79,141,63,22,158,66,,,,,,,,,,,,,,,,33,,,,,,,,,,,,,,,,,,
 U5444,,132,,,,,,,,102,,,,,,,,,,,,,,54,,,,,,107,,37,165,443,47,67,,,,,,,,,,,,,,,,,,,,,,,272,,,,,,,,,,,
 U5447,,20,,,,,,,,29,,,,,155,,,19,,,,57,,50,29,,29,,,13,219,20,39,82,8,131,,,,,,,,,,,76,,,,76,27,,,,,,,126,,,,,,,,,,,
 U5448,,16,,,,,,,,,,,,,30,,,25,,,,45,115,40,,,66,,,,19,17,,,,54,59,,,,,,,,,,119,,,,55,,,,,,,,,,,,,,,,47,,,
 U5449,,,,,9,30,75,37,,3,,,24,12,10,13,,,,,42,6,17,6,6,19,,12,,,9,,,5,,14,,48,,,,,,,7,,10,,,,16,,18,,48,,,12,,21,,,,10,,,21,38,,
 U5451,,,,,17,,,,,13,,,,,26,,,,,,,10,,15,110,,37,,,10,45,21,22,31,17,,,,,,,,,,,,17,,,,53,29,,,,,,,51,,,,,,,,,,,
 U5460,,,,,,45,107,42,,,,,34,24,24,,,,,,,17,72,27,25,,10,27,,12,9,,,11,14,34,,62,,,,186,,,,,24,,,,,,60,,45,,,41,,,,,,,,,,,,
 U5467,68,,129,254,,68,66,78,,,,242,22,,,,,,,,,,44,19,,,,,,7,15,,,,,18,,164,,,,,,,,,,,,,,,26,,30,,,34,,,,233,,,,,,,,
 U5468,,,,,,,,,,63,,,,,,,,,,,,30,,16,30,,,,,6,,,47,26,7,,,,,,,,,,,,,,,,16,38,,,,,,,,,,,,,,,,,,
 U5493,,,,,,,,,,7,,,,,,,,,,,,57,,,18,,36,,,81,,,168,43,8,,,,,,,,,,,,,,,,66,,106,,,,,,,,,,,,,,,,,
 U5494,,27,,,77,,,,,108,,,78,63,88,35,,130,,,,19,,24,27,,43,,,17,195,103,109,33,15,46,,,,,,,,,,,52,,,,44,25,61,,,,,48,176,,,,,,,,,,,
 U5520,,,,,,,,,,10,,,,,,,,,,,,,,33,20,,,,,26,15,57,84,23,6,,,,,,,,,,,,,,,,,10,,,,,,,,,,,,,,,,,,
 U5548,156,30,,,87,63,,44,218,8,102,,58,62,22,33,,32,,,28,14,,16,18,21,11,30,,7,35,51,8,10,16,30,,59,,,,,,,50,,30,,,,17,13,43,145,32,,,62,65,61,,,229,57,,,51,,,
 U5559,,,,,,,,,,18,,,,,,,,,,,,11,,9,16,,9,,,7,9,,7,9,12,13,,,,,,,,,,,,,,,,12,,,,,,,,,,,,,,,,,,
 U5560,,,,,,,,,,4,,,,,,,,,,,,10,,7,26,,16,,,14,11,15,7,6,19,50,,,,,,,,,,,,,,,,9,,,,,,,,,,,,,,,,,,
 U5615,,,,,,,,,,10,,,,,14,,,,,,,13,,15,17,,,,,18,26,7,13,11,9,,,,,,,,,,,,,,,,13,12,,,,,,,,,,,,,,,,,,
 U5628,,25,,,16,,,,,17,,,,41,29,39,,,,,,25,,44,35,30,,,,17,16,7,17,28,9,33,,,,,,,,,35,,18,,,,8,32,,,,,,19,89,45,,,,,,,,,,
 U5644,5,,4,20,,3,6,4,,5,7,3,2,,,,5,,3,,,,,4,,,,,,,,,3,4,,4,,2,,,,1,,,,,,,,,,,,,6,,,3,,,3,3,1,,,2,,,1,
 U5646,1,,2,2,,1,2,2,,1,1,1,1,3,,1,1,,1,,2,,2,,2,1,,1,3,1,14,,2,1,1,1,,1,2,1,1,2,,,3,,2,,3,1,,,2,,1,,,1,,2,2,2,2,1,,2,1,1,1,1
 U5662,,20,,,,,,,,20,,,,,,,,,,,,,,18,,,,,,23,,31,74,22,21,24,,,,,,,,,,,,,,,,,,,,,,,15,,,,,,,,,,,
 U5681,,14,,,34,,,194,54,7,,,20,21,12,16,,13,,,30,11,31,9,9,40,9,40,,14,22,17,6,7,28,42,,,,117,60,,,,47,,15,,,,9,7,15,18,28,,,23,17,30,,,,199,221,,40,,,
 U5682,,,,,,,,,,20,,,,,,,,,,,,145,,34,64,,64,,,49,,43,15,21,48,,,,,,,,,,,,,,,,20,76,,,,,,,,,,,,,,,,,,
 U5737,,,,,,,,,,30,,,,,44,,,44,,,,16,,19,17,,23,,,23,32,41,44,35,19,29,,,,,,,,,,,,,,,32,16,,,,,,,,,,,,,,,,,,
 U5882,,,,,,,,,,111,,,,,,,,,,,,88,,38,897,,721,,,28,,,598,29,569,,,,,,,,,,,,,,,,,535,,,,,,,,,,,,,,,,,,
 U5883,,,,,,,,,,116,,,,,,,,,,,,76,,76,37,,82,,,42,,,40,141,83,,,,,,,,,,,,,,,,,84,,,,,,,,,,,,,,,,,,
 U5951,,29,,,20,19,,30,20,7,,,12,10,10,24,48,,,,,7,51,5,16,13,11,27,,9,20,10,6,6,26,18,,42,,8,14,78,,15,12,,11,45,268,,8,10,13,17,26,,514,15,9,12,69,94,49,20,,,14,44,40,41
 U5959,,,,,,,,,,12,,,,,,,,,,,,39,,11,39,,25,,,26,,,25,39,16,,,,,,,,,,,,,,,,,37,,,,,,,,,,,,,,,,,,
 U5966,,64,,,64,79,,108,35,12,,,35,93,12,37,,15,,,137,49,34,47,14,43,38,45,,13,73,36,13,33,19,90,,,306,,,,,,171,,72,,,,41,21,36,48,40,202,,45,16,54,,,,42,44,,40,182,,
 U5978,132,22,,82,17,74,,47,19,23,,,21,17,25,16,,,,,,11,98,14,11,58,37,20,,6,38,19,9,12,11,43,,,,22,25,,,,31,,28,,,,9,12,14,51,36,41,46,78,17,93,,,58,94,32,,126,51,,
 U5986,,56,,,22,,,,,7,,,48,26,14,41,,,,,,9,,8,12,,12,,,5,21,74,5,7,5,23,,,,,,,,,,,29,,,,26,12,30,,,,,24,13,,,,,,,,,,,
 U5994,,11,,,12,,,,30,24,,,27,15,11,14,,8,,,,36,,43,9,23,8,,,8,13,58,6,6,11,19,,,,,,,,,,,29,,,,11,9,21,,,,,19,15,,,,,53,,,25,,,
 U5995,,,,,,,,,,17,,,,,23,,,,,,,18,64,28,112,102,15,,,78,,28,23,13,15,28,,,,,,,,,,,28,,,,,,25,,,,,29,,,,,,,,,,,,
 U5997,412,11,,87,27,82,176,,26,5,,,55,42,16,41,,70,,,,21,36,60,16,45,16,180,,5,18,24,6,14,14,13,,,,,,,,,27,,,,,,51,56,45,34,48,322,,,,,,,,,53,,,354,,
 U6008,,20,,,15,79,,88,24,8,,,33,20,43,51,,19,,,32,10,43,13,17,79,18,441,,12,23,19,8,9,7,28,,,324,,,,,208,30,,18,,,,26,13,30,128,63,,,98,13,36,,,,28,93,,96,,,
 U6009,,11,,,,,,,,8,,,33,16,,58,,,,,,13,,7,15,,22,,,21,37,,5,8,5,32,,,,,,,,,,,17,,,,19,18,29,31,60,,,,,,,,,31,,,,,,
 U6015,,,,,,,,,,36,,,,,,,,,,,,34,,26,40,,106,,,23,32,,35,30,20,,,,,,,,,,,,,,,,,42,,,,,,,,,,,,,,,,,,
 U6016,,15,,,21,255,,71,31,5,,,22,19,27,20,,16,,,,10,39,66,13,28,15,45,,19,32,14,12,8,10,22,,42,44,,,,,,,,34,,,,23,16,21,22,56,,,82,49,,,,67,163,154,,30,330,,
 U6023,107,,,68,,32,87,28,,,101,,,,,,31,,78,,,,44,10,,,,,,7,,,,,,12,,56,,,,,,,,,,,222,,,,,,,,,21,,,77,974,66,,,54,,,,
 U6028,98,15,423,98,30,68,103,24,,13,227,397,27,32,16,15,,44,,,44,15,30,10,11,37,15,135,,6,11,13,7,7,7,25,,35,,,,115,,,,,25,,,,13,13,48,1250,62,,,80,16,,626,,179,,,62,23,,,
 U6059,,,,,,,,,,8,,,,,14,36,,,,,,,,11,,22,,,,,12,,6,25,7,,22,,,,,,,,,,,,,,19,15,,,,,,,,,,,,,,,,,,
 U6061,,18,,,51,96,,119,486,12,,,17,46,32,46,,109,,,147,13,,19,32,43,19,98,,30,18,85,13,14,14,56,,,,,,,,,81,,16,,,,73,22,31,262,32,40,,33,29,74,,,,42,,,84,,,
 U6065,,,,,,,,,,17,,,,,,,,,,,,19,,11,42,,46,,,9,38,18,23,5,47,53,,,,,,,,,,,,,,,17,13,,,,,,,,,,,,,,,,,,
 U6066,,21,,,37,,,30,43,8,,,227,40,29,44,,16,,,,12,25,30,21,40,19,29,,7,27,21,6,13,17,56,,,,,,,,,,,17,,,,92,10,20,79,30,,,26,46,22,,,,542,,,79,,,
 U6210,,,,,,40,,37,,5,,,36,,,,,,,,,,21,20,,,,,,,,,,17,,39,,,,,,,,,,,,,,,,,39,,,,,19,,,,,,,,,,,,
 U6259,,8,,,27,23,,17,38,5,,,18,14,17,18,,9,,,28,8,18,9,8,26,9,24,55,5,10,8,4,5,17,13,,42,,7,18,62,,21,10,,13,15,,,14,9,16,24,33,,,22,10,27,31,87,53,11,74,,17,29,32,51
 U6393,,,,,,,,,,5,,,,,,,,,,,,9,,8,5,,7,,,5,,,5,9,13,,,,,,,,,,,,,,,,,9,,,,,,,,,,,,,,,,,,
 U6443,,,,,,,,,,4,,,,,22,,,,,,,16,,52,15,,10,,,5,8,5,3,5,7,18,,,,,,,,,,,21,,,,15,10,18,,,,,22,,,,,,,,,,,,
 U6528,,215,,,16,125,79,53,37,37,,,32,78,27,41,,77,,,60,6,51,11,8,61,7,29,,35,12,10,8,7,9,24,,48,57,1565,107,,,164,30,,70,,,,9,17,61,96,85,,,22,32,135,,,,38,377,,26,,,
 U6633,,149,,,,,,,,6,,,,,21,,,,,,,17,,59,22,,16,,,11,16,34,5,18,11,38,,,,,,,,,,,10,,,,22,30,28,,,,,49,,,,,,,,,,,,
 U6796,84,107,,,25,53,238,29,27,4,,41,40,21,19,23,,36,409,112,,10,,10,26,30,13,,,7,21,30,11,29,9,24,48,106,36,69,44,50,90,41,45,,20,22,,,19,16,21,16,28,31,,29,25,57,,,,33,32,99,47,,,
 U6828,,93,,,63,,,,333,8,,,93,28,33,62,,122,,,,21,33,15,32,56,25,147,,10,44,30,13,45,7,13,7,,,,,,,,28,,32,,,,91,21,47,162,53,,,39,143,395,,,,47,11,,43,,,
 U6886,,100,,,,,,,,,,,,,,,,8,,,,,,25,,,10,,,18,60,71,33,51,,12,853,,,,,,,,,,,,,,,,,,,,,,,,,,,,,,,,,
 U6898,,147,,,9,,,,174,4,,,46,43,16,28,,105,,,,25,221,41,59,106,21,,,5,54,52,6,6,8,17,76,,,,,,,,,,63,,,,50,16,23,76,155,,,53,17,257,,,,64,,,40,,,
 U6934,,,,,,,,,,,,,,,62,,,36,,,,,52,112,,,,,,,114,36,,,,,76,,,,,,,,,,47,,,,,,,40,51,,,,,,,,,,,,,,,
 U6983,,35,,,969,,,,410,23,,,47,55,68,37,,720,,,,16,123,64,40,33,431,,,8,129,89,23,37,18,120,454,,,,,,,,,,55,,,,27,41,63,62,74,,,225,92,80,,,,59,,,283,,,
 U7033,118,11,52,36,9,27,68,16,16,18,103,39,21,20,10,19,46,10,360,81,20,14,23,7,11,28,6,24,58,5,9,6,7,3,9,74,20,63,23,11,25,580,42,29,11,73,13,33,111,2555,10,11,19,7,38,12,25,21,8,31,129,119,64,10,9,57,18,60,42,470
 U7041,,,,,38,,,,,,,,,25,,12,,,,,,,,,13,48,10,15,,,,,,,7,,22,,,,,,,,,,30,,,,16,9,,,,,,24,,,,,,44,,,,,,
 U7162,,29,,,16,,,,,6,,,237,70,13,31,,11,,,,17,30,19,12,55,7,,,6,9,60,8,9,7,10,37,,,,,,,,,,33,,,,23,36,28,65,22,,,30,16,,,,,37,,,66,,,
 U7232,,11,,,,,,,,,,,118,,,29,,,,,,12,37,82,9,,,,,10,,14,,10,32,38,10,,,,,,,,,,38,,,,13,14,31,54,,,,,,,,,,33,,,27,,,
 U7292,64,21,250,145,14,35,134,16,17,6,,124,24,19,15,21,,22,188,204,140,6,24,7,8,14,19,139,392,4,9,7,6,6,4,13,10,266,25,15,86,84,25,261,14,,22,,37,686,10,12,16,32,19,45,99,22,34,14,356,,,40,22,234,36,177,175,67
 U7308,,18,,,18,,,57,197,,,,145,20,12,25,,,,,42,5,82,34,,,7,19,,8,10,15,,6,7,31,11,,,26,50,,,32,,,26,,,,14,8,26,,84,,,19,8,,,,,34,19,,,,,
 U7369,,,,,35,,,,,,,,35,,15,68,,,,,,,,5,,,,,,7,,22,4,,9,,159,,,,,,,,,,14,,,,47,,30,,,,,34,,,,,,,,,,,,
