Login,1772,1773,1774,1775,1776,1777,1779,1780,1781,1782,1783,1784,1785,1787,1788,1789,1790,1791,1792,1793,1794,1795,1796,1797,1799,1801,1802,1805,1807,1808,1809,1810,1811,1812,1813,1814,1815,1816,1817,1818,1819,1820,1821,1822,1823,1824,1825,1826,1827,1828,1829,1830,1831,1832,1833
 U7,20,12,,35,30,16,30,24,56,44,28,94,141,43,69,34,49,86,31,36,110,21,7,80,17,70,43,66,9,15,20,29,37,63,64,56,45,16,34,59,65,71,42,19,40,111,15,22,19,28,22,24,16,29,15
 U44,95,51,,70,34,85,107,31,75,120,44,69,129,517,313,43,117,62,60,53,259,19,48,62,26,104,162,254,21,23,27,129,79,515,86,54,40,34,47,43,27,238,29,30,33,137,42,30,24,31,190,38,20,110,27
 U62,35,55,55,28,60,118,26,53,,,42,,,,,,,,,,,34,,,20,,,,65,17,56,,39,,,,59,,388,,,,,43,258,,70,30,41,,,93,45,,
 U66,,27,30,87,,,32,85,,,,,,,,,,,,,,41,,,21,,,,,26,59,,,,,,97,,,,,,,24,,,,,,,,,29,,
 U67,82,65,40,39,89,76,57,47,,,88,86,,,,65,203,121,,,,106,67,57,41,,,,46,26,26,,101,,,,76,74,,130,,,232,54,46,,194,37,20,134,,136,75,64,50
 U70,,60,44,,60,,38,55,,,,,,,,,,,,,,34,,,36,,,,87,29,,,,,,,53,,,,,,,54,,,,,,,,,67,,
 U89,,20,,25,51,,28,22,,,,,,,,,,,,,,20,,,20,,,,23,21,50,,47,,,,,,,,,,,,,,,,,,,,,,
 U90,17,28,13,32,28,34,53,37,103,,115,90,,,,98,143,70,71,745,,36,30,80,82,,,,17,32,91,74,97,,,288,58,119,47,286,,,68,35,151,,95,37,219,78,,50,33,30,25
 U106,201,49,,57,33,123,30,40,223,311,38,183,,,,193,81,111,570,179,,15,3847,152,42,335,,,55,19,39,104,127,,108,297,92,265,1036,2056,361,,112,66,277,315,148,47,41,150,,150,35,55,30
 U110,36,40,,55,36,69,43,85,,,73,76,,,,107,,87,73,,,15,,105,23,,,,39,28,58,,25,,,,46,146,73,,,,58,19,31,,123,50,,,,91,38,37,51
 U111,15,85,,69,66,73,81,35,455,658,95,61,175,171,203,69,117,131,76,364,154,72,19,123,53,146,140,454,42,22,214,186,72,225,165,184,44,73,27,90,267,138,59,35,38,167,60,30,26,109,842,45,48,110,72
 U137,,26,,34,52,,32,27,,,,,,,,,,,,,,21,65,,23,,,,30,22,72,,33,,,,,,,,,,,24,35,,38,27,30,,,,13,40,51
 U169,25,46,,60,32,59,31,38,105,124,74,59,162,56,384,59,98,67,63,36,59,12,4,53,28,81,126,119,30,17,44,267,25,126,165,38,35,118,28,65,51,79,37,23,38,190,23,21,12,40,123,23,30,14,18
 U184,29,14,,81,49,67,43,36,133,141,29,31,166,117,98,43,59,39,40,153,228,11,62,54,46,100,489,141,24,16,21,326,53,155,62,118,37,30,84,65,81,78,67,29,32,136,36,35,25,32,47,37,19,47,21
 U200,,34,19,21,91,,44,94,,,70,81,,,,60,,95,,,,,37,,118,,,,34,26,66,103,57,,,,72,,,,,,109,37,274,,46,71,34,,,186,28,22,47
 U201,,20,21,72,38,,60,34,,,82,,,,,64,,60,2600,,,62,,51,29,,,,46,25,67,,93,,,,80,80,,,,,,30,50,,80,30,49,,,89,27,26,287
 U203,60,56,85,29,46,38,50,49,,,117,164,,,,187,170,133,,,,43,23,206,53,,,,21,32,59,,34,,,,67,157,84,,137,,66,36,101,,50,64,135,,,68,36,51,82
 U224,61,32,,52,41,39,42,23,157,66,41,110,44,60,114,83,104,38,74,190,86,11,364,118,37,62,187,70,17,47,31,84,36,230,471,37,63,78,42,65,78,168,50,30,27,236,38,24,39,31,64,41,23,34,22
 U276,,39,26,,,,32,65,,,,,,,,,,,,,,35,,,46,,,,41,17,,,,,,,,,,,,,,54,,,,36,,,,,32,,
 U290,,32,42,32,,,38,35,,,,,,,,,,111,,,,42,,,44,,,,180,26,,,42,,,,67,,,,,,,26,,,44,38,,,,52,48,,
 U490,40,29,46,24,26,38,30,47,73,74,40,73,,,,74,65,79,29,,,,8,85,26,94,,,28,13,41,137,,,264,95,54,57,61,53,,84,54,21,28,,57,108,34,93,55,119,37,,45
 U494,183,45,50,49,147,49,41,60,237,274,101,59,514,179,167,47,135,84,62,303,98,18,9,79,41,178,113,154,89,19,45,68,59,138,116,109,50,64,136,60,285,285,70,43,152,141,47,81,39,115,237,140,45,129,50
 U513,,40,93,,,,50,29,,,,,,,,,,,,,,36,,,37,,,,30,40,,,,,,,,,,,,,,55,,,,,,,,,35,,
 U634,,27,37,,,,46,33,,,,,,,,,,,,,,24,,,28,,,,101,22,,,,,,,,,,,,,,40,,,,,,,,,29,,
 U680,55,40,,53,25,49,25,46,,,42,,,,,163,,,,,,30,132,,36,,,,25,24,100,,79,,,,63,,,,,,214,37,,,,,,,,,,,
 U692,106,107,,42,33,64,27,26,163,81,43,41,185,146,92,36,129,124,110,144,,14,50,160,31,64,,160,44,29,260,79,44,260,236,101,64,74,84,96,171,409,47,54,72,274,64,23,33,86,87,78,44,277,80
 U706,102,17,21,33,39,77,28,52,90,100,38,94,,120,,87,111,81,59,78,140,11,6,88,32,,100,,40,23,37,,27,,,83,35,,,67,92,155,42,22,31,,38,33,27,70,,65,23,98,59
 U709,40,30,45,87,39,64,43,26,,,35,77,,,,,,30,62,,,14,,67,31,,,,,15,28,,60,,,,58,49,53,,,,35,21,22,,35,31,20,61,,40,22,61,23
 U733,,22,,20,,,42,54,,,,,,,,,,,,,,20,,,24,,,,,12,37,,91,,,,,,,,,,,20,,,,42,,,,,27,,
 U784,23,13,,55,36,169,33,65,114,287,46,36,112,61,241,85,93,84,81,41,250,17,77,90,47,82,320,222,7,30,79,67,38,284,87,130,69,35,27,62,76,118,33,15,18,120,41,19,19,64,101,27,18,13,53
 U817,32,63,,44,132,43,98,43,,,57,134,,,,82,,92,,,,38,46,124,58,,,,50,118,207,,41,,,,52,86,42,,,,166,43,40,,116,129,41,,,75,48,21,135
 U865,20,24,,112,39,40,66,34,,,25,87,,,,31,,83,,,,12,56,61,41,,,,60,30,46,,43,,,139,81,30,60,,,,68,30,32,,39,25,,,,63,31,61,25
 U866,50,18,,,36,27,31,57,,,60,,,,,44,,83,,,,16,28,49,21,,,,16,29,48,87,41,,,,33,,,,,,71,28,32,,39,24,,,,110,30,,33
 U868,52,82,56,43,38,115,42,43,112,75,47,43,75,229,540,53,112,48,87,52,114,23,50,115,75,189,302,321,22,24,32,63,46,276,51,79,93,27,48,60,144,78,56,40,22,148,46,34,29,24,443,39,34,66,115
 U870,,55,36,133,,,31,66,,,,,,,,,,,,,,11,16,,38,,,,19,40,72,,31,,,,,,,,,,,30,,,,40,45,,,,27,,
 U977,298,37,,29,65,35,27,38,108,230,42,56,,168,,48,131,40,209,,289,27,7,165,44,143,,113,43,31,34,51,49,73,213,169,89,175,320,90,125,107,128,38,30,,30,26,45,130,,237,22,73,37
 U1018,,,31,37,,,34,,223,,,,,,,,167,,,,,18,,,21,,,,,11,,,31,,,106,43,,,87,,141,,30,,,,33,,47,,162,36,,
 U1042,32,35,24,49,80,,38,86,152,,,,,,,,,,86,,363,14,63,,60,254,,,48,24,20,,100,,165,65,65,,,,,,,68,,,124,49,58,,,,33,93,
 U1078,116,111,,88,45,184,95,173,181,,91,44,,134,,49,303,72,,,,43,11,174,49,224,,,47,20,97,213,154,,,,156,,,345,143,,329,39,,,54,91,375,29,,227,63,,277
 U1093,,106,54,,,,124,52,,,,,,,,,,,,,,21,,,70,,,,108,35,,,60,,,,148,,,,,,,62,,,,52,,,,,91,,
 U1329,,33,,108,78,,35,26,,,83,,,,,,,126,,,,38,37,71,118,,,,56,15,138,,392,,285,,79,,,,,,,23,32,,71,38,41,,,150,42,41,129
 U1343,,53,21,,152,,48,,,,,,,,,,,270,,,,,61,296,56,,,,,28,,,75,,,,71,,,,,,,62,,,66,,,,,54,101,,
 U1364,94,27,36,19,45,89,33,31,125,125,43,63,,135,,68,70,50,58,572,,23,8,84,26,110,,159,54,21,37,157,26,,175,77,29,73,62,60,142,175,64,28,45,,63,41,38,81,223,44,38,111,34
 U1379,32,14,,12,22,23,51,5,,,84,,,,,,,,,,,16,5,,60,,,,49,13,9,,17,,,,,,,,,,,20,,,,13,12,,,,24,7,
 U1440,,68,,,74,,66,22,,,,,,,,,,,,,,59,45,,24,,,,23,48,,,,,,,80,,,,,,,,,,,,,,,,86,,
 U1443,45,22,39,12,22,97,23,36,77,113,40,47,,210,,38,45,43,142,,,12,12,118,37,190,,,18,22,26,,89,,114,161,42,59,42,53,46,194,42,16,46,,57,73,37,64,,32,21,59,24
 U1462,,13,23,,,,49,66,,,,,,,,,,,,,,24,,,53,,,,23,22,,,,,,,,,,,,,,23,,,,34,,,,,41,,
 U1495,,45,,,,,39,58,,,,,,,,,,,,,,95,450,,111,,,,33,30,,,,,,,,,,,,,,27,,,,168,,,,,34,,
 U1549,82,82,87,172,60,114,53,134,143,247,67,67,177,304,731,73,211,121,102,142,,20,672,90,63,400,,421,47,96,31,546,47,,115,287,59,76,73,59,418,223,37,36,45,,48,48,53,52,176,90,73,23,30
 U1705,,,83,116,129,59,56,38,118,,,,,,,,,68,,,,29,56,100,22,,,,39,50,76,,42,,,,48,,,,,,,23,29,,73,19,56,59,,68,43,,
 U1753,118,46,,18,47,82,50,28,181,194,34,179,,817,223,56,80,68,41,138,253,19,14,54,21,76,167,183,39,38,31,112,40,,,,,,,,,,,,,,,,,,,,,,
 U1762,,84,,,44,,58,60,,,,,,,,,,,,,,38,324,,44,,,,24,38,57,,47,,,,65,,,,,,,18,148,,47,29,123,142,,93,32,,
 U1960,73,45,29,45,93,69,35,58,,,62,145,201,113,91,53,91,94,,,,46,94,92,31,67,287,,51,27,61,80,90,,69,,67,,52,65,,,64,39,29,184,53,43,27,,,62,35,39,47
 U1984,,87,26,43,,,151,52,,,,,,,,,,,,,,15,151,,33,,,,37,20,84,,,,,,,,,,,,,49,,,,,,,,,32,,
 U1994,92,24,,33,42,142,36,48,130,226,51,35,190,108,332,84,266,75,54,173,323,19,27,150,29,65,415,117,9,48,16,104,66,1462,80,91,56,55,74,125,151,285,61,14,127,70,48,43,68,230,166,37,24,49,165
 U2067,80,27,16,85,105,41,51,50,,,166,56,,,,120,,82,,,,21,34,94,116,,,,66,14,55,86,41,,,,48,,269,,,,327,38,112,,67,55,32,174,,51,49,437,71
 U2079,,,40,,,,63,,,,39,,,,,,,,137,,,33,,175,51,,,,50,33,,,40,,,,108,,,,,,,44,,,139,,,,,272,44,,
 U2160,50,22,,27,55,29,26,54,163,70,55,28,111,40,128,126,58,98,54,167,478,11,165,167,32,63,233,286,17,40,18,39,44,189,84,92,40,47,46,53,49,137,67,19,32,79,91,34,54,79,42,23,40,432,98
 U2175,33,24,,66,62,198,49,92,392,,69,243,,,,131,291,86,115,208,,39,289,210,56,,,,43,20,182,210,106,,97,260,107,196,511,98,,,188,70,45,,69,123,77,300,,64,54,60,152
 U2178,15,49,33,23,26,46,26,26,,,35,72,,,,69,206,35,96,,,12,90,73,16,,,,23,13,19,,33,,,147,63,74,37,,47,,217,50,57,,48,46,19,81,227,64,15,30,492
 U2234,65,34,192,91,54,273,30,31,261,265,90,36,,,,61,134,143,,,,39,10,174,46,112,,,21,45,16,66,52,,112,,31,36,319,119,65,,52,73,21,,52,17,45,172,,169,45,62,26
 U2285,,27,50,,,,30,18,,,,,,,,,,,,,,84,31,,33,,,,22,18,,,46,,,,45,,,,,,,273,,,,,,,,,29,,
 U2451,76,13,,47,14,20,20,34,,76,31,58,,,,99,248,44,39,,,25,4,55,16,106,,,10,16,9,235,18,,90,74,56,20,71,35,98,,42,36,19,,29,18,44,28,96,32,17,25,106
 U2539,14,42,30,66,71,53,34,44,132,95,39,24,182,284,131,25,58,71,37,82,129,9,15,68,23,63,274,314,20,14,18,193,30,107,227,38,37,39,81,28,60,72,85,14,16,102,41,24,31,81,768,20,23,11,24
 U2901,32,28,,19,82,20,39,42,,107,56,49,,,513,47,106,68,150,,,43,10,114,53,164,,,37,17,48,280,63,,156,126,34,130,51,79,181,,159,575,45,161,183,50,71,68,324,43,31,51,180
 U2904,,14,,,,,43,8,,,190,,,,,,,,,,,186,,,239,,,,,26,148,,,,,,110,,,,,,,44,,,,76,,,,,35,,
 U2909,,60,,150,51,,38,17,,,,,,,,,,,,,,36,,,29,,,,20,20,73,,40,,,,,,,,,,,43,,,,,,,,,48,,
 U2922,,46,,42,65,,61,48,,,,,,,,,,,,,,,,,54,,,,61,213,69,,,,,,192,,,,,,,53,,,157,,,,,,30,,
 U2925,166,57,,31,121,89,25,29,146,,22,149,,,,181,53,49,101,,,52,16,74,22,,,,32,37,32,37,58,,57,,72,189,32,81,,,51,22,35,,49,95,126,79,,62,32,28,182
 U2928,,83,,56,135,,61,70,,,87,,,,,,,,,,,,,,48,,,,69,25,108,,,,,,81,,,,,,,58,,,,,,,,,57,,
 U2929,68,9,,54,127,,66,25,,,,,,,,,,,,,,33,212,,63,,,,47,13,312,,33,,,,142,,,,,,,34,286,,,55,130,,,105,56,102,40
 U2953,,39,54,62,,,47,53,,,,,,,,,,,,,,41,35,,54,,,,119,17,128,,,,,,,,,,,,,31,,,,,,,,,27,,
 U2981,,47,32,74,37,,32,56,,,,,,,,,,,,,,19,18,,31,,,,36,58,30,,43,,,,64,,,,,,,35,,,48,39,49,,,50,53,23,
 U2988,,68,36,37,98,,92,61,,,,,,,,,,,,,,73,128,,33,,,,38,49,41,,88,,,,,,,,,,,31,,,,86,,,,,36,62,
 U3038,,151,,,,,101,57,,,,,,,,,,,,,,81,128,,234,,,,29,34,,,,,,,,,,,,,,75,,,,,,,,,163,,
 U3039,100,72,,66,83,,77,49,,,59,78,,,,,99,77,,,,139,77,277,60,,,,65,55,270,,66,,111,,63,,,,,,171,108,343,,70,36,138,,,122,124,294,82
 U3040,,71,,,,,148,101,,,,,,,,,,,,,,71,45,,48,,,,110,99,136,,51,,,,,,,,,,,89,,,,184,,,,,134,138,
 U3041,,22,,32,103,,70,67,,,,,,,,,,,,,,124,,,26,,,,45,80,17,,37,,,,69,,,,,,,28,105,,156,55,106,,,134,72,117,198
 U3042,,,,,,,48,,,,,,,,,,,,,,,174,120,,95,,,,64,241,,,119,,,,,,,,,,,60,,,,177,,,,,159,145,
 U3043,21,43,,51,62,,125,,,,,,,,,,,,,,,,,,106,,,,60,41,,,,,,,,,,,,,,38,,,,,,,,,142,,
 U3045,,27,,,,,32,90,,,,,,,,,,,,,,133,,,121,,,,92,27,,,215,,,,,,,,,,,107,,,,,,,,,56,,
 U3046,21,146,,51,40,82,40,52,,,71,,,,,207,,170,,,,23,40,,24,,,,92,180,94,,60,,,,62,159,,,,,,25,72,,118,62,26,,,103,31,40,40
 U3057,,71,,204,163,,47,43,,,,,,,,,,,,,,52,,,40,,,,104,267,26,,85,,,,,,,,,,,96,,,,79,59,,,,156,206,
 U3058,140,34,,58,46,,58,70,,,65,,,,,120,,,,,,107,146,,91,,,,51,27,149,,50,,,,60,,,,,,,51,62,,136,88,57,,,73,58,61,45
 U3059,87,101,,65,139,108,66,57,,,91,231,,,,59,323,307,,,,144,256,219,84,,,,21,23,34,,99,,,,94,,,,,,524,41,67,,133,182,231,,,209,195,44,136
 U3061,,149,,,79,,132,108,,,,,,,,,,,,,,175,68,,87,,,,66,51,63,,175,,,,,,,,,,,62,,,,188,,,,,95,202,
 U3062,,42,,290,,,203,22,,,,,,,,,,,,,,89,,,139,,,,48,114,167,,87,,,,,,,,,,,319,,,,82,,,,,84,,
 U3063,,77,,212,72,,146,,,,,,,,,,,,,,,55,96,,124,,,,25,40,,,131,,,,145,,,,,,,47,,,84,45,150,,,157,139,,
 U3064,,64,,56,51,,36,26,,,,,,,,,,,,,,43,210,,42,,,,20,175,23,,55,,,,37,,,,,,,45,57,,,143,202,,,83,38,,89
 U3066,,29,,,,,320,56,,,,,,,,,,,,,,46,274,,128,,,,50,67,70,,130,,,,,,,,,,,70,,,,,,,,,43,,
 U3067,31,71,,40,104,,33,54,,,,,,,,,,,,,,380,50,,36,,,,22,124,55,,103,,,,41,,,,,,,26,192,,34,217,189,,,,32,,
 U3071,26,93,23,55,63,32,36,71,346,96,52,62,43,97,382,38,124,165,64,181,142,25,6,89,32,330,71,246,16,26,195,114,35,165,207,166,46,29,62,52,305,316,84,44,21,242,43,26,37,149,469,39,27,11,29
 U3168,,,30,,,,39,,,,,,,,,,,194,,,,15,,,37,,,,20,21,,,,,,,38,,,,,,,30,,,25,,,,,85,23,,
 U3181,83,17,,41,67,88,23,42,,,53,216,,,,43,51,65,120,,,18,70,124,41,,,,29,20,37,204,63,,156,,34,285,79,,76,,79,29,37,,42,78,122,105,,43,38,61,41
 U3182,190,16,32,56,66,96,90,25,86,88,78,75,349,77,227,30,124,92,32,109,134,38,6,133,21,60,264,128,38,21,24,72,119,153,228,74,86,33,48,59,48,76,84,30,22,83,40,74,59,67,170,72,37,30,243
 U3206,177,30,25,60,83,52,60,34,,,104,,,,,91,,112,,,,27,88,,43,,,,27,21,118,,100,,,,34,100,,,,,,31,134,,61,52,,,,149,49,51,59
 U3235,228,52,77,45,23,44,25,26,102,,39,66,,,,57,226,54,,,,27,29,43,20,,,,51,16,18,85,66,404,98,,28,,,,,,52,23,173,,37,174,78,,,71,34,19,124
 U3243,273,87,,54,93,35,37,76,,,58,81,131,,,86,58,43,,,,36,209,320,234,,,,26,30,26,220,39,,,,114,148,,,171,,160,49,182,,187,53,78,,,55,31,111,80
 U3283,122,63,66,34,79,154,86,71,,,116,95,,,,56,124,70,70,,,22,65,140,33,,,,84,30,37,,55,,,,158,124,166,106,502,,100,24,181,,108,48,142,,,107,35,11,119
 U3331,,17,,48,68,,51,58,,,64,,,,,,,,,,,59,10,,65,,,,90,31,87,,46,,,,58,,,,,,,22,,,86,34,64,,,118,41,84,52
 U3341,37,74,,25,53,,42,44,,,39,,,,,76,,,,,,32,116,,36,,,,110,63,107,,64,,,,73,,,,,,,40,23,,53,63,21,,,91,30,37,73
 U3360,,123,,52,31,,69,98,,303,178,,,,,187,,188,,,,,,161,38,,,,58,42,196,,72,,207,,68,,,,,,274,47,32,,77,46,,,,197,113,104,89
 U3371,,49,,,,,63,53,,,,,,,,,,,,,,19,68,,86,,,,19,34,119,,,,,,,,,,,,,29,,,,,,,,,44,,
 U3411,59,163,,39,152,46,78,81,,,53,,,,,312,,98,,,,15,63,,53,,,,13,22,47,,50,,,,49,,,,,,,87,225,,56,276,63,,,109,79,185,454
 U3412,,37,,90,103,,46,51,,,79,,,,,,,,,,,57,30,,54,,,,74,31,53,,118,,,,83,,,,,,,81,,,71,187,30,,,,37,133,
 U3414,,33,,,37,,,,,,,,,,,,,,,,,81,,,,,,,165,20,98,,199,,97,,,,,,,,429,114,490,,,82,47,,,,43,20,
 U3415,,66,,13,,,146,228,,,,,,,,,,,,,,47,,,86,,,,80,38,,,100,,,,,,,,,,,41,,,,,,,,,35,,
 U3416,,37,,32,,,120,87,,,,,,,,,,,,,,48,10,,80,,,,18,178,183,,,,,,,,,,,,,68,,,,237,,,,,156,,
 U3417,,44,,,83,,100,,,,,,,,,,,,,,,25,59,,74,,,,49,,,,119,,,,86,,,,,,,,,,181,,,,,,,,
 U3418,98,56,,172,66,,69,35,,,80,182,,,,176,,136,,,,28,19,,107,,,,108,64,83,,557,,,,262,,,,,,175,223,289,,257,40,193,,,101,35,288,
 U3419,94,44,,23,46,95,43,67,,,173,129,,,,,,72,,,,132,49,,146,,,,165,30,48,,185,,,,60,,,,,,,97,,,118,184,229,,,52,60,95,207
 U3420,,81,,,272,,61,101,,,,,,,,,,,,,,,,,77,,,,18,79,,,62,,,,399,,,,,,,123,,,92,87,100,,,,43,,
 U3421,283,73,,30,75,25,159,44,,,163,,,,,,,,,,,266,,,36,,,,115,20,217,,96,,,,128,,,,,,,78,309,,353,69,557,,,,29,,
 U3422,355,71,,166,400,,135,59,,,194,,,,,,,,,,,,,,160,,,,53,62,163,,125,,,,119,,,,,,,63,,,,104,84,,,,207,,
 U3423,,96,,102,77,,80,45,,,,,,,,,,,,,,87,226,,98,,,,28,68,69,,62,,,,92,,,,,,,39,,,,233,,,,,64,,
 U3424,155,92,,104,46,147,34,70,,,111,,,,,,,,,,,153,36,,39,,,,63,60,107,,79,,,,89,,,,,,,119,309,,136,139,89,,,114,58,158,664
 U3425,,106,,183,179,,104,198,,,,,,,,,,,,,,15,174,,249,,,,191,33,235,,63,,,,,,,,,,,41,,,,76,109,,,,49,,
 U3426,40,56,,112,138,,49,73,,,63,,,,,,,,,,,55,,,146,,,,80,31,73,,103,,,,66,,,,,,,103,,,,122,,,,,37,28,
 U3439,,61,,27,,,43,55,,,,,,,,,,,,,,,,,125,,,,91,25,104,,103,,,,91,,,,,,,107,,,,37,,,,,39,,
 U3514,34,47,23,,116,,42,54,,,,,,,,,,,,,,31,31,,26,,,,46,25,,,65,,,,,,,,,,,54,,,,79,,,,,27,,
 U3542,200,113,52,,119,62,43,27,136,,64,,,,,73,155,61,317,,,33,,207,31,,,,95,36,23,158,53,,,,54,140,,,,,126,36,104,,39,41,52,,,247,84,37,251
 U3634,,24,,306,103,,111,95,,,,,,,,,,,,,,81,42,,82,,,,18,32,54,,134,,,,,,,,,,,89,,,,114,33,,,,46,106,
 U3647,,24,,50,,,41,152,,,,,,,,,,,,,,110,58,,60,,,,25,50,26,,60,,,,,,,,,,,45,,,,35,52,,,,52,193,
 U3807,54,33,19,33,17,63,24,32,,,48,,,,,51,,57,,,,12,909,,56,,,,22,12,33,,53,,,,34,81,49,,,,,48,309,,71,61,56,264,,52,29,34,129
 U3864,,35,,,,,51,,,,,,,,,228,122,71,,,,29,100,124,32,,,,24,22,,,,,,,,,,,,,,32,,,,84,69,385,,98,49,,58
 U3959,,48,,256,361,82,81,78,,,134,586,,,,,,,,,,,,72,68,,,,107,64,73,,243,,223,,150,,,,,,769,139,236,,119,169,97,,,,108,,
 U3961,24,48,31,30,43,104,43,18,,,50,188,,,,270,83,97,181,122,,23,28,165,99,239,,,49,19,137,111,72,64,129,,74,,,356,,,125,74,233,,88,150,133,124,,70,104,146,73
 U3962,80,34,60,40,33,79,46,43,,,74,244,260,,226,41,228,118,137,,,22,105,107,55,362,,,49,34,58,174,54,,,,45,134,163,229,,,261,38,33,204,81,49,74,,,90,61,216,58
 U3965,124,22,23,97,41,64,51,48,137,157,102,98,512,252,560,222,151,63,102,,309,13,57,256,35,158,195,55,28,19,220,469,85,,118,118,58,81,71,229,111,119,70,25,152,254,50,36,58,91,297,170,33,80,43
 U3966,85,90,52,61,46,65,82,33,,143,101,98,,,,54,192,50,139,,,77,81,117,38,252,,,282,50,140,208,155,,,,66,,93,56,,,112,35,155,,90,65,87,,,73,36,,66
 U4004,366,61,61,60,344,241,47,52,162,56,103,33,167,122,81,31,138,37,124,15,268,59,283,151,109,75,81,72,29,62,96,28,141,166,71,331,85,18,34,80,257,81,90,127,26,112,151,119,412,83,69,116,67,99,16
 U4005,141,119,85,75,80,94,41,107,,,48,,,,,687,,132,,,,49,243,139,58,,,,60,50,52,,88,,,,90,,,258,,,,51,35,,76,75,111,220,,89,43,367,111
 U4007,10,19,49,137,66,18,185,53,36,88,46,54,26,48,188,22,74,56,75,159,34,47,11,93,48,109,138,118,24,15,16,28,42,171,117,51,108,14,168,223,119,281,44,25,21,130,25,28,23,58,68,38,25,26,33
 U4009,245,42,30,37,56,105,52,25,222,214,44,251,145,408,,30,131,113,261,50,,21,67,84,40,153,95,,25,14,271,37,72,147,79,,86,37,56,194,371,121,243,27,31,48,157,70,58,105,64,71,40,128,19
 U4010,85,52,24,30,27,91,95,44,153,371,37,409,,132,,146,828,97,186,94,318,28,247,144,47,261,196,251,39,38,118,239,47,,154,331,41,221,93,70,418,208,400,30,45,155,32,75,126,151,142,87,37,154,111
 U4011,176,40,39,317,138,188,46,30,275,335,75,238,422,638,,343,122,79,192,18,,46,57,123,43,301,,285,47,30,32,1224,101,505,154,722,128,720,276,126,581,,173,32,339,579,82,29,285,268,99,103,35,72,376
 U4012,89,30,24,44,35,78,32,61,78,85,30,95,239,88,97,50,69,56,58,84,212,14,36,58,81,196,75,141,35,12,29,84,61,469,58,264,53,127,385,61,96,159,60,25,35,89,57,27,31,144,220,100,32,47,94
 U4013,48,55,,48,212,76,57,42,304,219,109,249,108,,,90,378,114,286,336,385,20,21,231,119,128,,,94,30,64,121,59,,223,316,59,60,581,190,732,,65,22,42,241,69,36,52,96,322,153,46,247,129
 U4025,88,48,35,104,81,57,57,39,161,,47,118,,150,,64,154,62,,,,15,129,176,102,,,,36,18,34,223,51,,147,,58,275,,130,,,330,37,54,,46,124,33,123,,125,47,,
 U4099,396,47,,115,149,124,90,48,,,112,73,,,,119,340,97,,,,259,263,736,46,,,,19,21,47,88,144,,215,,51,,,186,,,374,41,614,,39,181,55,,,194,53,87,262
 U4144,,89,,38,47,,36,94,,,,,,,,,,,,,,16,,,71,,,,32,66,,,60,,,,84,,,,,,,31,,2242,,42,,,,,43,,
 U4157,102,37,,126,51,550,81,47,,,194,300,,,,,,83,,,,111,40,232,108,,,,91,46,143,,62,,,,72,,,,,,113,51,173,,157,146,270,,,247,125,40,1220
 U4160,,59,,,257,,103,216,,,,,,,,,,,,,,,,,50,,,,30,47,101,,180,,,,71,,,,,,,241,,,,,,,,,81,,
 U4164,,33,,86,101,,61,132,,,881,,,,,38,,87,,,,125,49,,89,,,,116,51,36,,48,,,,171,,,,,,,59,174,,126,117,178,,,107,83,205,
 U4166,109,27,,121,108,,89,45,,,125,,,,,,,,,,,9,36,123,113,,,,129,31,213,,238,,,,115,,,,,,,65,324,,124,173,268,,,124,82,114,179
 U4167,,99,,225,46,,55,47,,,,,,,,,,,,,,58,17,,49,,,,195,19,,,141,,,,109,,,,,,,24,,,,38,,,,66,62,,
 U4168,74,37,,20,66,69,237,29,,,89,,,,,,,,,,,143,11,,62,,,,126,25,163,,149,,,,85,,,,,,,54,58,,122,61,120,,,75,78,25,85
 U4177,,38,,206,117,,70,142,,,,,,,,,,,,,,19,,,27,,,,76,22,25,,,,,,,,,,,,,54,,,,,,,,,39,,
 U4179,,49,,107,,,91,58,,,,,,,,,,,,,,157,,,25,,,,94,25,,,,,,,,,,,,,,86,,,,,,,,,52,,
 U4182,102,63,,85,85,122,44,113,,,131,,,,,,,69,,,,17,159,,23,,,,16,17,52,,41,,,,99,224,,,,,,57,81,,85,272,120,,,47,28,105,90
 U4196,,79,30,88,,,42,29,,,,,,,,,,,,,,,30,,182,,,,47,41,34,,,,,,,,,,,,,62,,,,,,,,,104,,
 U4351,,32,,,52,,44,54,,,114,,,,,,,,,,,,,,42,,,,32,49,,,,,,,23,,,,,,,19,,,,40,,,,119,49,,
 U4368,,49,32,,,,69,49,,,,,,,,,,,,,,43,16,,61,,,,30,22,89,,126,,,,,,,,,,,43,,,,130,,,,,36,,
 U4398,,,50,71,61,,89,80,,,116,,,,,,,,,,,,,,264,,,,52,48,108,,124,,,,70,,,,,,,60,,,,84,47,,,,38,,
 U4428,86,41,,80,53,50,26,55,,,180,239,,,,,,187,,,,22,193,76,42,143,,,11,68,13,103,69,,,,31,87,,210,,,58,26,50,,92,66,,,,46,58,45,218
 U4567,211,346,,71,209,,148,77,,,51,,,,,92,,223,,,,374,62,,100,,,,85,57,105,,119,,,,158,,,,,,,128,,,91,191,537,,,340,85,,70
 U4582,,25,37,,,,48,55,,,,,,,,,,,,,,16,38,,18,,,,26,15,,,,,,,,,,,,,,22,,,,,,,,,24,,
 U4622,69,190,38,115,134,,42,76,,,129,,,,,,155,131,,,,19,75,206,61,,,,34,59,50,,61,,93,,103,,,,,,155,20,45,,43,122,68,,,71,58,199,27
 U4779,,30,52,126,79,,100,42,,,,,,,,,,200,,,,87,18,,121,,,,74,93,,,152,,,,139,,,,,,,97,,,,,,,,243,145,,53
 U5123,,43,,169,,,38,,,,,,,,,,,80,,,,,,,53,,,,53,19,,,,,,,,,,,,,,,,,217,,,,,121,59,,
 U5127,156,89,,41,42,,,91,,,284,,,,,,,,,,,,,,47,,,,70,141,,,,,,,96,,,,,,,103,,,118,77,,,,,88,34,
 U5306,14,28,,53,21,32,37,34,243,65,41,148,609,119,68,45,89,63,68,,115,9,12,100,28,234,381,209,35,24,58,,46,406,126,84,32,46,52,83,133,279,112,24,24,122,46,48,21,142,,81,24,61,60
 U5308,151,29,,55,38,82,31,33,137,103,77,214,142,242,286,252,170,61,184,545,487,110,30,367,34,112,187,176,24,24,27,110,42,81,110,227,56,490,365,191,143,307,146,25,36,307,50,90,64,98,149,61,35,29,156
 U5400,,158,,,,,55,28,,,,,,,,,,,,,,29,,,40,,,,85,12,,,113,,,,86,,,,,,,21,,,,47,,,,,24,,
 U5426,266,34,,131,51,92,39,101,228,172,31,155,,,,72,,90,,,,26,73,198,37,,,,126,28,50,311,86,313,140,,96,,1042,,934,,181,26,69,,88,135,46,,,56,45,314,33
 U5449,,27,,42,87,,27,20,,,,,,,,,,,,,,7,6,,24,,,,26,13,30,,37,,,,46,,,,,,,29,,,,32,30,,,,21,,
 U5467,,,29,,,,71,,159,,,,,,,109,,,,,329,,,155,,,279,328,,,,,,392,,56,62,,,,,245,,49,,,,,,,,,,,
 U5481,144,65,,98,72,,44,111,382,,106,,,,,132,,,,,,74,,,49,,,,45,61,181,,69,,,,,,,,,,,34,602,,62,55,164,,,172,59,913,285
 U5494,276,77,,87,36,144,53,75,214,164,496,176,301,233,,232,339,95,156,164,468,42,19,96,57,,562,361,81,23,62,331,95,,1196,467,64,272,388,289,128,212,76,32,23,448,104,34,55,102,317,102,33,141,47
 U5510,,36,,16,,,53,205,,,100,,,,,,,,,,,152,,,56,,,,36,46,,,41,,,,,,,,,,,,,,,,,,,,,,
 U5521,66,79,26,100,33,108,57,37,91,216,46,50,483,210,113,67,56,61,429,502,193,19,27,98,25,250,80,339,181,21,17,67,35,,101,361,42,348,55,122,168,176,83,30,145,318,45,40,81,76,396,68,31,47,185
 U5553,163,136,,34,198,51,60,22,,,95,,,,,,,,,,,141,76,,39,,,,30,17,88,,67,,,,37,128,,,,,,47,52,,66,272,179,,,45,18,128,27
 U5593,,201,,46,186,,41,65,,,,,,,,,,,,,,52,38,,148,,,,27,40,,,126,,,,131,,,,,,,40,,,189,67,232,,,71,96,,
 U5624,,63,,123,164,,89,44,,,,,,,,,,,,,,86,84,,186,,,,,89,,,48,,,,,,,,,,,141,187,,,63,232,,,,126,,
 U5723,140,43,,49,61,,32,26,91,92,68,51,,,244,82,68,77,,,,13,59,144,51,,,,36,24,26,179,38,,,,,,,,,,,,,,,,,,,,,,
 U5865,21,131,,40,119,63,30,33,213,222,97,239,141,358,277,336,160,247,79,445,,18,18,133,30,378,,,28,34,120,62,38,,93,160,54,175,146,173,,,82,30,55,,36,31,38,124,,194,34,13,369
 U5926,,93,,504,,,57,93,,,,,,,,,,,,,,61,511,,64,,,,197,19,233,,,,,,,,,,,,,50,,,,172,,,,,49,,
 U5966,,69,34,,39,,85,46,,,,,,,,,,,,,,24,,,54,,,,41,23,,,,,,,92,,,,,,,29,,,,,,,,,68,,
 U6008,31,24,,100,44,111,59,23,176,357,144,100,1420,285,280,58,208,295,144,118,129,50,18,83,55,182,223,554,17,23,113,41,91,1184,193,159,54,68,49,131,421,482,168,40,55,638,114,36,61,145,234,56,45,49,157
 U6013,,44,,29,,,29,55,,,,,,,,,,,,,,,,,23,,,,102,69,,,,,,,,,,,,,,57,,,,30,,,,,78,,
 U6015,,31,15,25,51,,37,28,,,,,,,,,,,,,,54,40,,45,,,,111,45,75,,57,,,,64,,,,,,,20,,,,38,,,,,23,,
 U6038,,32,54,,96,,97,27,,,,,,,,,,,,,,,,,62,,,,40,30,130,,689,,,,,,,,,,,61,,,,52,,,,,93,,
 U6061,36,90,,109,24,,77,65,,,148,47,35,,,149,179,283,,,,58,5,91,45,,,,43,24,62,132,124,,146,,104,,63,221,,279,137,16,197,,434,27,113,,,59,44,23,189
 U6065,,43,40,18,104,,33,19,,,,,,,,,,,,,,16,45,,39,,,,37,15,163,,,,,,,,,,,,,16,,,,47,54,,,,22,34,
 U6259,58,35,,62,12,56,30,33,104,55,78,30,31,30,112,36,71,75,45,159,206,33,4,61,15,45,255,174,16,25,9,63,42,581,64,127,38,17,28,40,112,78,48,20,19,145,25,48,29,30,56,19,22,10,23
 U6260,134,46,22,66,62,111,73,34,171,,52,48,,179,,152,127,60,102,,,35,36,223,29,116,,,52,19,69,196,54,,395,54,105,31,229,73,,,134,25,226,,96,34,75,241,,125,46,161,196
 U6262,160,66,,75,66,,54,47,121,,184,,,,,113,109,103,,,,78,37,124,85,,,,79,29,93,,69,,,,,,,,,,,,,,,,,,,,,,
 U6279,,48,,107,118,217,43,46,,,45,,,,,148,,121,96,,,54,,201,43,,,,32,71,84,,55,,,,,,,,,,,,,,,,,,,,,,
 U6280,,,,,81,133,,,,,,,,,,,,,,,,48,,79,32,,,,,26,,,54,,,,,,,180,,,,44,,,78,,,,,80,,24,
 U6282,,53,,,,,70,64,,,,,,,,,,,,,,,,,72,,,,,30,,,60,,,,76,,,,,,,34,,,,76,,,,,47,,
 U6393,,23,,,,,23,18,,,,,,,,,,,,,,14,6,,34,,,,22,19,,,,,,,,,,,,,,41,,,,,,,,,32,,
 U6443,,20,,,49,,29,59,,,,,,,,,,,,,,14,81,,23,,,,58,18,,,52,,,,76,,,,,,,26,,,,,,,,,32,,
 U6450,53,58,44,19,49,,35,45,,,,,,,,,,,,,,41,102,,59,,,,51,23,43,,54,,,,80,,,,,,,27,,,81,128,23,,,,52,92,
 U6527,62,29,,22,30,,71,40,,,41,,,,,118,149,51,,,,,9,147,32,,,,137,48,68,55,77,,157,,64,,,,169,,75,41,21,,56,,99,,,94,19,78,
 U6528,93,112,30,39,34,89,32,59,,,82,,,,,,,,,,,37,6,,25,,,,33,17,34,,88,,,,47,,,,,,,20,80,,45,27,137,,,35,38,59,99
 U6543,207,88,,198,40,66,47,63,,,630,,,,,,,,,,,54,59,,30,,,,73,51,111,,46,,,,54,,,,,,,72,277,,56,35,33,,,74,62,47,369
 U6553,,74,,43,,,50,49,,,261,,,,,,,,,,,,,,31,,,,65,99,62,,57,,,,76,,,,,,,18,256,,,29,75,,,,63,,
 U6644,,33,70,,,,,36,,,,,,,,,,,,,,77,35,,63,,,,30,74,,,,,,,,,,,,,,40,,,,,,,,,44,,
 U6658,,23,25,,,,44,141,,,,,,,,,,,,,,,,,32,,,,25,19,27,,,,,,31,,,,,,,,,,,,,,,,46,,
 U6691,31,18,,34,68,32,21,61,,,68,,,,,,,,,,,42,,,22,,,,27,18,67,,89,,,,37,,,,,,,29,,,161,96,29,,,57,33,,66
 U6738,,102,47,,,,,65,,,,,,,,,,,,,,79,63,,64,,,,26,43,,,,,,,,,,,,,,38,,,,,,,,,35,,
 U6752,,58,47,,,,42,67,,,,,,,,,,,,,,105,,,38,,,,55,25,,,,,,,,,,,,,,49,,,,,,,,,68,,
 U6764,,57,135,,,,85,52,,,,,,,,,,,,,,71,36,,140,,,,30,22,,,180,,,,,,,,,,,156,,,,,,,,,90,,
 U6799,,37,33,43,349,221,44,41,,,,,,,,,262,85,,,,47,,168,39,,,,31,40,,,49,,,,166,,,,,,,30,,,95,51,,,,65,47,,
 U6803,,46,36,119,59,,86,57,,,,,,,,,,,,,,17,313,,41,,,,97,23,69,,81,,,,52,,,,,,,50,,,54,85,38,,,,22,680,
 U6804,,73,640,,66,,35,70,,,,,,,,,,,,,,112,34,,148,,,,23,32,,,,,,,,,,,,,,76,,,,,,,,,120,,
 U6828,38,,26,,56,,,,,,114,74,,,,,,,,,,45,,144,,,,,26,,,,41,,,,,,59,110,,,75,18,,,,,119,,,72,,,100
 U6898,,32,23,,47,,68,45,,,67,,,,,,,88,,,,59,15,,103,,,,27,20,,,102,,,,88,,,,,,,45,79,,68,47,,,,67,33,27,31
 U6917,,,29,,,,65,63,,,,,,,,,,,,,,24,,,,,,,131,108,,,,,,,137,,,,,,163,39,,,,40,,,,82,42,,
 U6974,,59,78,,,,,,,,,,,,,,,281,,,,39,,139,45,,,,50,50,,,209,,,,69,,,,,,,34,511,,,,,,,,63,,
 U6992,,192,145,,,,59,111,,,,,,,,,,,,,,17,115,,53,,,,189,49,,,,,,,,,,,,,,146,,,,141,,,,,106,,
 U6996,,142,137,,,,110,139,,,,,,,,,,,,,,,53,,89,,,,78,126,,,,,,,,,,,,,,49,,,,,,,,,127,,
 U7011,118,23,85,61,81,77,36,17,,,93,,,,,,,,,,,53,192,,24,,,,54,20,99,,46,,,,57,,,,,,,49,65,,65,125,39,,,100,33,194,
 U7014,89,99,81,,53,,55,70,,,92,,,,,99,,122,,,,13,166,,44,,,,29,67,,,32,,,,64,,,,,,,48,159,,105,85,,,,117,50,62,
 U7015,36,64,64,47,49,,31,49,,,,,,,,81,,49,,,,40,81,,43,,,,13,28,28,,84,,,,67,,,,,,,49,,,30,139,137,,,,26,25,
 U7031,,,15,,48,,32,,160,,,,,,,,74,,72,,,,,,,,,,,11,,,,,,,38,,,,,,,16,,,,,,,,66,26,,
 U7049,25,52,38,46,413,,45,84,,,116,294,,,,71,,80,,,,102,25,108,45,,,,54,18,376,,16,,,,56,,,,,,205,28,57,,62,34,66,,,74,66,10,59
 U7073,,67,105,,,,68,61,,,,,,,,,,,,,,57,,,56,,,,76,31,,,,,,,,,,,,,,72,,,,,,,,,84,,
 U7099,,87,41,86,59,,43,104,,,,,,,,,,,,,,,,,59,,,,77,20,56,,66,,,,79,,,,,,,34,,,101,87,,,,123,47,,
 U7109,,25,25,,46,,46,39,,,33,,392,,,,,70,668,614,342,87,8,85,38,91,,,42,23,,25,34,585,206,65,,,128,,,,,28,,,,18,,53,,42,23,351,31
 U7112,,,141,,,,165,192,,,,,,,,,,,,,,145,,,141,,,,104,72,,,,,,,310,,,,,,,159,,,,,,,,,252,,
 U7125,,16,39,26,68,,155,80,,,154,,,,,,,185,,,,,,,106,,,,47,26,47,,116,,,,71,,,,,,,22,,,105,25,44,,,85,48,,
 U7150,,19,36,,,,138,158,,,,,,,,,,,,,,64,,,77,,,,39,20,,,62,,,,94,,,,,,,73,,,,,,,,,28,,
 U7161,,175,40,,,,105,,,,,,,,,,,,,,,69,196,,118,,,,64,78,,,,,,,,,,,,,,66,,,,,,,,,54,,
 U7162,,86,34,,42,,38,14,,,,,,,,,,,,,,19,90,,80,,,,42,46,19,,97,,,,,,,,,,,29,,,,110,,,,110,40,46,
 U7163,356,375,41,374,38,60,113,47,,,248,411,,,,,,145,,,,86,89,182,66,,,,82,47,123,,128,,,,185,,,,,,321,73,583,,785,289,63,,,145,400,687,89
 U7203,60,98,32,,,,61,87,,,135,108,,,,59,,122,,,,,25,105,51,,,,39,38,,,83,,,,48,162,,,,,,36,117,,,48,,,,105,59,,
 U7225,,46,55,76,53,,47,113,,,,,,,,,,214,,,,66,,,238,,,,105,31,63,,131,,,,303,,,,,,,63,,,101,47,58,,,72,91,,
 U7237,,,17,,,,61,,,,,,,,,121,,56,,,,40,,,,,,,47,63,,,,,,,63,,,,,,,54,,,,,,,,161,,,
 U7266,,68,24,,,,78,90,,,,,,,,,,,,,,36,,,68,,,,60,17,104,,,,,,,,,,,,,49,,,,131,,,,,65,,
 U7292,42,37,21,72,114,65,37,73,,,88,,,,,32,,74,,,,18,14,,36,,,,43,69,43,,63,,,,61,,,,,,,42,,,36,65,73,,,79,51,68,
 U7307,,,41,,,,74,,173,,,,249,,,,,277,,,,,,,60,,,538,,39,,152,57,,,,61,,,,,,146,,,,,,178,,196,,59,,221
 U7336,,15,30,67,188,,82,60,,,,,,,,,,,,,,61,45,,31,,,,79,36,90,,67,,,,210,,,,,,,37,,,,104,156,,,,66,63,
 U7339,169,406,35,216,97,133,50,182,235,,100,93,,,,72,352,138,171,,,21,94,135,84,328,,,64,36,166,,95,,,494,175,284,,273,,611,128,60,93,,48,112,116,187,,171,71,20,27
 U7352,,80,89,,,,47,55,,,,,,,,,,,,,,57,56,,50,,,,92,18,,,,,,,,,,,,,,86,,,,,,,,,72,,
 U7369,,,61,,43,,110,,,,,,,,,120,,,,,,41,,,43,,,,33,73,60,,,,,,82,,,,,,,51,,,86,127,86,,,58,29,22,
 U7405,111,65,17,104,93,,36,30,,,,,,,,,,,,,,20,346,,55,,,,35,21,70,,61,,,,156,,,,,,,27,62,,,39,70,,,173,45,31,
 U7410,,124,32,,,,28,37,,,,,,,,169,,,,,,26,,,120,,,,38,94,,,61,,,,81,,,,,,,27,,,,,,,,50,33,,
 U7479,,24,23,22,,,56,29,,,,204,,,,,,,,,,24,60,,21,,,,32,19,27,,,,,,,,,,,,184,29,41,,,,,106,,,34,,36
 U7484,,48,23,174,,,36,37,,,,,,,,,,,,,,14,8,,59,,,,29,24,18,,,,,,,,,,,,,24,,,,,,,,,29,,
 U7492,,46,47,56,82,,,,,,,,,,,,,,,,,16,22,,,,,,16,18,179,,,,,,,,,,,,,59,,,,,,,,,40,,
 U7493,32,25,,102,37,52,208,43,,,,,,,,,,,,,,42,,,37,,,,58,29,51,,63,,,,79,,,,,,,170,,,,44,,,,,72,,
 U7494,25,54,16,43,89,,57,55,,,,,,,,,,,,,,34,5,,32,,,,140,24,45,,150,,,,,,,,,,,33,,,,103,34,,,,56,,
 U7497,34,36,19,88,64,86,39,122,155,,300,71,,,,73,144,59,,,,89,77,67,36,,,,47,12,133,298,52,,184,,110,122,,211,254,,146,39,260,,79,87,74,,,108,39,31,42
 U7500,44,86,37,86,161,96,98,40,,,146,,,,,,,,,,,92,54,,92,,,,65,52,126,,40,,,,,,,,,,,46,,,156,,46,,,78,49,,146
 U7505,52,30,40,120,55,,183,46,,,,,,,,,,,,,,14,42,,50,,,,81,37,,,87,,,,,,,,,,,103,,,,83,77,,,,47,,
 U7508,,53,41,267,114,,105,74,,,,,,,,,,,,,,36,84,,85,,,,119,23,32,,46,,,,113,,,,,,,60,,,,102,,,,,83,,
 U7509,170,80,20,25,66,34,67,42,,,55,,,,,,,,,,,81,6,,35,,,,59,15,33,,29,,,,64,,,,,,,23,,,132,50,51,,,137,36,208,181
 U7511,43,52,14,,143,28,47,114,,,50,126,,,,,,,,,,146,26,,36,,,,41,18,56,,69,,,,202,,,,,,,39,,,97,54,83,,,,79,,
 U7513,114,29,42,84,160,,55,114,,,,,,,,,,,,,,35,11,,96,,,,39,28,54,,74,,,,,,,,,,,118,,,,70,164,,,,47,,
 U7515,,61,,149,90,,94,34,,,,,,,,,,,,,,,,,66,,,,108,22,61,,,,,,99,,,,,,,74,,,,,,,,,69,,
 U7516,30,48,40,241,101,88,62,129,,,551,199,,,,136,433,147,,,,41,5,699,147,,,,56,22,197,97,104,,,,59,,,,,,1117,158,437,,192,102,210,,,198,67,602,
 U7518,61,124,41,54,156,,108,85,266,,62,,,,,89,,39,,,,41,10,164,47,,,,38,23,227,,34,,,,91,,,,,,134,82,,,196,30,37,,,134,40,161,135
 U7520,70,31,36,87,201,,64,84,,,,,,,,,,,,,,167,36,,30,,,,19,21,65,,56,,,,,,,,,,,92,,,,78,81,,,,42,,
 U7522,45,50,,106,37,,54,90,,,,,,,,,,,,,,17,9,,30,,,,87,20,64,,40,,,,64,,,,,,,91,,,,68,272,,,,49,,
 U7633,50,40,241,24,118,84,37,45,,317,222,78,,,,159,248,93,,,,107,100,169,81,185,,,40,25,42,214,52,,,,52,654,,118,373,,156,57,353,,112,63,37,,,73,31,142,96
 U7679,193,30,38,35,37,115,37,16,,,102,252,,,,56,,187,,,,75,48,188,43,,,,44,45,15,,53,,,,29,66,,,,,61,27,43,,89,30,46,,,37,50,44,64
 U7745,,30,82,42,73,,115,31,,,46,,,,,,,,,,,260,46,,73,,,,47,22,123,,150,,,,82,,,,,,,71,,,,48,69,,,70,74,,
 U7747,,25,38,66,59,,20,46,,,,,,,,,,,,,,22,98,,18,,,,52,21,47,,,,,,,,,,,,,27,,,,39,,,,,35,,
 U7750,,109,42,,197,,72,50,,,,,,,,,,,,,,28,,,33,,,,22,36,,,47,,,,112,,,,,,,62,,,,,,,,,47,,
 U7769,122,20,16,128,79,,37,35,,,,,,,,,,,,,,49,79,,38,,,,74,23,16,,65,,,,56,,,,,,,40,,,33,155,34,,,,22,,
 U7777,,76,31,,73,79,,,,,,,,,,,,,,,,,,,,,,,113,25,99,,,,,,,,,,,,,426,,,,463,,,,,37,,
 U7780,63,28,138,,53,58,,,,,,164,,,,,,,,,,,,,,168,,,120,40,163,,59,,,,,,,,,,75,58,521,,139,127,245,,,,63,,
 U7781,16,60,58,,117,,,,,,,,,,,,,,,,,,,,,231,,,19,97,25,,65,,,,,,,,,,,74,392,,220,54,,,,,61,,
 U7785,47,58,85,,483,137,,,,,,934,,,,,,,,,,,,,,3045,,,43,111,264,,80,,,,,,,,,,248,297,463,,154,230,497,,,,105,,
 U7787,25,58,106,,806,56,,,,,,718,,,,,,,,,,,,,,1929,,,102,88,134,,159,,,,,,,,,,289,271,330,,158,231,214,,,,98,,
 U7799,,69,21,,,,35,49,,,,,,,,,,,,,,32,109,,27,,,,41,19,30,,,,,,,,,,,,,20,,,,,,,,,33,,
 U7827,58,93,25,115,65,116,44,110,,533,52,49,,,,87,135,80,159,,,69,23,96,56,,,,22,22,49,72,48,,,256,78,211,106,93,,,58,50,22,,49,35,444,,,61,65,64,60
 U7840,14,83,81,77,57,16,72,20,99,975,423,2811,,,,,,97,,,,70,116,83,85,,,,20,15,55,,110,521,131,,55,,,,261,,531,157,465,,186,52,304,,,312,43,191,207
 U7917,,90,23,37,,,59,38,,,,,,,,,,,,,,203,19,,88,,,,83,97,,,,,,,,,,,,,,76,,,,83,,,,,23,,
 U7947,,25,26,,,,151,,,,,,,,,,,,,,,54,8,,43,,,,72,31,,,114,,,,50,,,,,,,49,,,,,,,,,27,,
 U7957,,38,116,,184,,50,165,,,,,,,,,,,,,,92,,,104,,,,30,56,,,40,,,,,,,,,,,28,,,,58,66,,,,36,,
 U7967,,90,42,28,45,,50,67,,,,,,,,,,,,,,24,,,29,,,,41,60,156,,,,,,,,,,,,,26,,,,,,,,,40,,
 U7974,22,45,34,75,24,,76,27,,,56,114,,111,,,65,,,,,58,40,,41,,,,23,50,27,81,42,,,,61,,121,,,,124,49,249,,56,69,37,,,,30,171,68
 U8008,97,80,46,,145,,,,181,98,35,,,,,,,,,,,39,,112,40,,,,48,36,,,,,,,114,,278,,,,,38,,,,,,,,,39,,
 U8011,,34,44,,,,49,31,,,,,,,,,,,,,,30,54,,66,,,,34,,70,,,,,,,,,,,,,109,,,,,,,,,33,,
 U8015,110,91,19,78,28,284,48,215,,301,116,302,,,,582,,178,,,,30,318,128,48,,,,211,40,212,313,36,,,,114,,111,,377,,251,30,49,,85,78,42,,,79,26,462,239
 U8076,21,53,20,52,54,34,38,105,125,88,79,384,87,184,233,112,162,82,98,,168,17,84,123,33,80,,,53,27,38,61,41,,186,81,39,64,145,53,196,140,57,19,36,272,57,60,45,72,,48,32,54,65
 U8190,,55,30,,,,151,45,,,,,,,,,,,,,,,,,170,,,,41,67,,,78,,,,268,,,,,,,68,,,,,,,,,203,,
 U8305,,22,24,31,126,,48,56,,,,,,,,,,,,,,134,15,,42,,,,32,38,102,,46,,,,59,,,,,,,22,,,,45,,,,,24,,
 U8316,,88,173,,,,58,226,,,,,,,,,,,,,,,,,141,,,,22,149,,,118,,,,129,,,,,,,90,,,,72,,,,,85,,
 U8381,22,42,21,31,43,55,26,35,102,97,42,180,,171,,41,81,55,50,,,16,29,39,21,78,,,27,13,42,39,51,,385,238,25,108,34,92,132,135,52,24,22,,43,33,19,58,92,64,23,73,102
 U8382,,38,29,,308,,100,115,,,,,,,,,,,,,,,45,,143,,,,75,75,,,140,,,,,,,,,,,20,,,,52,32,,,,54,,
 U8384,,56,40,,,,67,55,,,,,,,,,,,,,,30,,,98,,,,,32,,,187,,,,71,,,,,,,62,,,,,,,,,85,,
 U8480,,101,36,,,,108,,,,,,,,,,,171,,,,,,,28,,,,,39,,,103,,,,98,,,,,,,72,,,,46,,,,166,43,,
 U8595,,,54,,,,44,,95,100,86,,,,,235,291,107,,,591,100,11,210,34,,,134,105,47,,,31,,162,,64,,,,,862,120,17,55,444,49,,45,150,,118,,,
 U8609,210,47,43,36,328,102,62,32,,,44,431,,,,263,114,156,,,,36,73,140,82,,,,58,23,116,,144,,116,,48,184,,183,,,261,33,63,,89,36,250,,,81,40,176,133
 U8661,,26,36,19,,,49,99,,,,,,,,,,,,,,36,128,,34,,,,295,16,79,,143,,,,,,,,,,,33,,,,85,296,,,,49,,
 U8768,96,43,29,47,88,69,88,42,,,156,259,,,,81,,111,,,,89,425,7302,146,,,,56,51,162,523,2721,,,,92,,8456,,,,3865,90,321,,455,385,70,,,140,54,55,113
 U8772,,37,92,,,,62,51,,,,,,,,,133,,112,,,26,216,153,65,,,,60,116,,68,,,609,140,,,,,,,,73,,,,,,,,,60,,
 U8778,,70,22,,,,,153,,,,,,,,,,,,,,18,125,,84,,,,106,99,,,,,,,,,,,,,,106,,,,,,,,,55,,
 U8781,,50,40,,,,,102,,,,,,,,,,,,,,5,96,,83,,,,11,92,,,,,,,,,,,,,,19,,,,,,,,,133,,
 U8783,,47,33,,,,39,31,,,,,,,,,,,,,,9,,,85,,,,61,17,,,,,,,,,,,,,,38,,,,,,,,,32,,
 U8788,,35,41,37,,,70,47,,,,,,,,,,,,,,39,,,65,,,,,16,56,,58,,,,,,,,,,,71,,,,,,,,,27,,
 U8789,,43,35,,,,40,62,,,,,,,,,,,,,,88,,101,68,,,,57,38,,,,,,,,,,,,,,30,,,,,,,,,29,,
 U8815,109,45,47,35,105,,114,39,,,,,,,,,,,,,,40,36,,100,,,,103,87,41,,70,,,,54,,,,,,,53,,,,111,68,,,,46,,
 U8826,,55,84,44,,,68,35,,,,,,,,,,,,,,32,112,,70,,,,17,28,16,,66,,,,,,,,,,,32,,,,,,,,,30,,
 U8943,33,20,15,36,34,145,46,27,,,64,,,,,154,,107,,,,41,,,30,,,,23,30,64,,31,,,,49,41,,,,,76,24,,,39,23,,203,,158,22,22,28
 U8965,71,34,33,38,32,54,39,79,,,63,,,,,,,,,,,48,,,31,,,,44,45,120,,38,,,,68,,,,,,,56,,,47,79,,,,247,28,,
 U8968,,85,42,52,,,70,,,,,,,,,,,,,,,76,103,,43,,,,52,51,,,,,,,,,,,,,,120,,,,48,,,,,121,,
 U8986,179,77,40,133,77,61,50,86,284,,125,544,,,,140,129,104,,,,38,,147,50,,,,18,47,191,57,118,,91,,93,,,,,,,79,81,,94,,35,,,107,70,539,
 U9083,71,39,54,255,79,40,636,49,,,130,,,,,,,,,,,154,117,,38,,,,35,55,78,,78,,,,166,,,,,,,42,556,,108,121,355,,,89,52,470,39
 U9119,,95,33,,101,,65,,,,92,,,,,,,,,,,79,229,,65,,,,71,38,50,,92,,,,106,,,,,,,53,,,73,43,43,,,143,55,,
 U9126,,28,14,,,152,30,45,,,,,,,,,,,,,,,,,59,,,,87,21,,,,,,,,,,,,,,40,,,,,,,,,31,,
 U9132,232,101,102,70,44,68,96,69,265,708,138,129,208,65,450,165,235,192,165,1868,242,,16,265,89,361,394,395,29,31,31,89,53,1060,292,336,102,563,190,181,375,322,96,27,39,480,92,69,47,269,181,71,29,71,127
 U9143,42,106,45,290,41,134,62,32,373,186,365,320,166,288,322,310,161,137,124,,753,76,109,271,73,135,190,,26,57,106,616,55,,216,154,74,163,247,94,74,,150,35,53,135,77,64,86,242,421,142,34,224,82
 U9147,,33,50,117,,,41,86,,,,,,,,,,,,,,26,8,,34,,,,23,17,11,,52,,,,57,,,,,,,58,,,,23,,,,58,24,,
 U9163,,32,22,51,,,,,,,,,,,,,,,,,,83,,,64,,,,31,30,,,,,,,50,,,,,,,31,,,,,,,,,30,,
 U9164,,43,41,34,43,,92,32,,,,,,,,,,,,,,13,68,,78,,,,10,46,91,,63,,,,,,,,,,,33,,,,29,36,,,,36,,
 U9174,35,23,43,22,48,116,29,31,,,46,,,,,133,,57,,,,15,124,,39,,,,22,20,19,,99,,,,50,,,,,,,31,,,293,153,36,,,52,29,,
 U9180,,92,37,44,77,,49,76,,,,,,,,,,,,,,74,20,,97,,,,76,37,100,,44,,,,94,,,,,,,24,,,60,35,47,,,,65,,
 U9194,145,57,72,132,57,53,42,77,,,,,,,,83,,132,,,,19,53,,71,,,,70,37,25,,34,,,,44,,,,,,,29,,,37,37,148,,,87,57,,153
 U9195,,23,43,23,,,39,35,,,,,,,,,,,,,,54,71,,55,,,,68,24,79,,99,,,,,,,,,,,38,,,,59,100,,,,26,,
 U9197,,44,77,125,187,,94,117,,,,,,,,,,,,,,,134,,58,,,,81,29,81,,115,,,,,,,,,,,75,,,,220,,,,,73,,
 U9198,,,102,208,65,,135,158,,,,,,,,,,,,,,,140,,42,,,,105,48,,,92,,,,,,,,,,,62,,,,79,57,,,,73,,
 U9199,55,111,171,31,144,45,31,60,,,65,,,,,103,,67,,,,225,156,,78,,,,305,32,42,,66,,,,139,177,,,,,,69,360,,64,53,91,128,,112,42,55,61
 U9205,,29,21,,,,,113,,,,,,,,,,,,,,10,112,,68,,,,69,18,,,,,,,,,,,,,,83,,,,,,,,,57,,
 U9216,239,58,41,153,64,,40,29,,,,,,,,,,130,,,,59,59,,110,,,,14,23,17,,136,,,,98,,,,,,136,83,,,,125,63,,,112,49,16,
 U9307,43,67,37,63,120,77,52,31,124,210,,105,,,,130,122,187,61,,,29,39,156,62,163,,,19,18,27,76,124,,,,73,,,170,82,,76,32,24,,51,28,,,,33,36,,50
 U9312,30,39,35,154,127,73,44,41,99,289,49,116,,,,,175,59,,,,114,99,180,58,236,,,27,38,63,71,63,,158,,42,,,150,398,,126,26,172,169,53,33,,,,128,36,149,143
 U9351,38,39,13,51,44,,21,29,,,,,,,,,,,,,,21,74,,27,,,,22,33,36,,38,,,,39,,,,,,,12,,,,22,36,,,,25,17,
 U9362,,39,40,,,,117,75,,,,,,,,,,,,,,64,107,,151,,,,15,22,116,,,,,,,,,,,,,55,,,,,,,,,34,,
