Login,722,723,724,725,726,727,728,729,730,731,732,733,734,735,736,737,738,739,740,741,742,743,744,745,746,747,748,749,750,751,752,753,754,755,756,757,758,759,760,761,762,763,764,765,766,767,768,769,770,771,772,773,774,775,776,777,778,779,780,781,782,783,784,785,786,787,788,789,790,791,792,1105,1106,1107,1108,1258,1259,1260,1266,1267,1268,1271,1272,1332,1333,1334,1335,1336
 U1,34,389,32,45,45,35,44,41,41,46,57,238,1367,92,155,104,101,129,89,58,69,91,118,56,128,71,85,172,73,124,297,233,293,137,515,119,218,584,447,137,382,138,148,224,175,184,271,128,560,323,225,700,352,364,877,242,509,1377,368,952,277,18,34,23,45,28,33,23,18,51,37,43,19,29,22,,,,,,,,,,,,,
 U7,81,27,112,109,60,57,68,64,81,81,191,134,1079,125,85,198,78,266,185,85,173,132,283,134,227,139,342,1255,134,307,195,249,936,279,733,179,433,524,540,245,652,249,247,446,384,298,246,350,403,581,304,567,610,362,714,490,425,,635,667,354,39,62,41,113,93,79,106,53,66,41,16,18,30,18,88,98,145,162,212,496,320,831,117,1195,508,181,
 U10,35,29,27,30,32,38,44,43,76,141,38,47,218,35,66,309,105,69,48,47,38,82,75,55,76,69,76,92,111,70,90,100,162,260,156,74,97,118,173,78,121,101,114,268,106,125,123,132,148,113,115,224,139,107,219,111,138,441,142,171,179,35,29,20,36,35,27,29,25,26,30,24,33,21,17,56,68,73,65,130,111,175,124,146,167,113,175,261
 U20,106,110,73,69,75,163,80,98,64,412,258,72,1137,68,85,480,386,166,169,371,92,234,363,146,166,1452,545,370,541,912,232,197,,182,129,202,714,,,350,,285,944,304,1739,3722,529,365,2140,,4025,,,1424,,545,542,,,,777,84,252,167,273,28,70,349,190,470,151,39,94,187,26,,,,,,,,,,,,,
 U44,38,14,28,40,27,27,37,37,54,27,32,78,575,61,104,183,74,202,38,44,42,49,50,41,73,51,79,59,55,60,65,145,407,442,421,84,71,233,554,65,174,115,89,104,121,118,105,119,312,132,112,204,297,147,296,159,135,452,154,258,177,19,25,20,23,22,26,22,17,19,42,9,13,13,14,73,61,83,117,99,262,644,607,118,397,111,135,1379
 U47,,76,79,,,59,,,,,,,,,,,,,,,,,,,,,,,,,,,,,,,,,,,,,,,,,,,,,,,,,,,,,,,,95,58,52,,196,,,48,,92,26,21,,28,,,,,,,,,,,,,
 U49,45,28,63,43,55,142,62,52,57,51,69,116,,66,145,146,174,154,237,74,83,151,117,109,122,131,133,139,118,140,134,146,333,111,274,131,172,288,292,120,,227,231,260,193,,241,222,213,274,428,280,259,289,320,330,242,595,240,,196,28,25,29,78,39,34,45,37,43,20,,,,,,,,,,,,,,,,,
 U51,118,,143,83,84,90,439,108,171,56,285,226,,297,88,,236,,172,80,78,162,194,259,,,178,,,,152,242,,,,,,,,,,282,,,,,408,,,,,,,,,,,,,,,33,67,71,92,51,221,57,143,210,247,22,22,88,45,158,521,,,,,,,,,,151,
 U55,32,25,32,30,25,45,30,32,35,33,41,57,314,34,40,69,45,94,40,31,34,56,80,70,65,62,54,75,59,59,59,75,204,79,177,61,57,72,121,69,81,87,86,100,83,98,94,97,116,109,100,135,103,90,149,93,113,382,135,110,130,21,26,18,25,20,22,31,19,21,18,,,,,,,,,,,,,,,,,
 U58,,196,,,,,,,,,,,,,,,,,,,,,,,,,,,,,,,,,,,,,,,,,,,,,,,,,,,,,,,,,,,,42,670,54,,31,,,,,154,20,26,713,26,,,,,,,,,,,,,
 U59,170,557,,,,,,113,,,,,,,,,,,,,,,,,,,,,,,,,,,,,,,,,,,,,,,,,,,,,,,,,,,,,,63,118,,47,140,,,,217,49,38,31,113,68,76,,,,,,,,,,,,
 U62,51,68,67,47,62,59,44,42,101,39,53,72,373,56,47,221,165,136,83,67,93,132,102,125,132,105,156,125,154,283,186,105,220,252,127,225,116,134,179,127,150,227,132,237,129,134,159,165,136,164,165,139,157,122,219,227,172,387,213,189,140,28,38,38,48,48,31,28,35,57,35,,,,,,,,,,,,,,,,,
 U65,110,41,83,,60,68,110,84,,114,398,,,,103,,,,,177,,,,,,,,,,,,,,,,,,,,,,,,,,,,,,,,,,,,,,,,,,102,161,56,69,86,,74,250,479,147,,,,,,,,,,,,,,,,,
 U66,99,89,,,,,,,,,,,,,,,,,,,,,,,,,,,,,,,,,,,,,,,,,,,,,,,,,,,,,,,,,,,,76,76,160,,66,,,,,80,26,28,112,42,,,,,,,,,,,,,
 U78,149,74,108,259,95,288,132,80,91,,144,338,,60,53,544,190,55,167,337,201,526,421,166,143,151,447,,,134,279,,,107,,295,246,,,288,,,,359,,,,,,,,,,,,,,,,,,106,47,589,55,27,364,49,127,80,124,,,,,,,,,,,,,,,,,
 U80,,34,,,,,,,,,,,,,,,,,,,,,,,,,,,,,,,,,,,,,,,,,,,,,,,,,,,,,,,,,,,,32,214,80,288,515,101,61,54,47,116,,,,,,,,,,,,,,,,,
 U81,61,27,56,54,69,68,59,75,95,68,58,95,,57,112,144,83,482,126,89,83,135,123,107,133,136,134,161,372,117,166,204,,195,,131,,,,169,,174,194,,163,247,,,,,,,,,,,,,,,,27,66,36,75,39,51,65,37,53,60,18,16,20,18,114,111,171,140,319,228,,,108,,,258,
 U82,,109,85,111,,,,110,152,57,103,,,218,,,,,,,165,,,,,,,,,,,,,,,,,,,,,,,,,,,,,,,,,,,,,,,,,61,312,145,32,50,,,86,169,98,,,,,,,,,,,,,,,,,
 U89,66,85,93,51,369,,70,72,100,,,,,131,58,,,,,64,77,,,,,,,,,,,,,,,,,,,,,,,,,,,,,,,,,,,,,,,,,29,223,126,47,253,67,27,121,348,161,12,14,102,13,81,98,,,,,,,,,,,
 U95,87,40,97,73,86,92,82,66,156,77,206,110,326,85,79,189,196,382,251,202,73,165,193,167,186,260,152,524,180,940,179,818,637,139,257,216,696,347,356,213,971,166,289,575,278,284,247,490,337,950,266,440,981,515,559,308,1012,1287,1649,430,462,63,143,206,81,67,202,162,142,161,58,14,16,39,18,85,108,200,,,,,,,,,310,
 U104,342,51,197,675,196,90,107,191,232,120,457,149,,1102,118,908,,,373,165,157,,468,349,263,357,164,,497,,,,,127,,311,,,,,,,,,,,,,,,,,,,,,,,1523,,,53,70,49,154,51,,109,52,57,135,,,,,,,,,,,,,,,,,
 U110,,355,,,,,,,,,,,,,,,,,,,,,,,,,,,,,,,,,,,,,,,,,,,,,,,,,,,,,,,,,,,,55,47,45,,92,,,178,79,57,59,30,,49,,,,,,,,,,,,,
 U111,94,57,134,275,114,90,132,194,94,75,199,239,902,117,264,299,83,488,420,92,185,380,193,144,359,172,238,241,639,477,352,249,1032,131,385,219,314,608,2315,234,944,297,370,893,435,517,517,339,747,475,1010,948,545,567,817,401,607,520,522,818,520,52,59,86,175,60,556,363,377,177,197,11,21,31,35,204,194,230,226,761,320,,417,332,,923,991,
 U113,60,193,62,,,86,,225,119,,60,93,,55,91,,,,,65,106,,,,,,,,,,,,,,,135,,,,,,,,,,,,,,,,,,,,,,,,,,236,344,160,274,100,,56,,,295,,,,,,,,,,,,,,,,,
 U140,73,27,70,49,66,53,54,134,96,78,60,68,176,244,78,155,65,179,100,74,72,85,122,91,131,113,150,222,131,184,229,235,,135,186,122,352,229,842,83,203,281,352,207,193,280,223,320,266,658,273,355,334,263,1067,262,180,1728,553,439,293,35,42,37,33,41,187,61,32,59,44,19,20,18,16,58,93,138,177,,164,223,,107,,351,244,
 U155,219,274,670,104,549,432,132,316,159,169,163,539,2107,238,118,476,500,586,670,86,237,594,243,407,270,256,893,248,302,393,591,2410,3593,272,2350,255,543,588,1909,198,558,268,536,838,288,1542,538,1251,1172,1714,548,900,740,1382,3614,538,423,,1312,1063,539,111,464,72,33,193,67,141,610,250,822,35,17,56,22,122,147,216,234,1076,244,588,,278,,1186,262,
 U162,101,102,70,68,76,104,66,74,197,115,302,85,739,333,130,170,211,221,118,83,80,791,154,129,145,193,237,162,455,307,247,184,528,241,231,162,226,339,1650,366,832,166,276,256,224,304,289,511,344,1287,1016,262,321,737,643,231,283,1232,354,669,344,49,37,123,102,40,144,79,41,48,53,22,16,60,20,106,102,133,109,159,508,200,,105,,269,141,
 U169,46,29,61,54,50,109,56,52,90,52,52,56,286,70,92,97,73,301,69,82,77,108,96,89,104,108,105,214,100,110,129,132,420,191,176,105,104,284,299,94,285,131,145,174,166,154,185,183,170,201,189,353,241,193,256,184,202,526,239,221,310,35,28,34,45,29,87,47,30,40,37,29,10,19,19,89,90,108,94,108,167,329,928,130,761,157,260,479
 U171,110,56,92,257,89,95,70,105,143,100,163,67,,118,36,,70,,,461,153,,,154,,,,,,,,,,,,254,,,,101,,,,,,,321,,,,,,,,,,,,,,,72,200,310,69,195,,,106,68,127,,,,,,,,,,,,,,,,,
 U176,180,56,191,59,60,111,72,58,132,72,241,161,237,80,110,301,46,,197,39,68,122,252,124,240,297,177,356,207,93,195,291,,127,202,127,158,215,,132,,343,681,371,373,600,508,1141,865,536,324,1097,1053,322,448,240,643,,566,,448,29,32,68,44,37,238,75,93,130,85,21,18,26,28,97,209,168,,,,,,,,,,
 U180,65,41,46,45,51,53,88,87,65,166,142,76,,136,93,157,206,,271,54,92,111,170,110,73,121,255,,354,337,150,119,,66,,162,,,,245,,134,,,123,,199,,,,,,,,,,,,,,,51,40,33,73,40,58,178,31,51,45,16,20,38,34,,,,,,,,,,,,,
 U184,65,54,155,101,146,86,84,88,78,111,176,149,416,78,117,228,130,417,133,303,146,138,198,125,208,118,261,390,172,203,224,297,688,173,596,139,335,706,471,156,472,277,424,235,220,480,460,787,306,480,620,350,268,196,570,211,242,976,932,400,278,52,57,47,43,50,170,65,74,276,46,30,19,26,16,60,114,147,116,344,195,140,547,145,2519,906,187,3220
 U201,245,1080,110,116,249,45,366,411,117,75,132,246,,124,101,,,,,135,127,,,209,,,244,,,,,,,212,,319,,,,,,,,,,,,,,,,,,,,,,,,,,51,82,166,118,62,260,884,160,152,104,16,29,103,24,191,,,267,,,,,472,,,,
 U203,95,106,62,287,82,133,263,58,132,1282,,,,103,49,,147,,,211,662,405,201,192,325,,,,,,,,,,,120,,,,191,,,,,,,,,,,,,,,,,,,,,,63,75,229,63,251,,56,155,159,133,13,36,239,40,112,,,,,,,,,,,,
 U215,,121,,,,,,,,,,,,,,,,,,,,,,,,,,,,,,,,,,,,,,,,,,,,,,,,,,,,,,,,,,,,59,55,90,201,98,,198,161,62,54,,,,,,,,,,,,,,,,,
 U220,105,87,519,157,103,578,119,68,,479,1119,,,178,88,,143,,,167,522,,,172,,,,,,,,,,,,,,,,,,,,,,,,,,,,,,,,,,,,,,48,107,85,73,130,590,166,158,78,94,18,15,83,19,,,,505,,,,,,,,,
 U224,133,129,52,384,116,148,95,317,81,232,117,74,,265,85,350,190,145,161,97,443,115,571,162,246,2786,509,583,1309,362,,276,,165,,277,1164,1218,,393,,,558,439,287,,1202,,,,,,,,,449,617,,,,,50,193,387,397,1318,497,108,132,166,202,,,,,,,,,743,1728,,,,,,,
 U234,59,24,66,63,45,46,58,58,160,52,73,378,470,77,124,252,117,116,93,126,95,490,237,88,222,146,138,224,120,167,127,201,739,128,431,176,224,340,110,129,806,165,212,214,221,197,282,288,273,260,197,334,578,209,515,540,303,1131,387,551,264,33,36,33,47,45,141,50,34,33,37,21,25,25,21,100,109,132,105,256,207,406,52,164,53,448,266,281
 U265,175,120,,450,,150,103,203,300,203,150,,,,310,,,,,317,,,,,,,,,,,,,,,,,,,,,,,,,,,,,,,1042,,969,,,,,,,,,92,172,167,89,125,114,,,111,103,37,47,76,37,180,,,,,,,,,,,,
 U390,,154,,,,,,,,,,,,,,,,,,,,,,,,,,,,,,,,,,,,,,,,,,,,,,,,,,,,,,,,,,,,56,72,,136,157,,,,,47,30,27,68,37,,,,,,,,,,,,,
 U408,157,134,265,77,149,87,126,95,,390,,,,,98,,,,,178,126,,,,,,,,,,,,,,,,,,,,,,,,,,,,,,,,,,,,,,,,,186,97,112,95,238,,144,126,45,161,22,53,153,23,,,,,,,,,,,,,
 U490,96,63,72,226,215,99,441,495,202,454,190,73,46,148,49,149,150,434,158,119,151,140,149,126,285,488,231,490,194,228,148,804,1194,144,288,155,345,510,6586,264,612,224,358,397,671,370,353,1611,407,624,711,896,727,500,596,1029,493,1735,677,551,331,73,186,160,142,257,372,154,197,157,55,20,20,47,18,98,486,461,290,291,375,263,1525,130,577,1173,187,266
 U494,46,,62,56,52,73,54,52,130,56,118,207,557,78,86,109,96,244,144,62,145,340,253,146,400,121,289,179,248,252,1476,223,1544,115,470,187,434,446,615,149,2171,312,238,349,797,403,547,470,1127,688,1831,1074,352,318,349,323,427,922,783,897,333,45,34,35,97,50,56,59,31,56,34,21,21,40,23,133,118,349,102,1299,339,744,1457,229,589,896,280,1768
 U515,290,78,80,579,37,117,146,164,278,181,159,217,131,344,254,162,177,214,383,153,231,209,165,366,347,211,197,379,167,378,246,289,3038,181,851,219,335,874,1429,235,460,337,334,584,356,331,285,375,1555,695,636,2614,470,497,759,325,243,2382,505,866,312,36,61,92,90,56,143,186,43,52,160,11,17,89,62,150,95,173,110,305,716,490,589,142,2316,426,381,4022
 U589,158,32,88,117,89,422,68,82,107,109,70,8601,321,174,112,1205,110,265,222,90,119,194,1164,1396,321,438,377,520,342,384,384,489,3129,403,7847,255,740,350,945,330,456,1397,530,328,547,586,421,783,611,2015,813,1593,926,799,1001,494,1087,1191,962,3760,512,58,56,51,62,62,272,406,75,58,38,,,,,10407,,,,,,,,,,,,
 U613,117,41,73,89,37,71,137,167,93,99,134,,,186,176,,96,,182,157,254,199,188,178,472,250,344,,309,420,423,,,210,,201,,,,191,,,,,,,,,,,,,,,,,,,,,618,58,49,71,76,44,114,52,187,54,38,,,,,,,,,,,,,,,,,
 U627,,103,,,,,320,314,,,,,,,,,,,,335,,,,,,,,,,,,,,,,,,,,,,,,,,,,,,,,,,,,,,,,,,55,52,57,58,46,,204,699,149,69,,,,,,,,,,,,,,,,,
 U629,115,204,126,110,75,101,141,174,586,141,387,536,397,372,96,529,168,276,361,91,205,228,399,221,432,260,312,1058,240,417,335,290,2847,357,1721,240,360,1658,763,307,256,569,542,360,531,399,421,507,779,864,1273,1194,628,735,570,520,981,2551,695,657,310,106,85,296,262,85,71,296,135,370,195,,,,,,,,,,,,,,,,,
 U634,87,20,48,81,120,45,54,81,83,82,144,,,111,29,,134,,,57,79,444,,60,,,,,,,,,,,,264,,,,,,,,,,,,,,,,,,,,,,,,,,37,45,30,72,29,56,57,105,31,37,,,,,,,,,,,,,,,,,
 U648,134,121,161,190,287,146,227,383,129,130,225,488,980,249,78,292,184,759,817,95,140,416,249,157,665,1496,560,490,1464,314,613,326,1899,237,1016,485,1245,687,8847,408,2476,536,666,490,931,770,392,525,674,3612,731,731,522,563,829,1294,518,3011,905,2123,456,99,95,121,62,108,440,331,328,147,168,,,,,,,,,,,,,,,,,
 U653,631,136,191,669,132,286,194,206,209,386,192,389,,398,361,527,456,542,675,554,278,486,659,329,557,255,739,,192,476,1017,,,297,,327,,,,273,,,,,,,,,,,,,,,,,,,,,,188,108,385,174,232,199,562,230,267,185,,,,,,,,,,,,,,,,,
 U668,143,98,86,121,48,92,99,177,154,98,278,482,515,83,155,295,136,76,213,111,118,144,185,165,278,178,392,254,414,352,145,319,340,207,739,252,210,343,1333,181,361,201,232,520,238,395,329,447,198,385,818,294,314,381,542,322,484,496,1018,501,748,48,88,119,157,74,178,239,115,49,189,22,24,89,79,110,136,170,134,298,237,608,636,128,,166,136,1052
 U681,73,17,58,,,63,40,48,,43,,,,,,,,,,43,,,,,,,,,,,,,,,,,,,,,,,,,,,,,,,,,,,,,,,,,,32,31,48,32,47,,49,43,50,22,,,,,,,,,,,,,,,,,
 U691,61,26,54,65,110,40,43,44,,60,51,154,,130,59,179,52,,,61,81,125,,204,228,192,,181,129,91,153,188,,92,,176,,,,153,,206,,,,,,,,,,,,,,,,,,,,26,40,,33,,,48,50,31,,,,,,,,,,,,,,,,,,
 U692,111,52,89,115,121,141,202,85,874,89,82,98,162,421,107,311,107,1635,226,134,175,508,356,192,257,366,552,364,188,958,199,129,1901,228,200,248,216,788,1136,476,784,350,807,553,394,741,527,968,858,573,1333,906,692,988,2804,455,604,,781,974,841,61,242,108,184,105,115,87,79,259,119,20,18,51,30,92,216,305,256,469,414,483,416,245,,929,225,613
 U706,107,59,82,97,213,234,73,71,112,114,78,542,514,78,122,372,158,532,189,109,149,152,155,333,251,191,638,203,156,250,191,419,1573,385,570,208,315,676,305,228,801,215,683,443,294,526,346,340,278,469,314,316,371,462,707,382,362,1010,452,717,458,64,46,44,123,161,109,57,216,68,56,27,20,77,25,124,199,630,156,370,556,189,2193,494,2678,429,310,293
 U709,390,77,385,251,81,129,84,110,157,70,240,197,,106,172,193,380,232,200,207,104,164,178,220,220,285,278,307,293,298,504,566,565,513,284,375,950,437,690,248,444,308,443,598,569,397,906,502,394,,349,,555,1504,,375,518,1945,,640,362,55,65,71,451,101,273,48,70,342,130,29,27,32,46,141,,,,,,,,,,,,
 U716,103,58,89,125,276,62,154,59,267,114,161,208,276,67,96,330,640,263,489,138,523,126,308,285,148,678,305,322,222,274,275,791,1608,331,695,260,455,1116,1109,215,536,197,326,290,217,244,225,338,432,772,1104,1091,447,410,517,295,419,3142,687,499,418,69,57,153,84,84,200,34,105,115,58,30,28,49,21,76,134,138,499,230,253,726,639,224,621,445,214,
 U717,96,119,102,281,172,57,157,81,,,,,,,,,,,,,,,,,,,,,,,,,,,,,,,,,,,,,,,,,,,,,,,,,,,,,,61,88,69,129,361,,235,269,92,144,,,,,,,,,,,,,,,,,
 U731,101,34,79,99,97,76,168,104,100,66,131,173,,306,74,,90,,,44,124,254,,410,,164,,,224,,,,,202,,218,,,,169,,,233,428,328,,322,,,,,,,,,260,,,,,,54,82,88,91,127,88,37,50,44,47,,,,,,,,,,,,,,,,,
 U732,100,37,226,136,119,95,82,83,109,165,251,220,345,302,43,62,134,291,515,89,133,188,224,241,231,213,426,,229,370,1162,934,,632,222,265,211,309,,494,,311,749,,420,,385,267,,,491,,,,,356,630,,572,,898,42,130,101,66,47,204,43,49,36,72,,,,,,,,,,,,,,,,,
 U733,80,95,85,309,57,98,227,119,81,304,42,,,114,165,,245,,689,34,136,,,186,,,129,,,,,,,,,,,,,,,,,,,,,,,,,,,,,,,,,,,32,71,61,47,37,247,279,321,96,72,15,11,87,41,158,254,,,,,,,,,,,
 U738,141,207,180,130,93,64,260,180,309,315,162,,,173,172,,,,,142,147,,,366,,,,,,,,,,,,336,,,,,,,,,,,,,,,,,,,,,,,,,,110,82,333,174,94,,113,126,89,60,26,51,85,36,152,,,,,,,,,,,,
 U744,57,102,96,70,139,61,65,45,95,103,220,131,163,143,69,191,118,152,210,94,115,123,116,316,177,126,211,152,213,196,200,176,399,145,283,264,243,324,384,165,1121,204,269,226,208,260,292,252,373,327,253,275,348,206,479,256,243,705,993,476,282,61,44,63,60,42,72,56,89,84,53,16,15,22,15,84,112,167,85,262,240,193,463,125,1781,306,181,393
 U755,,56,,,224,,,,,74,,,,,,,,,,293,,,,,,,,,,,,,,,,,,,,,,,,,,,,,,,,,,,,,,,,,,48,106,45,249,98,,45,66,109,167,,,,,,,,,,,,,,,,,
 U764,,401,,,175,,,,,,,,,,,,,,,,,,,,,,,,,,,,,,,,,,,,,,,,,,,,,,,,,,,,,,,,,62,74,70,50,151,,175,146,97,103,,,,,,,,,,,,,,,,,
 U784,63,46,54,58,58,40,65,65,72,52,52,117,1173,75,77,74,68,236,136,149,152,266,127,170,189,108,131,155,112,427,144,128,183,372,812,114,125,606,903,159,266,147,149,392,143,165,150,165,192,195,153,230,352,407,331,156,285,2509,271,224,271,34,38,46,37,47,43,83,26,58,75,19,10,19,14,78,89,109,93,144,202,407,1504,105,260,345,179,356
 U789,75,67,412,57,90,47,97,101,452,343,309,,,331,63,,,,,162,433,,,,,,,,,,,,,,,,,,,,,,,,,,,,,,,,,,,,,,,,,54,49,410,42,70,,174,74,88,185,27,25,91,31,152,,,,,,,,,,,,
 U793,86,178,132,151,95,62,155,162,,111,121,258,297,179,91,178,182,397,502,55,135,184,307,329,362,218,387,,381,266,333,364,329,273,296,169,,433,598,167,473,238,275,393,386,577,250,468,,586,251,784,465,304,676,267,314,860,468,494,,76,122,44,148,71,151,116,110,203,45,,,,18,,,,,,,,,,,,,
 U816,84,169,1225,73,98,369,94,57,,,,,,,94,,,,,161,,,,,,,,,,,,,,,,,,,,,,,,,,,,,,,,,,,,,,,,,,379,121,663,61,134,,521,179,281,111,,,,,,,,,,,,,,,,,
 U817,66,94,79,71,237,335,232,70,94,157,,,,308,115,,,,,240,205,,,,,,,,,,,,,,,,,,,,,,,,,,,,,,,,,,,,,,,,,45,72,47,64,47,,205,145,94,79,,,,,,,,,,,,,,,,,
 U819,82,312,103,71,203,394,70,205,63,203,82,260,,128,130,,76,,403,144,115,639,355,132,,226,,,591,,,,,,,267,,,,562,,,,,,,,,,,,,,,,,,,,,,110,185,58,40,46,236,67,174,109,281,26,22,124,27,75,395,,,,,,,391,,,,
 U828,115,53,93,59,414,138,209,40,326,101,77,99,348,60,99,252,430,1452,153,29,51,312,424,392,260,1115,155,196,496,584,385,87,,98,,379,360,323,,516,,291,1180,144,431,,638,1236,411,,986,,,832,,1601,748,,,,,176,285,194,120,38,210,29,65,44,63,12,11,38,12,93,122,,,,,,,,,,,
 U854,129,66,,132,,60,73,59,,51,354,,,,,,,,,355,209,,,,,,,,,,,,,,,,,,,,,,,,,,,,,,,,,,,,,,,,,158,,73,355,163,364,335,49,115,,,,,,,,,,,,,,,,,,
 U865,70,47,93,126,63,85,78,135,454,113,245,1086,233,256,122,669,89,,559,135,151,172,235,326,202,247,404,,506,231,213,270,,399,260,303,,212,,250,,229,418,,388,499,375,,911,,362,794,423,294,303,316,416,,362,828,522,72,63,48,53,62,606,184,122,152,89,24,16,35,24,170,134,,319,282,,241,,165,,308,,
 U866,63,30,94,113,207,52,61,188,137,61,336,245,,230,61,,,,,88,,142,271,208,393,,,,303,,,,,256,,185,,,,244,,,,,,,,,,,,,,,,,,,,,,45,141,63,136,48,211,74,58,83,38,19,17,29,24,94,145,,215,,,,,262,,,,
 U867,,77,,133,,,,88,,,,,,,184,,,,,,,,,,,,,,,,,,,,,,,,,,,,,,,,,,,,,,,,,,,,,,,47,238,86,204,150,,,117,41,193,,,,,,,,,,,,,,,,,
 U882,74,454,153,119,132,47,221,269,,83,,,,,67,,,,,49,251,,,,,,,,,,,,,,,,,,,,,,,,,,,,,,,,,,,,,,,,,35,474,99,136,39,,162,67,191,126,26,32,38,30,,,,,,,,,,,,,
 U922,76,56,103,98,65,142,677,220,344,57,97,491,,413,157,182,142,584,2159,87,107,151,442,203,210,666,112,1464,790,645,494,160,,207,,307,570,,,155,,459,,,597,,,,,,,,,,,,,,,,,102,289,142,170,628,491,343,49,185,257,11,19,46,19,,,,,,,,,,,,,
 U937,148,78,226,115,254,103,116,174,309,291,,83,,458,227,,426,,,439,92,225,,139,,,,,,,,,,,,161,,,,,,,,,,,,,,,,,,,,,,,,,,300,79,153,105,109,83,274,268,339,208,,,,,,,,,,,,,,,,,
 U968,82,31,232,92,75,69,137,73,109,74,209,,,164,161,,198,,,92,141,,,188,,,,,,,,,,,,247,,,,,,,,,,,,,,,,,,,,,,,,,,27,42,104,142,41,126,65,44,49,46,29,19,88,29,155,184,,,,,,,237,,,,
 U977,147,59,,78,103,,174,,,110,,,,,122,,,,,82,,,,,,,,,,,,,,,,,,,,,,,,,,,,,,,,,,,,,,,,,,61,128,108,48,69,,41,232,56,64,20,40,42,28,156,,,,,,,,,,,,
 U979,,30,,,,,,,,,,,,,,,,,,,,,,,,,,,,,,,,,,,,,,,,,,,,,,,,,,,,,,,,,,,,51,70,186,112,403,,61,155,67,274,,,,,,,,,,,,,,,,,
 U988,95,93,93,181,90,114,111,132,118,132,87,272,256,131,160,466,369,282,237,107,349,163,262,234,185,157,259,218,214,193,175,311,920,187,297,221,228,682,845,166,907,219,327,333,394,446,240,544,317,607,368,984,365,877,611,968,509,988,1091,1058,437,94,82,84,46,155,203,189,154,80,72,36,48,28,25,95,115,376,118,199,214,447,,152,,231,168,151
 U1120,183,104,341,58,370,262,54,55,59,112,110,112,,156,38,,373,,110,112,90,449,194,273,,,,,,,,,,,,203,,,,637,,,,,,,,,,,,,,,,,,,,,,49,70,127,206,48,514,235,270,51,94,,,,,,,,,,,,,,,,,
 U1135,98,,329,81,122,224,168,182,,198,,,,,100,,,,,75,197,,,,,,,,,,,,,,,,,,,,,,,,,,,,,,,,,,,,,,,,,39,143,282,55,61,,40,64,131,161,77,26,140,38,140,,,,,,,,,,,,
 U1324,61,33,59,54,,,47,,55,,53,,,50,,,,,,62,51,,,,,,,,,,,,,,,,,,,107,,168,,,,155,,,,,,,,,,,,342,,,,38,45,42,,,35,,35,38,,,,,,,111,,,,,,,,,,,
 U1329,204,45,125,97,200,293,270,95,93,99,89,481,,305,59,127,108,,246,240,87,170,,213,177,163,354,,349,217,385,127,,105,,240,,,257,299,,437,,364,278,,348,,,,369,,,,,,,,,,,180,74,56,36,94,242,392,112,22,86,23,17,59,29,221,367,372,200,,,,,370,,,124,
 U1331,335,84,299,201,366,261,262,133,179,1181,209,1345,,211,544,,495,,659,409,272,489,256,647,,187,,,,,,,,,,366,,,,168,,,,,,,,,,,,,,,,,,,,,,69,94,109,553,205,171,167,90,54,476,19,25,,53,,,,,,,,,,,,,
 U1364,78,36,73,377,56,79,67,64,90,75,90,200,650,104,128,149,103,225,173,90,92,120,202,131,354,134,168,134,291,138,176,404,464,245,289,236,191,420,416,158,263,204,203,215,201,279,244,256,235,318,354,1107,633,611,401,237,304,673,389,339,303,34,128,36,88,58,78,73,74,60,37,15,26,34,31,108,115,272,128,479,261,211,431,126,,345,252,
 U1366,156,134,,,,,207,,,,,,,242,183,,,,,177,,,,,,,,,,,,,,,,,,,,,,,,,,,,,,,,,,,,,,,,,,54,,,277,,,,,,53,33,41,92,49,311,,,,,,,,,,,,
 U1371,276,340,90,533,170,1607,609,98,,282,492,80,,143,111,,,,,78,744,,,,,,,,,,,,,189,,,,,,,,,,,,,,,,,,,,,,,,,,,,353,131,289,524,112,,51,304,861,188,27,19,103,25,339,6653,,,,,,,,,,,
 U1393,59,49,95,234,51,124,50,59,63,52,66,444,,96,90,,124,,,84,139,107,106,108,107,97,102,156,140,255,101,214,,276,,152,414,,,106,,142,186,249,167,164,578,242,,334,199,291,385,,,191,264,,257,,308,37,60,65,93,55,36,33,30,69,30,37,43,27,26,,,,,,,,,,,,,
 U1409,307,348,483,149,76,531,597,99,1619,149,217,,,,130,,,,,78,,,,,,,,,,,,,,,,,,,,,,,,,,,,,,,,,,,,,,,,,,,249,72,258,418,,68,507,130,60,32,24,374,138,,,,,,,,,,,,,
 U1430,159,77,184,,33,,437,45,,,,,,,50,,,,,,,,,,,,,,,,,,,,,,,,,,,,,,,,,,,,,,,,,,,,,,,67,175,37,106,109,,58,153,53,80,26,23,42,21,,,,,,,,,,,,,
 U1446,173,125,,,,,,,,,,,,,,,,,,,,,,,,,,,,,,,,,,,,,,,,,,,,,,,,,,,,,,,,,,,,116,93,53,,,,,,,52,24,22,107,44,,,,,,,,,,,,,
 U1462,101,50,,,,,92,106,87,234,,,,,,,,,,125,,,,,,,,,,,,,,,,,,,,,,,,,,,,,,,,,,,,,,,,,,44,40,64,90,58,753,,136,,90,32,30,,23,,,,,,,,,,,,,
 U1488,,327,,,320,,,384,,,,,,,,,,,,,,,,,,,,,,,,,,,,,,,,,,,,,,,,,,,,,,,,,,,,,,63,64,,437,370,,65,399,476,,89,95,680,56,,,,,,,,,,,,,
 U1494,161,194,152,,283,131,,,,,,,,,,,,,,,,,,316,,,,,,,,,,,,,,,,,,,,,,,,,,,,,,,,,,,,,,59,117,175,162,182,,,32,78,32,20,19,32,75,,,,,,,,,,,,,
 U1549,114,,210,452,66,172,597,146,,,,,,,379,,,,,116,,,,,,,,,,,,,,,,,,,,,,,,,,,,,,,,,,,,,,,,,,58,612,250,42,507,,174,194,1430,112,59,48,395,160,303,,,,,,,,,,,,
 U1696,151,25,35,70,65,108,231,187,,38,,,,,39,,,,,99,142,,,,,,,,,,,,,,,,,,,,,,,,,,,,,,,,,,,,,,,,,69,36,41,38,138,,35,60,55,84,17,14,27,37,,,,,,,,,,,,,
 U1734,117,190,117,165,61,683,49,141,787,125,542,577,,642,254,,160,,,57,176,369,,939,,,,,,,,,,,,212,,,,527,,,,,,,,,,,,,,,,,,,,,,83,1102,214,69,159,824,109,71,650,474,45,258,365,39,78,,,,,,,,,,,,
 U1738,65,25,74,97,57,65,65,60,62,230,91,170,466,122,101,555,313,222,212,217,115,243,177,151,202,291,315,389,153,589,276,225,2147,231,574,188,680,920,1512,219,487,210,275,343,224,340,357,1188,366,1414,283,822,597,227,428,496,404,3992,984,634,278,32,36,134,82,40,231,43,71,41,67,19,13,41,43,126,162,193,173,470,179,314,514,154,,199,496,206
 U1753,57,52,204,199,93,52,59,100,83,46,73,337,488,84,52,307,372,161,221,79,194,297,131,159,228,101,335,134,426,223,182,182,774,212,810,135,306,346,454,149,336,365,259,182,233,358,248,254,270,294,210,405,275,368,504,228,303,1179,303,922,295,51,27,107,22,32,91,188,33,36,26,63,14,63,29,67,106,160,258,238,197,227,934,113,,235,177,111
 U1768,172,113,73,169,39,59,180,201,,277,141,,,143,70,,160,,,227,123,,176,,111,290,174,,,,,,,86,,,,,,326,,,,,,,,,,,,,,,,,,,,,,104,101,66,49,119,,134,185,148,41,42,49,58,56,129,,,,,,,,,,,,
 U1801,130,54,,,,,149,,,,,,,,122,,,,,,139,,,,,,,,,,,,,,,,,,,,,,,,,,,,,,,,,,,,,,,,,74,,,,,,,,,,30,38,77,44,150,357,,743,,,,,,,,,
 U1848,61,41,85,73,70,50,72,60,89,72,79,111,284,92,124,255,97,141,87,96,105,123,290,118,142,163,146,172,122,141,121,163,,176,213,169,161,393,339,122,319,146,190,440,193,297,237,203,232,266,202,500,246,225,340,203,251,1913,309,423,299,34,51,49,56,47,59,48,57,48,41,19,38,37,21,105,117,138,123,158,253,470,356,126,985,275,251,1786
 U1849,93,125,56,126,413,64,63,141,131,61,81,,,148,54,,114,,500,58,144,305,239,392,491,168,,,,,,,,302,,292,,,,370,,,,,,,,,,,,,,,,,,,,,,138,123,58,58,48,320,93,73,68,173,60,33,74,33,,,,,,,,,,,,,
 U1857,417,201,1242,113,99,604,229,191,,98,,,,,197,,,,,75,210,,,,,,,,,,,,,,,,,,,,,,,,,,,,,,,,,,,,,,,,,102,94,85,169,90,,,208,96,271,20,20,217,38,,,,,,,,,,,,,
 U1889,163,77,320,56,34,59,81,53,,38,120,,,132,160,,,,,,115,,,,,,,,,,,,,,,,,,,,,,,,,,,,,,,,,,,,,,,,,58,55,164,81,157,,126,184,203,92,12,18,71,30,,,,,,,,,,,,,
 U1920,65,126,108,,255,474,191,84,,,,,,,111,,,,,,,,,,,,,,,,,,,,,,,,,,,,,,,,,,,,,,,,,,,,,,,142,110,124,49,317,,88,234,138,169,59,22,244,42,,,,,,,,,,,,,
 U1932,189,22,183,70,89,63,81,66,,43,,,,,66,,,,,85,,,,,,,,,,,,,,,,,,,,,,,,,,,,,,,,,,,,,,,,,,32,162,45,42,62,,168,36,89,30,21,24,50,28,,,,,,,,,,,,,
 U1939,252,71,,,,,,104,,,,,,,,,,,,,,,,,,,,,,,,,,,,,,,,,,,,,,,,,,,,,,,,,,,,,,571,80,87,268,162,,,345,81,140,48,25,102,47,,,,,,,,,,,,,
 U1978,,113,,,,,,,,,,,,,,,,,,,,,,,,,,,,,,,,,,,,,,,,,,,,,,,,,,,,,,,,,,,,97,77,65,213,167,,,143,273,41,15,21,265,25,,,,,,,,,,,,,
 U1994,351,244,289,50,665,438,162,54,103,154,52,231,275,239,60,285,373,72,271,54,88,113,580,368,153,134,676,1233,1049,683,122,446,409,291,126,311,181,550,984,148,1593,254,210,791,882,705,561,262,1190,928,975,716,539,642,311,1186,2511,2484,868,484,324,35,179,186,43,99,83,166,60,100,71,23,34,68,56,58,95,691,197,392,275,398,1578,60,637,951,268,128
 U2017,55,69,133,70,96,61,79,78,89,80,70,112,699,88,116,195,166,574,128,66,74,127,206,107,116,145,133,183,183,138,151,216,566,159,1127,135,136,751,445,292,646,175,213,214,213,257,323,528,243,280,465,365,261,235,328,344,285,1021,1306,668,303,33,40,48,65,88,54,70,65,297,37,25,84,60,32,110,110,293,119,362,201,299,1187,,,,,
 U2021,52,40,,,,,,,,,,,,,,,,,,,,,,,,,,,,,,,,,,,,,,,,,,,,,,,,,,,,,,,,,,,,66,61,86,175,67,,,52,,172,22,22,53,26,,,,,,,,,,,,,
 U2035,148,51,179,,145,79,106,108,,99,,,,,126,,,,,114,,,,,637,387,,,,,,,,,,,,,,,,294,,,,,,,,,,,,,,,,,,,,54,54,73,170,120,,75,77,52,50,25,35,120,23,,,,,,,,,,,,,
 U2039,71,251,54,,246,283,270,86,,,,,,,335,,,,,,,,,,,,,,,,,,,,,,,,,,,,,,,,,,,,,,,,,,,,,,,59,45,199,95,72,,,128,82,83,48,27,143,42,,,,,,,,,,,,,
 U2045,121,87,61,,41,68,55,120,,,,,,,161,,,,,,,,,,,,,,,,,,,,,,,,,,,,,,,,,,,,,,,,,,,1417,,,,62,75,48,35,50,,,71,58,68,21,18,87,18,,,,,,,,,,,,,
 U2062,89,39,72,64,48,53,78,71,69,49,112,,,81,186,,80,,163,107,75,119,,102,130,126,,,,,,,,148,,168,,,,136,,294,,,,,,,,,,,453,,,,,,,,,33,50,35,56,78,54,44,42,47,67,30,24,32,25,,,,,,,,,,,,,
 U2072,,,,,,,,52,,,,,,,,,,,,,,,,,,,,,,,,,,,,,,,,,,,,,,,,,,,,,,,,,,,,,,34,46,44,49,33,,,,33,56,15,18,20,17,109,,,,,,,,,,,,
 U2079,120,78,67,91,60,39,292,45,96,215,140,80,,207,134,,89,,,72,102,196,,219,228,161,103,,,,,,,323,,261,,,,297,,,,,,,,,,,,,,,,,,,,,,43,124,74,69,58,248,105,75,141,48,49,64,239,50,69,166,,,,,,,224,,,,
 U2080,184,23,,,,55,,43,,,,,,,,,,84,70,,,77,,,,,,,,,,186,,111,,,,,,,,138,,,,,,194,,,,299,,,,,,,,,270,27,39,28,29,42,,,,,41,20,17,27,20,,,,,,,,,,,,,
 U2083,,52,,176,,72,78,152,,,,,,,,,,,,,,,,,,,,,,,,,,,,,,,,,,,,,,,,,,,,,,,,,,,,,,,,,,76,,,64,26,66,20,31,88,59,,,,,,,,,,,,,
 U2124,156,72,,,,,,,,,,,,,,,,,,,,,,,,,,,,,,,,,,,,,,,,,,,,,,,,,,,,,,,,,,,,63,81,79,135,64,,,150,,60,15,28,145,82,,,,,,,,,,,,,
 U2127,125,31,76,78,69,159,85,68,290,92,103,,,86,225,,268,,161,208,186,1434,238,166,310,213,,,,,,300,,413,,283,,,,281,,352,,,,,654,,,,,,508,,1304,,,,,,,35,43,45,55,67,115,151,64,99,56,21,19,41,53,,,,,,,,,,,,,
 U2143,,95,,,,,,,,,,,,,,,,,,,,,,,,,,,,,,,,,,,,,,,,,,,,,,,,,,,,,,,,,,,,91,107,121,53,169,,,,,324,14,155,52,75,,,,,,,,,,,,,
 U2152,103,118,84,104,342,308,127,599,93,248,124,104,,326,85,321,136,943,508,84,570,147,197,402,532,155,183,326,788,427,467,436,,327,,316,824,,,457,,450,1080,404,610,409,453,781,,,,,,,,488,,,,,1958,64,1274,601,334,195,536,93,171,106,538,33,68,88,40,224,276,848,239,,,,,790,,,221,
 U2160,190,37,181,178,81,64,54,73,78,55,132,252,194,44,118,166,170,436,335,50,162,186,140,204,168,269,155,192,675,113,280,214,382,112,241,218,249,244,715,100,498,273,185,256,297,493,461,664,288,714,566,386,357,651,381,177,307,1354,247,751,492,24,61,37,43,38,291,46,80,50,26,16,26,74,30,96,102,319,115,196,182,102,1306,265,340,122,123,1605
 U2178,33,25,28,28,22,29,31,30,42,24,28,44,293,34,41,85,33,49,33,63,39,43,58,40,64,50,56,61,57,55,56,67,119,71,102,64,60,75,101,55,72,92,74,80,81,89,100,92,94,261,89,99,109,108,167,93,91,289,117,115,104,16,18,16,19,18,21,20,17,24,18,13,10,11,13,39,49,,,,,,,,,,,
 U2198,143,79,116,183,118,73,78,98,177,109,68,90,574,152,134,145,125,496,253,73,672,301,785,460,442,725,198,822,401,468,504,125,2714,348,374,201,641,618,402,206,2674,717,491,641,276,297,296,619,1117,579,504,867,1289,424,269,591,235,2121,1055,4683,389,60,83,86,82,119,68,124,72,47,144,29,50,51,67,60,147,147,157,425,,801,,,,,,
 U2199,321,79,,,,,79,,,,,,,,,,,,,,128,,,449,,,,,,,674,,,,,320,,,,,,768,,,,,,,,,,,,,,,,,,,,127,121,104,,63,,,,,58,21,53,195,26,,446,,,,,,,,,,,
 U2210,,168,,,1181,,,238,,,,,,,124,,,,,,,,,,,,,,,,,,,,,,,,,,,,,,,,,,,,,,,,,,,,,,,109,304,221,454,1272,,511,396,43,78,36,54,244,54,,,,,,,,,,,,,
 U2234,72,22,41,58,40,47,57,45,96,50,97,78,224,97,42,336,76,370,86,39,90,127,218,94,118,112,149,152,194,240,138,166,615,144,244,123,609,294,117,94,155,194,240,180,234,239,257,444,222,310,366,236,263,191,950,190,283,,263,307,745,39,34,31,29,22,43,27,62,37,30,14,13,25,13,99,122,133,138,226,172,446,649,136,,330,142,157
 U2235,30,14,33,30,28,27,25,32,65,24,37,52,199,28,36,72,35,66,45,68,37,45,57,40,64,51,86,65,70,74,84,63,169,75,92,104,107,75,99,56,81,83,106,114,84,119,91,104,152,146,168,132,130,101,183,104,100,251,159,128,124,17,18,18,20,22,20,18,25,25,30,12,9,22,9,43,51,65,52,71,63,100,174,71,157,82,104,155
 U2287,91,65,90,197,108,75,113,100,132,107,101,515,201,175,198,320,146,327,253,179,176,170,224,167,527,179,170,612,175,298,344,379,796,303,443,260,460,738,1559,232,650,431,361,576,314,309,1122,494,283,699,346,486,361,374,504,462,340,1106,545,676,1072,80,71,60,156,118,315,125,115,102,78,59,60,44,45,134,171,233,204,346,833,899,,,,,,
 U2451,68,71,82,168,122,93,105,149,123,72,130,318,744,205,95,276,130,819,164,75,189,148,158,235,190,153,288,529,138,296,290,286,650,227,751,218,349,431,500,171,969,192,252,292,222,309,230,378,254,354,273,278,336,296,1075,285,405,1392,496,401,273,40,67,55,340,160,123,101,104,125,47,35,42,48,31,129,155,439,526,786,409,419,724,343,1165,1365,287,3074
 U2539,34,33,40,28,24,27,35,36,42,27,31,50,313,32,67,93,40,55,39,28,42,58,53,41,49,69,60,96,60,71,86,81,540,83,155,59,70,86,117,70,96,105,168,138,361,103,114,113,103,278,140,110,128,185,152,122,103,241,133,115,124,18,30,20,22,22,33,29,19,24,50,13,10,15,16,62,67,76,72,79,86,138,410,161,149,80,73,871
 U2687,,247,,,,,,,,,,,,,,,,,,,,,,,,,,,,,,,,,,,,,,,,,,,,,,,,,,,,,,,,,,,,56,108,220,422,43,,,,,28,14,46,72,91,,,,465,,,,,,,,,
 U2694,52,22,45,42,35,42,36,36,56,37,37,110,438,32,41,69,45,468,54,55,35,65,85,57,71,68,78,68,99,82,116,64,152,99,79,75,60,109,163,76,88,120,131,113,114,115,133,200,145,352,110,155,167,196,161,148,120,265,149,137,132,24,51,31,31,72,34,35,27,38,31,15,20,21,18,58,70,97,77,128,267,137,454,66,167,151,113,402
 U2753,87,280,169,148,179,57,92,198,103,118,160,148,,315,146,153,214,406,114,151,95,195,337,288,89,99,98,165,160,274,255,233,,86,635,198,193,578,,312,,175,298,326,266,412,601,374,317,,285,,304,421,,833,877,,283,,468,58,66,116,71,68,433,49,173,85,106,26,40,293,56,172,149,199,171,455,1357,148,,571,,147,113,
 U2777,,55,,,,,,,,,,,,,,,,,,,,,,,,,,,,,,,,,,,,,,,,,,,,,,,,,,,,,,,,,,,,129,127,214,116,93,,,,,146,122,256,258,351,,,,,,,,,,,,,
 U2925,,98,,,,,,,,,,,,,,,,,,,,,,,,,,,,,,,,,,,,,,,,,,,,,,,,,,,,,,,,,,,,398,58,164,76,166,,,,,473,41,79,351,46,,,,,,,,,,,,,
 U3070,83,65,,,,,,52,,,,,,,,,,,,,,,,,,,,,,,,,,,,,,,,,,,,,,,,,,,,,,,,,,,,,,49,148,137,43,,,,202,37,71,15,106,217,19,,,,,,,,,,,,,
 U3071,255,112,264,73,251,371,95,88,920,595,371,698,666,278,633,2660,151,315,284,98,441,302,646,194,543,1814,224,385,1381,481,1851,777,,317,392,227,802,383,,659,,519,345,570,624,607,507,1149,707,,977,,1414,283,,938,465,,,,448,588,72,528,100,294,81,36,758,92,231,22,42,104,39,150,598,537,541,418,505,,,675,,939,518,
 U3111,124,104,179,137,91,112,117,110,809,165,202,218,427,120,212,147,136,122,425,108,266,221,460,330,223,407,250,213,223,1164,168,372,837,1173,785,216,555,373,1965,227,541,188,254,789,219,296,303,319,323,936,429,624,272,280,1283,275,332,1212,1086,902,299,50,68,176,90,56,78,251,114,75,49,58,36,60,33,118,172,292,170,248,815,534,429,206,5346,338,1967,396
 U3113,47,25,36,30,23,51,57,62,49,41,35,129,194,133,66,107,45,292,50,42,62,82,92,80,67,83,187,95,96,90,122,260,154,103,161,88,82,483,217,249,91,150,230,205,127,161,127,131,254,249,127,174,177,135,133,132,459,387,162,254,157,22,38,53,35,39,29,33,24,36,60,25,15,20,19,65,84,184,83,97,231,502,462,112,213,360,105,1863
 U3159,184,222,,,64,,185,333,142,,297,,,602,187,,,,,,186,,,,,,,,,,,,,,,,,,,,,,,,,,,,,,,,,,,,,,,,,59,114,181,82,50,,170,254,52,46,24,29,77,27,96,,,,,,,,,,,,
 U3180,,,,,,,,,,,,,,,,,,,,,,,,,,,,,,,,,,,,,,,,,,,,,,,,,,,,,,,,,,,,,,63,270,46,100,85,,,39,,87,16,32,161,49,,,,,,,,,,,,,
 U3181,,52,,,,,,,,,,,,,,,,,,,,,,,,,,,,,,,,,,,,,,,,,,,,,,,,,,,,,,,,,,,,85,84,325,133,61,,,131,94,121,33,41,89,38,,,,,,,,,,,,,
 U3182,37,29,67,40,39,37,52,46,41,52,41,57,400,37,55,115,43,82,48,51,45,60,83,143,72,69,82,146,86,62,84,68,245,76,104,72,70,98,143,70,70,276,110,112,89,96,103,209,115,255,107,152,100,216,128,102,111,192,113,257,106,17,27,27,68,27,33,30,30,92,39,15,14,19,16,57,68,73,57,84,85,261,130,68,163,140,110,312
 U3207,,226,,,,,,,,,,,,,,,,,,,,,,,,,,,,,,,,,,,,,,,,,,,,,,,,,,,,,,,,,,,,170,,97,129,,,,339,107,46,24,53,,86,,,,,,,,,,,,,
 U3235,52,26,51,53,143,318,67,117,53,173,61,149,,137,69,,521,,,109,219,217,137,153,,,99,,,,,450,,146,,172,,248,,,,,,,,,,,,,,,,,,,,,,,,103,204,97,279,133,264,42,67,94,336,10,16,102,13,138,306,,344,,,,,142,,,130,
 U3242,253,77,,,,,,,,,,,,,,,308,,,,184,,604,188,,,394,,,,,,,,,210,,,,376,,828,,,452,,,,,,,,,,,,,,,,740,53,,,,,,,,,85,39,,,65,,,,,,,,,,,,,
 U3305,,64,,,,,,,,,,,,,,,,,,,,,,,,,,,,,,,,,,,,,,,,,,,,,,,,,,,,,,,,,,,,124,60,76,93,76,,,105,,274,21,19,39,31,,,,,,,,,,,,,
 U3341,185,52,61,96,107,50,165,155,159,166,313,126,,159,56,,113,,,146,291,155,,134,,125,140,,120,,,,,124,,305,,,,2513,,359,,,,,,,,,,,,,,,,,,,,64,212,58,102,169,210,86,46,36,141,30,21,41,23,103,230,,188,,,,,278,,,,
 U3353,135,74,90,97,78,78,89,82,101,85,99,176,,109,169,566,305,,152,128,234,152,207,183,310,176,219,184,172,205,192,248,1027,395,,205,234,797,934,198,490,295,262,311,260,346,344,375,315,655,260,638,491,356,825,295,364,1841,676,706,485,81,103,79,68,71,64,78,53,60,96,46,43,54,48,168,168,200,169,324,476,675,,211,,,445,
 U3358,,74,,,166,,,58,,,,,,,,,,,,,,,,,,,,,,,,,,,,,,,,,,,,,,,,,,,,,,,,,,,,,,72,128,143,83,62,,93,,43,279,26,23,31,35,,,,,,,,,,,,,
 U3360,,138,,,117,,303,,,,121,,,,87,,,,,101,121,,,,,,190,,,,,,,,,,,,,,,,,,208,,,,,,,,,,,,,,,,,,,,,,137,47,182,,,25,,,246,,,,,,,,,,,,95,
 U3363,66,23,59,80,76,78,50,58,70,75,82,61,,84,74,92,71,,196,67,,129,149,91,177,152,161,132,92,,139,,,172,,131,298,,,,,161,,,243,,,,,,,,,,,,,,,,,28,75,45,122,81,46,57,84,40,27,17,13,93,33,125,131,169,530,,,,,200,,,294,
 U3367,191,65,,,146,,339,156,,,,,,,,,,,,,,,,,,,,,,,,,,,,,,,,,,,,,,,,,,,,,,,,,,,,,,68,65,124,124,88,,160,66,67,135,25,24,136,37,,,,,,,,,,,,,
 U3373,68,136,47,43,285,104,41,51,,41,,,46,,64,55,,44,,35,39,,,,,,,,,,,,,,,,,,,,,,,,,,,,,,,,,,,,,,,,,43,109,55,112,68,35,80,34,35,108,72,34,88,40,81,70,,,,,,,,,,,
 U3383,232,192,,,,,358,,,,,,,,,,,,,,740,,,,,,,,,,,,,,,,,,,,,,,,,,,,,,,,,,,,,,,,,955,364,412,,1940,,,,,260,41,32,326,40,155,,,,,,,,,,,,
 U3408,227,56,,,,,,226,,,,,,,,,,,,,,,,,,,,,,,,,,,,286,,,,547,,587,,,,,,,,,,,,,,,,,,,,75,175,237,,,,,,,,,82,66,72,187,256,,,,,,,,,,,
 U3433,,185,,,,,,,,,,,,,,,,,,,,,,,,,,,,,,,,,,,,,,,,,,,,,,,,,,,,,,,,,,,,33,142,33,36,146,,,,,43,23,59,113,17,,,,,,,,,,,,,
 U3608,177,67,55,92,33,98,112,50,,,105,,,,88,,357,,,318,,,,250,,,,,,,,,,,,,,,,,,,,,,,,,,,,,,,,,,,,,,48,177,75,175,203,,85,116,81,187,23,65,147,50,144,,,,,,,,,,,,
 U3656,77,54,80,185,73,67,60,162,120,124,98,99,599,99,69,507,169,904,148,122,125,181,143,161,458,225,321,1397,892,559,705,1325,566,129,2020,349,346,1522,1230,186,678,267,265,383,327,645,364,2112,425,1173,266,1117,1106,1133,691,372,535,,642,852,361,45,226,195,105,128,292,104,72,73,123,45,46,94,44,136,131,319,143,399,1353,433,1449,129,1394,489,550,3445
 U3778,82,,177,,420,121,,72,,,,,,,309,,,,,,,,,,,,,,,,,,,,,,,,,,,,,,,,,,,,,,,,,,,,,,,137,380,69,278,42,,40,70,102,117,46,88,182,111,,,,,,,,,,,,,
 U3807,76,44,148,221,229,196,152,203,159,79,168,,,,92,,,,,82,175,,,,,,,,,,,,,,,,,,,,,,,,,,,,,,,,,,,,,,,,,52,114,73,102,33,236,173,100,27,118,15,13,94,24,143,,,,,,,,,,,,
 U3884,118,115,69,,60,408,132,117,,,,,,,,,,,,117,,,,,,,,,,,,,,,,,,,,,,,,,,,,,,,,,,,,,,,,,,57,42,111,84,62,,84,167,355,50,29,35,179,39,,,,,,,,,,,,,
 U3890,500,29,73,110,172,853,65,100,153,60,360,193,122,493,72,571,330,1299,1001,116,99,621,226,150,388,1229,437,395,751,391,174,178,,218,329,568,899,140,,138,813,219,338,221,1149,676,215,241,195,2969,1942,1428,893,816,,968,394,,193,471,1084,174,1108,136,104,47,59,244,69,109,284,81,170,106,112,156,637,650,363,907,416,840,,660,,1179,104,
 U3911,165,271,347,197,120,106,169,70,183,117,176,262,,212,109,,124,,,85,157,162,,151,,,,,,,,,,122,,189,,,,318,,,,,,,,,,,,,,,,,,,,,,42,52,46,110,207,937,36,166,250,210,35,30,104,43,123,294,,,,,,,,,,,
 U3933,147,27,,70,,,77,59,73,69,65,,,102,101,235,164,191,113,,146,106,159,,148,192,167,189,449,283,200,312,,349,944,233,426,654,,129,612,260,260,247,221,206,200,222,216,517,297,,319,257,,223,375,,339,,380,31,39,39,55,39,55,43,45,34,27,23,18,26,24,142,191,142,121,2869,294,883,,154,,432,524,
 U3957,89,99,138,53,216,82,65,79,1169,46,1175,,,71,89,,508,,,57,81,,,358,,,,,,,,,,,,,,,,,,,,,,,,,,,,,,,,,,,,,,39,404,79,38,180,419,72,61,84,117,39,19,100,30,183,,,,,,,,,,,,
 U3962,,14,,,,,,156,,,,,,,,,,,,,,,,,,,,,,,,,,,,,,,,,,,,,,,,,,,,,,,,,,,,,,85,52,93,,117,,63,,,,28,27,,28,,,,,,,,,,,,,
 U3964,,,,,,,,,,,,,,,,,,,,,,,,,,,,,,,,,,,,,,,,,,,,,,,,,,,,,,,,,,,,,,613,527,362,329,212,,,,,190,95,39,1119,56,,,,,,,,,,,,,
 U4017,,61,,,,,,,,,,,,,,,,,,,,,,,,,,,,,,,,,,,,,,,,,,,,,,,,,,,,,,,,,,,,27,48,157,89,113,,,,,117,28,57,55,27,,,,,,,,,,,,,
 U4021,133,137,218,121,,117,85,126,,,,,,,99,,,,,95,,,,,,,,,,,,,,,,,,,,,,,,,,,,,,,,,,,,,,,,,,253,117,102,144,131,,,,290,154,35,22,357,34,,,,,,,,,,,,,
 U4046,57,31,248,61,51,51,77,50,,,,,,,128,,,,,89,73,145,,,,,,,,,,,,78,,,,,,,,,,,,,,,,,,,,,,,,,,,,34,34,47,38,45,,,163,27,51,20,19,48,20,82,131,,,,,,,,,,,
 U4132,,64,,,,,,,,,,,,,,,,,,,,,,,,,,,,,,,,,,,232,,,,,,,,,,,,,,,,,,,,,,,,,33,47,241,,,,,,,87,22,36,124,27,,,,,,,,,,,,,
 U4193,80,65,95,111,115,93,70,84,144,149,178,139,1089,278,118,517,95,125,837,189,135,120,182,183,237,140,338,206,158,389,228,194,1433,176,735,146,166,477,613,237,509,179,217,243,278,223,424,317,395,455,225,503,681,286,475,354,697,3461,403,813,281,50,59,120,53,56,80,69,171,57,53,23,55,40,33,129,150,265,150,421,167,629,171,154,2332,487,164,2262
 U4200,144,135,151,126,476,298,272,671,949,123,1061,307,,339,88,599,235,,742,570,328,231,480,1267,795,1231,1337,,,,207,,,154,,479,,,,902,,,,,,,,,,,,,,,,,,,,,,341,141,652,72,734,152,370,1010,591,457,54,572,918,53,251,408,,442,,,,,392,,,1017,
 U4303,176,,196,,362,283,215,285,859,161,155,84,,271,173,,,,,194,,,,,,,,,,,,,,,,,,,,,,,,,,,,,,,,,,,,,,,,,,104,213,91,185,355,351,1068,194,215,256,89,30,199,86,159,295,,,,,,,279,,,,
 U4354,,,,253,61,,,88,,,,,,,157,,,,,,,,,,,,,,,,,,,,,,,,,,,,,,,,,,,,,,,,,,,,,,,63,73,301,220,138,,184,47,,,23,41,42,26,,,,,,,,,,,,,
 U4368,43,63,97,116,93,93,144,117,62,160,120,261,,505,41,,453,,267,82,77,438,,175,216,621,338,,,,,,,327,,91,,,,290,,,,,,,,,,,,,,,,,,,,,,79,58,381,44,37,79,27,264,51,91,18,19,216,98,72,692,,152,,,,,153,,,,
 U4447,150,,63,74,491,185,294,210,1311,96,326,119,192,287,45,219,284,881,716,448,539,411,386,164,226,658,80,972,611,388,440,708,275,325,1591,186,945,367,670,534,2738,309,904,193,179,596,169,756,1342,932,1134,731,365,1856,300,1140,1039,3146,704,467,890,124,34,143,85,53,1677,105,109,488,215,39,21,90,49,89,470,1316,210,308,3567,187,2383,241,3470,536,120,351
 U4450,134,79,65,115,348,50,67,124,91,137,199,212,503,250,115,144,94,147,246,88,148,178,736,240,175,207,810,628,193,459,176,186,270,161,381,673,961,350,955,214,3765,223,863,637,281,406,446,869,414,434,350,864,330,877,1158,370,1051,4803,487,917,380,62,40,41,43,47,77,69,65,164,121,75,16,29,36,129,279,394,232,298,1715,1094,1495,191,,487,236,737
 U4456,92,185,476,114,,,754,106,,,,,,,263,,,,,555,,,,,,,,,,,,,,,,,,,,,,,,,,,,,,,,,,,,,,,,,,114,277,222,165,118,,83,100,147,202,91,31,305,37,,,,,,,,,,,,,
 U4553,448,102,577,343,126,440,150,255,154,129,290,136,933,103,131,342,305,581,212,111,296,166,1602,230,480,1040,190,3520,694,1286,1004,368,669,270,387,158,1024,205,1102,259,901,363,350,423,441,383,531,769,2151,2443,565,451,748,1128,1411,330,1674,,775,366,2180,55,156,254,180,217,510,377,142,121,91,38,23,309,32,195,339,618,246,449,1723,994,,362,456,1294,233,892
 U4587,,21,,,,,,111,,,,,,,,,,,,,,,,,,,,,,,,,,,,,,,,,,,,,,,,,,,,,,,,,,,,,,94,170,46,81,,,,,,39,17,28,131,41,,,,,,,,,,,,,
 U4694,346,109,293,168,135,222,111,94,208,173,330,384,321,179,70,204,376,913,656,217,92,187,172,404,639,319,464,1518,1002,969,192,806,332,402,211,176,550,180,518,202,244,572,909,264,1080,536,297,279,1560,1500,1543,340,847,583,952,798,816,,373,1608,1115,48,49,66,141,57,291,137,172,69,89,27,34,252,35,164,276,735,569,1169,414,,,420,1090,697,1196,654
 U4697,,175,,,68,128,176,154,,,,,,,,,,,,,,,,,,,,,,,,,,,,,,,,,,,,,,,,,,,,,,,,,,,,,,88,48,73,37,229,,46,463,53,82,20,33,84,30,,,,,,,,,,,,,
 U4739,50,,,,,,,168,,,,,,,,,,,,,,,,,,,,,,,,,,,,,,,,,,,,,,,,,,,,,,,,,,,,,,55,129,162,70,126,,,,179,88,41,86,101,26,,,,,,,,,,,,,
 U5015,,,,,,,,92,,,,,,,56,,,,,,,,,,,,,,,,,,,,,,,,,,,,,,,,,,,,,,,,,,,,,,,30,27,30,65,147,,89,33,39,41,14,13,86,29,,,,,,,,,,,,,
 U5057,526,,,82,158,1778,203,593,,,,,,,165,,,,,125,,,,,,,,,,,,,,,,,,,,,,,,,,,,,,,,,,,,,,,,,,85,47,583,242,105,,1020,1470,90,597,29,103,118,57,,,,,,,,,,,,,
 U5180,640,,159,618,226,433,89,104,216,69,214,116,,215,78,,253,,,150,259,418,,313,,,,,,,,,,,,,,,,,,,,,,,,,,,,,,,,,,,,,,86,156,99,64,70,405,366,164,431,97,95,176,137,47,147,277,,313,,,,,287,,,,
 U5261,285,,84,86,59,271,415,147,,362,240,,,,72,,,,,662,443,,,123,,,,,,,,,,,,,,,,,,,,,,,,,,,,,,,,,,,,,,160,876,119,286,245,333,598,217,166,113,59,36,74,44,190,228,,,,,,,161,,,,
 U5287,101,,68,94,466,79,102,88,,306,221,,,,121,,,,,361,70,,,,,,,,,,,,,,,,,,,,,,,,,,,,,,,,,,,,,,,,,59,82,66,235,73,158,342,91,96,65,37,44,170,33,98,,,,,,,,,,,,
 U5306,101,,82,57,97,51,157,83,97,83,107,93,125,82,125,180,163,364,100,84,84,120,116,133,114,159,139,200,110,245,574,196,679,164,396,186,212,199,667,194,373,187,235,573,273,264,230,265,368,383,262,511,295,271,528,230,349,1247,636,720,280,36,69,55,61,122,40,52,50,55,57,20,24,34,40,106,146,129,164,309,275,413,445,131,2599,367,168,576
 U5309,398,,,,,,242,,,,,,,,,,,,,,,,,,,,,,,,,,,,,,,,,,,,,,,,,,,,,,,,,,,,,,,72,,228,,,,,,45,83,69,65,446,64,,,,,,,,,,,,,
 U5402,220,,174,155,176,157,189,171,228,162,208,137,,1554,323,,341,,,189,254,,,290,,,,,,,,,,,,,,,,,,,,,,,,,,,,,,,,,,,,,684,98,139,167,122,149,1852,761,137,343,110,76,46,92,57,197,252,,,,,,,347,,,,
 U5404,,,,,67,,105,68,,,,,,,,,,,,,,,,,,,,,,,,,,,,,,,,,,,,,,,,,,,,,,,,,,,,,,47,,48,,194,,63,105,,46,17,16,35,17,,,,,,,,,,,,,
 U5406,400,,221,483,191,,296,202,,430,226,,,,235,,,,,168,104,,,,,,,,,,,,,,,,,,,,,,,,,,,,,,,,,,,,,,,,,193,43,778,148,126,,70,59,136,184,71,53,79,66,179,263,,,,,,,,,,,
 U5410,146,59,156,149,29,259,61,300,,,252,,,,428,,,,,394,73,,,,,,,,,,,,,,,,,,,,,,,,,,,,,,,,,,,,,,,,,48,482,277,318,227,,348,172,274,416,37,87,103,33,164,,,,,,,,,,,,
 U5412,,,,,,,,138,,,,,,,,,,,,,,,,,,,,,,,,,,,,,,,,,,,,,,,,,,,,,,,,,,,,,,79,196,146,200,309,,119,,271,213,28,367,277,61,378,,,,,,,,,,,,
 U5426,109,,61,69,213,260,121,178,364,49,102,132,482,194,84,149,86,139,243,125,118,163,136,109,139,476,222,456,226,285,201,261,481,415,221,178,171,301,161,778,898,185,240,149,280,1257,304,282,408,947,576,537,323,205,1134,225,149,609,296,362,417,41,55,51,76,42,143,131,83,58,144,35,45,69,39,78,317,891,204,205,284,929,1675,274,2223,236,392,106
 U5449,64,,52,49,44,41,58,55,84,50,61,71,,74,76,117,92,161,104,68,110,87,114,77,170,138,180,119,121,90,150,183,,193,,123,237,619,,118,,160,142,303,207,253,207,,,,,,,,,310,,,,,,29,36,30,70,24,53,37,27,27,46,15,16,36,22,87,120,181,97,210,187,,,126,,,263,
 U5521,98,,123,510,140,85,125,137,227,174,148,529,1505,106,143,232,161,325,1053,102,267,199,285,200,445,185,333,447,177,1163,346,426,2083,1036,490,218,358,651,1568,269,1024,263,380,1490,315,358,283,370,289,310,340,933,360,306,1418,345,470,1411,500,333,359,44,62,113,153,339,181,162,145,96,53,24,124,257,45,204,161,237,187,410,327,616,819,231,7931,433,697,1372
 U5723,109,,86,104,65,58,143,85,159,166,66,222,258,313,131,218,113,243,255,446,278,130,332,271,576,224,303,278,253,380,213,642,1220,267,657,207,222,709,413,188,670,238,284,239,277,314,232,445,430,852,346,606,474,440,602,278,418,1965,689,1075,270,129,115,89,83,41,353,66,157,67,69,15,17,119,30,230,145,260,326,471,296,471,219,183,2497,340,284,
 U5737,,,,,,,,,,,,,,,,,,,,,,,,,450,,,,,,,,,,,,,,,,,,,,,,,,,,,,,,,,,,,,,53,48,53,113,79,,88,105,105,204,31,35,67,85,183,269,,,,,,,,,,,
 U5871,96,,225,121,275,269,410,127,,462,,,,,158,,,,,223,,,,,,,,,,,,,,,,,,,,,,,,,,,,,,,,,,,,,,,,,,70,50,575,120,188,,287,225,126,57,168,57,78,40,166,,,,,,,,,,,,
 U5896,180,,,,,,694,117,,,,,,,,,,,,,515,,,,,,,,,,,,,,,,,,,,,,,,,,,,,,,,,,,,,,,,,117,261,60,66,,,,,,231,18,,206,37,,456,,,,,,,,,,,
 U5946,266,,,,,,,178,,,,,,,168,,,,,,,,,,,,,,,,,,,,,,,,,,,,,,,,,,,,,,,,,,,,,,,49,242,90,124,56,,194,,66,203,33,42,155,59,165,,,,,,,,,,,,
 U6013,68,,47,55,47,52,73,57,120,107,191,75,238,171,66,223,54,876,179,42,117,90,277,103,180,229,110,317,97,178,339,119,636,86,396,120,133,125,,91,377,487,211,188,178,391,224,420,188,209,193,388,187,208,658,146,249,,245,1628,238,45,50,28,59,31,47,39,29,36,31,18,11,22,27,111,111,113,109,210,1038,174,,242,,208,97,337
 U6061,67,,214,205,113,140,88,268,248,275,216,307,,324,96,224,91,601,704,74,230,187,516,818,190,469,312,991,391,422,889,360,,146,,203,452,,,722,,603,626,487,262,774,442,713,,,,,2489,,,180,,,,,950,41,39,202,475,76,439,264,168,324,54,24,21,350,58,118,336,547,310,347,,,,212,,,527,
 U6260,99,,854,135,1127,70,140,104,544,116,160,193,,145,562,,397,,,107,249,185,,322,185,,,,,,485,,,290,,235,,,,,,,,,,,,,,,,,,,,,,,,,,66,214,95,120,61,82,313,353,65,54,24,238,112,58,222,152,219,,,,,,455,,,,
 U6283,,,189,232,,,69,76,,152,296,,,164,47,,,,,108,143,,,,,,,,,,,,,,,171,,,,,,,,,,,,,,,,,,,,,,,,,,31,,44,,58,,,35,,119,,13,26,18,92,,,,,,,,,,,,
 U6302,180,,,,,,234,,,,,,,,90,,,,,,432,,,,,,,,,,,,,,,,,,,,,,,,,,,,,,,,,,,,,,,,,64,156,346,75,80,,38,130,278,129,55,99,190,85,,,,,,,,,,,,,
 U6326,115,,190,593,80,137,132,,,,,,,,58,,,,,,,,,,,,,,,,,,,,,,,,,,,,,,,,,,,,,,,,,,,,,,,43,157,108,35,48,,69,42,130,57,65,42,,67,,,,,,,,,,,,,
 U6389,,,,,,,,,,,,,,,,,,,,,,,,,,,,,,,,,,,,,,,,,,,,,,,,,,,,,,,,,,,,,,253,269,540,80,207,,94,74,356,66,86,16,95,93,,,,,,,,,,,,,
 U6450,49,,68,115,220,68,161,44,79,93,49,90,,312,164,,61,,131,37,151,293,,176,,,,,,,,,,103,,193,,,,,,,,,,,,,,,,,,,,,,,,,,44,118,45,202,76,88,270,116,150,59,25,20,37,282,93,268,,265,,,,,,,,,
 U6828,83,35,54,87,40,85,42,85,91,50,69,82,667,377,135,181,83,161,141,64,85,124,167,121,157,322,111,422,242,297,134,298,619,321,473,136,190,289,7833,290,745,736,367,605,501,718,354,319,1320,818,729,700,1922,259,3276,635,309,659,1771,733,1485,39,43,35,65,49,66,61,50,82,30,34,26,42,20,102,115,328,341,882,1716,4868,1280,194,3393,376,1213,474
 U6898,168,27,327,81,88,91,186,226,173,109,219,487,,170,123,865,393,128,327,509,278,444,370,270,152,222,327,466,614,224,335,793,,312,315,287,393,249,,345,498,332,336,308,400,337,763,369,267,2120,333,926,664,320,1254,285,445,,1119,799,1382,58,187,43,120,127,68,214,58,540,98,23,29,44,26,120,122,247,228,2014,241,1721,,354,,471,747,
 U7023,82,29,78,97,61,66,,75,,,,,,,100,,,,,,,,,,,,,,,,,,,,,,,,,,,,,,,,,,,,,,,,,,,,,,,46,50,45,94,115,,64,61,41,41,24,38,33,29,,,,,,,,,,,,,
 U7307,136,108,89,93,122,85,253,100,248,78,331,151,,132,1126,,603,,,203,564,676,,506,,,,,,,,,,,,300,,,,,,,,,,,,,,,,,,,,,,,,,,94,82,122,113,58,257,88,105,70,68,38,39,352,34,114,476,,,,,,,486,,,,
 U7487,265,36,75,61,101,80,84,128,74,643,136,727,,101,65,,334,,,143,152,194,,373,,,,,,,,,,210,,213,,,,,,,,,,,,,,,,,,,,,,,,,,74,178,233,48,40,64,55,47,86,101,32,21,88,21,114,230,,271,,,,,,,,,
 U7541,79,56,116,101,52,191,97,102,,436,,,,,104,,,,,188,,,,,,,,,,,,,,,,,,,,,,,,,,,,,,,,,,,,,,,,,,96,58,346,150,210,,318,111,398,204,25,21,190,35,121,,,,,,,,,,,,
 U7794,,164,,,,,,,,,,,,,,,,,,,,,,,,,,,,,,,,,,,,,,,,,,,,,,,,,,,,,,,,,,,,122,259,320,57,77,,315,,657,381,29,57,75,70,,,,,,,,,,,,,
 U7832,94,49,175,504,183,56,160,50,443,85,130,288,199,326,239,283,88,1541,237,109,427,217,292,542,76,244,337,841,1030,377,2251,107,413,159,176,92,352,283,600,79,173,778,472,191,366,972,566,934,2540,1219,550,767,242,1330,3194,455,391,1663,626,752,236,125,238,229,98,176,189,126,200,333,36,19,50,26,34,71,163,815,163,245,1325,228,459,238,2567,1805,611,318
 U7971,70,69,146,73,90,76,113,112,514,187,172,312,,175,114,,110,,278,179,412,199,228,252,409,,364,384,,,262,394,,290,,225,,,,294,,276,1236,,423,,,,,,,,,,,,1690,,,,,47,38,148,48,129,62,92,278,118,139,23,31,71,26,162,265,369,463,,,,,185,,,,
 U7974,,98,,,,,,,,,,,,,,,,,,,,,,,,,,,,,,,,,,,,,,,,,,,,,,,,,,,,,,,,,,,,55,,113,55,99,,,,53,66,22,70,73,41,,,,,,,,,,,,,
 U8086,52,301,57,154,59,65,183,60,162,159,76,79,,214,82,170,290,,118,57,115,113,172,80,184,199,,232,153,,147,161,,118,,129,163,,,107,,181,172,,226,172,206,,,,,,,,,217,,,,,,153,180,33,97,44,106,61,43,60,37,21,79,60,47,658,112,420,118,164,,,,110,,,156,
 U8088,105,162,97,,270,837,137,306,,638,131,167,,,92,317,292,,70,265,281,,338,142,288,,380,848,484,,205,244,,184,,190,,,,176,,658,1094,,506,,689,,,,,,,,,,,,,,,85,126,603,219,87,,240,77,95,221,34,30,371,36,145,213,,305,,,,,961,,,1425,
 U8093,207,284,504,1190,60,393,204,78,192,386,621,548,,318,118,159,270,122,1281,1188,152,257,923,1070,507,433,178,,374,109,284,213,,481,,265,569,,,936,,580,,,369,,,,,,,,,,,,,,,,,248,331,298,163,52,52,409,458,969,96,61,77,223,75,204,472,238,576,,,,,100,,,529,
 U8094,68,332,280,173,145,126,228,264,333,136,329,,,,81,,,,,104,67,,,,,,,,,,625,,,,,,,,,,,,,,,,,,,,,,,,,,,,,,,137,80,64,45,370,49,186,64,61,113,62,170,138,68,240,,,,,,,,,,,,
 U8096,284,1379,276,331,486,184,75,82,181,383,351,340,,216,49,594,394,976,1111,333,376,437,193,129,278,295,132,,940,545,106,223,,602,,254,469,,,405,,187,362,,543,,340,,,,,,,,,,,,,,,320,235,40,290,218,132,328,889,284,350,185,46,236,85,84,279,816,751,137,,,,495,,,254,
 U8098,140,209,195,100,92,298,333,75,72,247,125,67,571,173,56,210,179,524,220,72,120,259,358,124,363,467,279,347,255,382,182,203,,118,,211,148,291,,311,443,186,329,567,546,273,265,1090,357,271,213,307,267,850,299,266,319,,657,463,459,49,188,43,64,88,490,251,143,109,45,28,30,370,65,148,142,273,164,248,334,,,128,,,597,319
 U8104,287,411,262,374,211,59,249,321,94,514,198,325,,774,125,,,,,301,95,325,,367,,,,,,,,,,,,253,,,,,,,,,,,,,,,,,,,,,,,,,,178,84,76,466,94,171,826,111,47,711,103,79,594,43,180,423,,,,,,,605,,,,
 U8118,446,72,354,96,537,369,71,75,186,82,78,398,,263,190,,226,,156,62,420,266,,,,,,,,,,,,159,,328,,,,228,,,,,,,,,,,,,,,,,,,,,,52,166,49,276,96,124,55,54,341,134,19,21,343,72,182,539,,,,,,,,,,,
 U8119,,532,,,371,,,103,,,,,,,112,,,,,,,,,,,,,,,,,,,,,,,,,,,,,,,,,,,,,,,,,,,,,,,196,54,145,88,,,64,139,404,188,41,32,146,58,,,,,,,,,,,,,
 U8411,49,24,42,61,43,124,48,59,107,44,234,,,59,51,60,70,,100,51,66,97,,148,124,195,159,181,99,128,204,,,149,,105,,,,158,,150,214,172,291,191,240,,,,,,,,,176,,,,,,64,32,29,32,38,98,35,28,25,40,19,21,44,24,89,156,202,167,,,,,,,,92,
 U8552,267,313,659,178,96,53,89,412,297,1811,174,254,,201,115,446,136,,576,321,101,659,249,393,724,300,321,,325,85,261,746,,504,122,188,390,304,,400,,630,220,,,,,,,,,,,375,,265,,,,,,80,230,126,409,50,,87,166,1064,33,26,60,967,35,112,454,,829,164,,,,198,,,110,
 U8579,310,504,95,576,315,66,167,780,98,229,742,53,,1366,66,268,372,,,260,276,425,,255,,,,,,,,,,204,,226,,,,,,,,,,,,,,,,,,,,,,,,,,67,196,45,205,234,,57,204,347,1018,57,66,133,37,147,435,,1781,,,,,,,,,
 U8661,247,175,43,378,130,,74,126,167,378,153,345,,225,196,248,473,263,191,241,109,362,,481,220,364,108,,,177,438,87,,103,,123,,,,240,,,,,,,,,,,,,,,,,,,,,,27,302,541,75,46,348,93,344,115,239,28,22,465,40,148,264,,183,,,,,391,,,121,
 U8671,81,148,,,,,,122,,,,,,,,,,,,,,,,,,,,,,,,,,,,,,,,,,,,,,,,,,,,,,,,,,,,,,59,228,127,37,53,,,44,64,108,17,75,58,98,,,,,,,,,,,,,
 U8772,226,95,102,245,60,84,394,220,,,115,,,,148,,,,,,,,,243,,,,,,,,,,,,,,,,,,,,,,,,,,,,,,,,,,,,,,65,93,187,,,,347,136,,132,40,216,222,143,216,,,,,,,,,,,,
 U8919,180,61,104,895,493,199,123,132,106,145,137,164,902,409,359,521,186,1379,519,107,363,341,394,363,845,231,523,449,360,363,264,587,1214,830,1077,368,1432,1121,310,222,826,394,347,319,273,329,376,354,277,678,462,1459,403,273,647,413,468,,567,1174,402,102,63,73,179,177,107,138,232,77,60,30,35,146,55,183,222,294,424,319,387,529,1313,290,,548,485,
 U9132,89,57,123,83,61,176,150,139,189,80,284,131,1668,141,73,373,300,203,404,135,120,187,209,205,250,695,264,550,215,939,202,468,,258,717,156,299,799,425,389,,319,453,650,327,1527,557,953,488,2200,1325,1121,967,958,,570,261,,621,,364,59,128,62,94,47,324,232,61,248,70,42,38,39,35,112,170,238,138,1683,,561,1147,211,1177,563,211,2152
 U9142,247,26,101,450,905,422,262,47,90,51,573,87,,,118,,,,,1522,153,378,,377,,,,,,,,,,,,466,,,,,,,,,,,,,,,,,,,,,,,,,,38,49,52,102,36,390,73,248,53,182,21,19,44,21,128,350,,,,,,,,,,,
 U9164,137,66,122,58,669,79,74,127,,127,141,,,,63,,,,,155,,,,,,,,,,,,,,,,,,,,,,,,,,,,,,,,,,,,,,,,,,73,234,42,166,162,360,109,81,199,46,18,15,275,135,122,,,,,,,,,,,,
 U9204,,140,,,,,,,,,,,,,,,,,,,,,,,,,,,,,,,,,,,,,,,,,,,,,,,,,,,,,,,,,,,,31,57,,44,38,,,,,67,22,23,139,32,,,,,,,,,,,,,
