Login,31,32,33,34,35,36,37,38,39,41,42,43,44,45,46,47,48,49,50,51,52,53,54,57,58,59,60,61,62,63,64,65,66,67,68,69,70,71,72,74,75,77,78,79,84,85,86,87,88,89,90,91,92,94,95,96,97,98,99,100,101,102,103,104,106,109,110,111,112
 U2,9,40,26,12,27,40,27,99,48,577,436,278,36,59,142,117,591,581,237,524,323,89,583,718,234,18,78,15,27,369,38,13,41,44,32,23,144,73,85,566,47,65,38,208,119,40,58,27,159,48,81,86,196,123,179,95,109,57,74,173,29,345,56,114,181,18,18,12,70
 U7,18,234,159,28,54,95,31,137,155,362,319,110,56,68,247,314,,,254,394,372,104,65,133,138,25,51,18,32,1080,32,25,37,70,27,38,155,40,155,410,245,910,119,263,290,66,50,38,109,92,95,63,234,134,235,70,38,77,104,59,50,145,66,156,110,6,11,47,80
 U13,116,,,,,,117,,,,,,,,,,,,,,,,,,,,,,,,,,124,,,,391,,,,,,,,,,,30,137,218,,,,,,,,,,190,,,,,,10,27,17,60
 U20,45,93,363,30,42,188,59,939,221,,,438,102,172,92,179,,,,,,282,,,,38,64,25,95,,120,28,121,81,57,70,192,260,240,,456,71,,,,121,79,100,533,122,268,213,160,151,,105,355,203,,69,334,1019,132,201,,7,26,72,129
 U22,104,,,106,88,,,,,,,,,,,,,,,,,,,,,86,,185,,,,134,,,75,,,298,,,,,,,,,,124,,,,,,,,,,,,,,,,,,21,19,75,
 U23,34,,,26,,,148,,,,,,,,,,,,,,,,,,,106,,,,,,,,,80,,,,,,,,,,,,,112,,,,,,,,,192,,,81,,,,,,9,10,41,124
 U41,,,,,,,,42,74,221,,102,,,193,231,,,258,,229,,710,,,,,,,,,,,,,,124,,264,,,98,214,463,,,,,136,,97,79,184,131,,,63,,349,62,,,132,152,,15,,,
 U42,,42,,15,,,,,,,,,,,,,,,,,231,,,,,,,,,,,,,,,34,85,71,82,,,,,229,,,,,,,,,,202,,88,,,,,,,,,,8,10,,
 U44,16,19,38,15,16,39,11,64,93,127,139,1053,49,67,73,451,358,223,229,69,73,67,108,138,301,17,52,12,364,21,19,25,20,122,34,17,97,61,121,45,65,183,207,387,274,63,21,36,48,110,95,49,144,267,289,77,49,69,93,22,34,77,122,92,370,6,8,30,111
 U45,11,15,32,12,16,55,9,47,43,44,138,38,32,30,101,97,84,107,57,90,58,43,59,82,134,15,23,13,20,26,38,14,40,47,31,21,28,29,130,60,107,29,52,54,111,29,23,16,34,91,54,48,58,47,108,40,174,29,56,19,19,68,47,101,221,12,8,20,58
 U48,174,124,99,50,87,157,,,,,,,96,163,,,,,,,,,,,,82,48,79,102,,104,58,672,70,66,78,,165,,,,,,,,277,428,50,,,,239,,,,,,116,,138,150,,,,,28,23,382,105
 U49,,,13,,27,29,9,38,54,,,,33,24,63,,,,,,,119,,,,,41,11,,,,27,42,60,,37,119,,,,,,,,,43,,42,56,,53,38,,,,59,,,,,31,,69,,,6,,,12
 U56,273,,,28,52,,,,,,,,,,,,,,,,,,,,,25,32,55,,,,88,,,36,,,,,,,,,,,,,47,,,,,,,,,,,,,,,,,,15,24,112,
 U62,24,34,47,21,25,54,17,60,112,,,,53,106,138,,,,,,,,,,,48,387,15,142,142,41,53,72,102,40,32,,64,,,,,,,,146,27,51,70,226,166,64,,82,,108,64,66,,52,47,,291,,,26,24,74,43
 U64,41,,,61,30,,111,,,,,,,,,,,,,,,,,,,41,,19,,,,22,,,41,66,,,,,,,,,,,50,54,,,,,,,,,,,,,,,,,,19,10,,
 U66,66,,,48,109,,154,,,,,,128,,,,,,,,,,,,,42,,80,62,,,351,64,,56,94,,,,,,,,,,,65,44,,,,,,,,,,,,71,,,,,,9,9,117,
 U69,73,177,,41,68,,137,,,,,,,,,,,,,,,,,,,40,,34,,,,31,,,86,42,,,,,,,,,,,,119,,,,,,,,,,,,,,,,,,17,14,152,
 U72,,104,158,,81,84,,510,117,,,403,267,95,512,,,,,,,187,,,,,279,,42,,140,61,62,489,280,,301,401,98,,138,144,1862,,,144,58,,314,204,265,741,750,393,,177,251,234,389,147,177,,1380,290,,,,75,315
 U76,27,,,27,76,,24,,,,,,,,,,,,,,,,,,,36,,27,,,,52,,,,22,,,,,,,,,,,,63,,,,,,,,,,,,,,,,,,9,15,,
 U78,51,138,405,123,230,126,130,,341,,,,178,125,,,,,,,,,,,,80,45,56,195,,146,67,101,743,134,786,,232,,,,,,,,128,288,115,,89,,210,,,,,,287,,65,168,,,,,31,17,77,518
 U81,23,110,28,15,48,91,22,,,,,,50,,,,,,,,,,,,,,,16,,,31,,,,26,35,,,,,,,,,,,58,31,,,,,,,,,,86,,,156,,,,,5,8,27,
 U86,42,,,23,,,73,,,,,,70,,,,,,,,,,,,,113,,32,,,,38,,,,,,,,,,,,,,166,,,,,,,,,,,,,,,,,,,,14,25,,
 U89,24,39,31,27,30,48,68,233,107,,,109,42,146,,115,,,227,,,,,,,42,85,70,80,111,59,19,123,54,46,41,146,47,,,2402,68,,,,178,25,27,45,135,5035,87,,129,,123,88,109,190,48,32,156,,,,11,12,77,27
 U92,73,,,90,23,,53,,,,,,,,,,,,,,,,,,,42,,89,,,,67,,,,28,,,,,,,,,,,,,,,,,,,,,,,,,,,,,,22,8,64,
 U95,56,159,78,18,38,99,39,206,,,,,87,,,,,,,,,,,,,26,113,48,72,,79,68,57,,42,35,,53,,,,,,,,,44,33,,,,,,,,,,,,62,54,,,,,15,19,385,24
 U100,103,,,58,57,,69,,,,,,,,,,,,,,,,,,,63,,132,,,,29,,,,47,,,,,,,,,,,,32,,,,,,,,,,,,,,,,,,21,11,,
 U101,98,,,42,115,,33,,,,,,,,,,,,,,,,,,,16,,47,,,,255,,,132,34,,,,,,,,,,,,21,,,,,,,,,,,,,,,,,,8,11,65,
 U107,12,,25,35,20,,30,,,,,,,167,,,,,,,,,,,,19,69,13,,,23,12,,,76,24,,,,,,111,,,,,,16,72,,102,,,,,,,118,,,,,,,,19,11,62,
 U108,25,87,,23,48,,,,,,,,174,94,133,,,,,,,,,,,68,,98,,,,50,,,39,,,,,,,,,,,,,,,,,,,,,,,,,,,,,,,9,10,,
 U110,15,26,68,10,21,49,10,28,46,,,78,67,139,45,79,,,,,,160,,,,21,121,11,90,,24,19,83,31,27,30,,40,,,,,,,,223,41,16,67,,125,68,90,156,,137,83,110,,33,80,125,,,,6,10,30,64
 U111,22,30,122,60,43,74,36,89,39,269,124,185,38,131,85,145,172,260,158,142,231,277,378,86,313,32,98,72,183,229,35,23,60,53,74,25,73,71,123,384,47,49,226,258,400,49,46,62,63,198,73,45,246,107,202,64,89,55,812,49,162,129,67,100,401,24,9,72,46
 U112,37,76,,23,39,,22,109,68,,,146,,198,221,,,,,,,336,,,,23,204,17,33,,30,19,,124,50,60,105,67,130,,82,147,241,,,,99,33,69,158,162,175,155,207,,132,122,72,109,,106,,151,216,,40,15,126,35
 U114,19,,,29,36,,30,,,,,,,,,,,,,,,,,,,42,,31,,,34,42,,,70,18,,,,,,,,,,,,17,,,,,,,,,,129,,,,,,,,21,13,,
 U116,26,62,43,40,55,47,29,45,76,,,,112,109,,,,,,,,126,,,,34,,25,31,,26,23,110,39,52,20,,164,,,122,127,,,,49,66,66,85,,187,50,,104,,105,92,183,,46,55,,,,,17,21,45,31
 U126,23,54,,33,35,,46,,180,,,,,130,,,,,,,,,,,,45,,30,65,,80,33,,143,30,47,,79,,,,,,,,259,146,44,135,305,,67,,,,1861,,259,,176,45,,,,,11,13,61,124
 U137,22,54,77,25,47,105,57,,72,,,,64,,165,,,,,,,,,,,51,118,34,151,,47,29,69,103,84,112,92,48,,,,,,,,79,75,53,86,,,58,,,,79,,74,,45,,,,,,11,11,65,25
 U140,46,63,52,24,27,73,12,,,,,,72,,,,,333,121,,,,,,,43,,14,96,,26,24,,,31,32,,127,,,,,,,,,68,26,,,,,,117,192,61,58,49,,39,32,,,96,,7,9,23,62
 U145,112,,,75,71,,64,,,,,,,,,,,,,,,,,,,84,,143,,,104,65,,,108,96,,,,,,,,,,,,170,,,,,,,,,,,,,,,,,,20,18,,
 U146,56,54,51,40,34,85,48,149,345,,,348,168,249,541,945,,,213,,3950,556,,,423,90,39,66,109,95,215,27,139,182,49,76,1590,132,228,,855,1868,1759,500,,177,61,79,58,7280,369,,263,581,1031,239,100,540,384,137,427,670,3871,632,,6,13,41,377
 U149,118,55,,26,36,167,136,,,,,,65,,,,,,,,,,,,,24,,30,,,75,123,,,71,92,,,,,,,,,,,77,,,,,,,,,,,,,35,,,,,,12,32,21,
 U155,117,57,185,33,39,81,56,60,74,,,172,62,182,250,167,,,,,,145,,,,39,68,54,30,,102,36,182,214,236,90,73,49,,,,,,,,129,112,64,146,200,103,120,,171,,240,63,103,,28,160,,168,,,9,46,92,26
 U156,144,,,208,106,,268,,,,,,,,,,,,,,,,,,,49,,39,,,,262,,,145,56,,,,,,,,,,,,213,,,,,,,,,,,,,,,,,,34,37,,
 U157,64,33,,23,,,40,,,,,,,,,,,,,,,,,,,,,41,,,57,49,,,,57,,69,,,119,,,,,,,,84,79,,,,,,75,86,115,,,38,,,,,17,24,,
 U158,133,61,93,27,65,48,129,142,116,,,,94,,,,,,,,,,,,,114,64,70,30,305,220,27,24,,34,50,,75,,,,,,,,102,104,50,,,,58,,,,,,,,67,77,,,,,12,27,78,58
 U163,69,109,89,52,57,211,63,,88,,,,71,126,,,,,,,,,,,,66,337,71,40,,40,24,,107,85,55,,138,178,,175,,,,,125,389,99,122,,176,130,,,,78,,115,,126,67,,,,,16,13,135,82
 U164,90,214,,71,70,,158,,,,,,,,,,,,,,,,,,,95,,90,,,273,43,,,217,116,,,,,,,,,,,351,61,,,,,,,,,,,,,,,,,,45,89,217,
 U166,,47,38,,,,,,,,,,,152,81,,,,,,,167,,,,28,,20,,,32,,,,50,,148,,,,,182,,,,,191,42,,77,206,,,192,,,,,138,,72,249,97,243,,7,12,,
 U167,26,,,18,24,,32,,,,,,,,,,,,,,,,,,,18,,19,,,,40,,,,35,,,,,,,,,,,129,20,,,,,,,,,,,,,,,,,,12,14,,
 U168,33,,,26,58,,103,,,,,,,,,,,,,,,,,,,34,,65,,,,154,,,,51,,,,,,,,,,,,39,,,,,,,,,,,,,,,,,,14,10,,
 U176,23,68,21,19,23,67,15,27,65,,233,77,33,74,40,73,106,219,212,368,399,64,84,,163,18,115,16,19,93,63,26,53,51,197,24,143,52,326,213,125,108,392,168,212,72,29,49,33,551,81,40,102,143,264,102,63,102,173,138,32,176,84,50,87,6,8,25,20
 U180,23,133,59,15,36,78,20,158,,,,132,86,169,60,236,,,119,,69,116,65,,229,22,38,39,15,291,42,21,,208,57,45,93,33,151,,90,,,195,243,58,31,47,81,,205,84,84,92,197,71,93,56,134,196,94,76,104,164,52,6,9,24,49
 U184,39,23,143,16,23,49,17,221,46,371,135,90,40,77,274,88,88,369,164,206,98,134,411,276,92,23,103,17,120,43,31,18,121,193,91,31,196,50,211,155,337,109,59,122,152,48,32,43,100,53,82,57,87,114,181,71,83,48,131,49,76,142,870,228,153,6,8,38,68
 U190,,37,,17,,,,57,142,,,,56,,,,,,,,,,,,,23,,,145,,,42,,135,,,,,1120,,222,,,,,179,,20,,,155,,,,,145,,224,,199,,,,,,17,13,86,198
 U191,71,195,217,24,67,63,195,58,131,,,177,81,231,194,,,,1221,,,293,,,,29,37,49,304,2167,69,94,138,473,129,53,340,382,317,,1156,294,,,,191,59,90,150,358,99,161,942,137,,91,65,116,887,209,953,,138,512,,12,24,93,60
 U194,52,25,17,43,25,34,25,,56,,,,70,,,,,,,,,,,,,35,166,40,248,,27,13,52,37,39,30,,103,,,,,,,,44,98,142,37,,,,,,,,,,,28,35,,,,,13,10,17,36
 U199,153,80,28,58,60,41,330,,,,,,126,,,,,,,,,,,,,44,30,47,,,99,61,218,,57,72,,419,,,,,,,,81,253,50,,,,,,,,,,,,64,222,,,,,8,14,126,56
 U201,73,194,,42,55,,48,,,,,,70,,,,,,,,,,,,,40,,24,,,,23,,,85,89,,,,,,,,,,,,52,,,,,,,,,,,,,,,,,,7,11,44,
 U211,63,53,,41,32,,36,,,,,,126,,,,,,,,,,,,,57,,33,,,173,20,,,28,55,,,,,,,,,,,92,133,,,,,,,,,,,,,,,,,,11,11,156,53
 U220,24,19,15,14,24,37,13,26,70,,,152,45,82,125,,,,,,,130,,,,36,105,20,406,,51,15,124,54,54,25,,42,,,,86,,,,118,144,25,110,,64,39,,,,75,183,72,,49,31,,,,,9,12,106,51
 U222,88,35,39,37,34,,20,,,,,,,,,,,,,,,,,,,30,,15,,,130,36,,,41,25,,,,,,,,,,,32,25,,,,,,,,,,,,32,,,,,,,27,214,
 U224,28,20,148,16,24,89,23,68,41,408,137,99,46,77,133,162,422,371,128,123,108,77,139,297,162,20,138,48,58,223,147,46,36,59,33,22,44,33,180,68,143,67,131,391,293,101,41,29,244,155,99,602,270,87,133,78,124,103,134,71,74,141,121,230,245,14,8,54,151
 U234,20,19,14,31,22,41,17,25,54,,,,40,57,84,126,103,,,,,,,,68,28,71,15,54,51,21,15,188,38,19,19,179,31,,,,,,,,45,19,24,296,266,97,46,,77,,44,167,67,,30,20,135,44,,,14,21,30,81
 U235,28,97,32,26,63,144,21,83,130,,,,58,103,140,,,,,,,,,,,34,188,28,101,,83,63,45,138,35,27,372,37,,,,,,,,128,57,101,105,,170,128,,208,,270,131,54,,122,39,,,,,12,9,99,24
 U237,21,61,208,34,63,326,43,63,185,,,,80,110,,157,,,340,,,408,,,,23,93,184,29,137,45,69,217,55,54,50,429,132,198,380,210,191,490,,,82,106,47,211,,143,66,308,143,,269,139,149,141,71,70,231,185,528,,17,19,81,84
 U248,252,132,180,53,48,595,206,,,,,,206,,,,,,,,,,,,,126,93,338,279,,261,19,70,,61,70,,188,,,,,,,,146,93,67,,,,,,,,,,,,477,,,,,,12,16,247,223
 U276,24,54,,25,38,,66,,,,,,,,,,,,,,,,,,,40,,64,,,,78,,,,30,,,,,,,,,,,,71,,,,,,,,,,,,,,,,,,14,16,15,
 U284,95,144,,27,38,,23,,,,,,,,,,,,,,,,,,,,,40,,,,,,,,146,,,,,,,,,,,,53,,,,,,,,,,,,,,,,,,7,12,,
 U303,43,40,41,21,71,69,29,,,,,,116,,,,,,,,,,,,,23,,54,80,,137,38,,,34,55,,,,,,,,,,,63,39,,,,,,,,,,,,,,,,,,13,16,57,57
 U304,17,57,108,38,23,111,38,,,,,,41,,,,,,,,,,,,,23,,22,,,234,45,,,94,72,,,,,,,,,,,49,19,,,,,,,,,,,,,,,,,,8,9,46,133
 U306,204,159,140,86,135,170,204,,,,,,,,,,,,,,,,,,,29,,49,,,247,165,,,528,82,,,,,,,,,,,231,175,,,,,,,,,,,,,,,,,,19,21,162,35
 U310,71,,,65,68,,,,,,,,,,,,,,,,,,,,,24,,152,,,,72,,,,121,,,,,,,,,,,,37,,,,,,,,,,,,,,,,,,32,41,,
 U316,32,,,21,36,,104,,,,,,,,,,,,,,,,,,,21,,27,,,,47,,,,27,,,,,,,,,,,,,,,,,,,,,,,,,,,,,,12,31,,
 U317,23,69,,20,25,,51,,,,,,,,,,,,,,,,,,,79,,27,,,126,28,,,73,44,,,,,,,,,,,,25,,,,,,,,,,,,,,,,,,8,70,31,
 U323,67,57,93,61,122,38,58,,,,,,105,,,,,,,,,,,,,83,42,28,,,37,106,,,99,21,,,,,,,,,,,50,68,,,,,,,,,,,,,,,,,,14,,81,206
 U336,27,,,62,190,,136,,,,,,,,,,,,,,,,,,,76,,106,,,,27,,,71,97,,,,,,,,,,,308,48,,,,,,,,,,,,,,,,,,25,127,,
 U360,834,,,29,96,,,,,,,,,,,,,,,,,,,,,130,,31,,,,65,,,,193,,,,,,,,,,,,108,,,,,,,,,,,,,,,,,,21,13,,
 U367,40,103,114,25,79,45,216,81,97,,,,93,231,388,,,,,,,619,,,,189,118,121,197,90,41,48,105,133,289,48,285,119,,,,,,,,190,60,27,275,,164,83,,168,,168,149,177,,102,268,,259,,,19,17,56,278
 U374,44,108,350,57,82,225,25,287,772,,,195,94,913,,,,,,,,253,,,,32,255,46,238,,268,81,192,69,259,54,359,479,,,,,,,,239,99,42,201,,553,412,,286,,127,76,248,,92,173,,180,,,10,11,200,86
 U379,24,24,50,19,25,120,61,70,,,,,80,,,,,,,,,,,,,25,432,23,67,,139,38,147,107,113,28,,65,,,,,,,,67,45,38,94,,,74,,,,105,125,,,45,39,,,,,8,27,52,118
 U382,105,138,62,88,216,251,34,208,1456,595,318,218,133,711,1260,312,200,3992,678,208,1655,508,597,1888,344,40,64,59,32,334,198,183,321,200,210,197,1134,1162,199,1687,803,1749,,1900,597,174,154,268,464,789,806,909,723,413,642,66,170,434,733,122,309,1110,438,531,115,13,24,609,691
 U390,30,82,,32,26,,50,,,,,,,,,,,,,,,,,,,42,,28,,,,20,,,,20,,,,,,,,,,,62,35,,,,,,,,,,,,,,,,,,8,17,,
 U431,28,72,,35,29,58,66,,,,,,127,,,,,,,,,,,,,72,,47,,,,,,,126,,,,,,,,,,,,166,29,,,,,,,,,,,,,,,,,,10,33,,101
 U446,29,,,17,34,,42,,,,,,,,,,,,,,,,,,,54,,24,,,,21,,,,22,,,,,,,,,,,,131,,,,,,,,,,,,,,,,,,8,10,81,
 U450,58,25,,23,55,,47,,,,,,,,,,,,,,,,,,,39,,47,,,,20,,,,24,,,,,,,,,,,,281,,,,,,,,,,,,,,,,,,10,15,,
 U456,27,,,47,77,,21,,,,,,,,,,,,,,,,,,,41,,35,,,,78,,,,68,,,,,,,,,,,,43,,,,,,,,,,,,,,,,,,,10,37,
 U489,35,92,212,42,80,,18,,,,,,,,,,,,,,,,,,,31,,42,,,55,18,,,104,33,,,,,,,,,,,,60,,,,,,,,,,,,,,,,,,9,10,14,
 U490,28,72,197,33,134,365,149,131,,,,155,71,197,,,,,,,,,,,,36,391,65,107,,74,25,192,126,45,63,,149,,,,,,,,110,254,116,151,,171,84,,,,171,61,,,61,61,,,,,8,11,185,133
 U493,4019,85,275,26,51,80,231,87,128,354,162,659,130,107,230,837,614,206,227,631,683,611,,332,173,44,946,49,28,342,260,54,162,102,140,117,,236,478,438,173,500,534,249,686,226,305,27,156,253,202,89,97,503,412,222,91,200,414,152,338,429,391,173,954,9,18,102,36
 U494,52,51,15,20,28,52,26,54,80,239,305,100,60,40,94,106,413,224,111,212,86,87,251,124,111,25,33,28,38,56,29,31,49,120,94,19,134,69,158,188,156,154,228,270,118,55,22,57,217,118,87,217,72,113,187,98,116,61,755,84,29,84,115,85,320,18,8,35,39
 U513,50,53,41,26,60,260,26,37,,,,,112,,,152,,,,,,,,,,70,266,44,34,68,135,21,30,86,286,25,,112,,,,,,,,170,26,68,75,,191,116,,122,,96,115,97,,41,56,,67,,,9,19,314,60
 U515,13,17,15,16,20,69,24,49,86,209,122,79,41,74,179,213,60,149,149,270,188,75,72,207,112,26,83,10,121,206,55,19,49,58,23,34,91,42,551,420,74,146,122,143,201,82,130,32,390,205,69,68,317,156,209,62,97,99,114,84,30,112,202,105,156,8,8,48,52
 U524,30,94,44,21,39,78,57,44,,,,,104,,,,,,,,,,,,,69,,34,,,,24,,,42,28,,,,,,,,,,,,89,,,,,,,,,,,,,,,,,,15,28,84,
 U525,21,,135,12,24,92,34,,55,,,141,,104,92,,,,,,,197,,,,24,53,15,71,,,20,,,43,,196,33,151,,,,,,,63,,25,,242,102,86,379,,,50,144,47,,,41,55,75,110,,6,7,76,
 U526,120,152,92,75,82,70,39,120,158,,,188,215,190,205,478,,,,,,486,,,,96,283,72,365,,562,102,511,177,133,102,660,397,,,666,792,,,,98,417,99,109,620,552,73,,370,,93,65,80,,299,87,597,127,219,,14,27,353,95
 U527,84,,,107,107,,85,,,,,,,,,,,,,,,,,,,74,296,37,,,,38,,,,153,,,,,,,,,,,,79,,,,,,,,,,,,484,,,,,,24,63,,156
 U531,123,,,98,96,,218,,,,,,,,,,,,,,,,,,,240,,210,,,,59,,,,82,,,,,,,,,,,92,54,,,,,,,,,,,,,,,,,,19,17,890,
 U620,118,63,,25,55,,122,,,,,,,,,,,,,,,,,,,23,,35,,,,35,,,,26,,,,,,,,,,,,32,,,,,,,,,,,,,,,,,,10,14,,
 U659,29,,,28,89,,54,,,,,,,,,,,,,,,,,,,66,,36,,,,29,,,,44,,,,,,,,,,,,,,,,,,,,,,,,,,,,,,57,11,,
 U668,24,100,,18,34,,58,,,,,,,,,,,,,,,,,,,64,,38,,,,21,,,,31,,,,,,,,,,,66,43,,,,,,,,,,,,,,,,,,,12,,
 U691,,,,15,37,,38,,,,,,75,,,,,,,,,,,,,43,,28,,,43,14,,,71,37,,,,,,,,,,,37,18,,,,,,,,,,,,,,,,,,5,14,38,
 U692,108,153,298,62,112,269,163,120,69,,,105,115,176,234,161,,,386,,304,255,618,,163,68,122,91,109,1098,102,23,167,332,105,63,240,323,244,,1151,137,1418,,,255,604,157,79,188,165,272,180,163,,115,57,144,321,50,227,1066,819,107,737,9,13,81,211
 U701,27,31,147,23,56,229,41,131,137,,,,85,288,,,,,,,,,,,,57,239,22,39,,43,46,528,82,47,44,,163,,,,,,,,91,39,105,279,,474,,,,,72,78,154,,27,377,,,,,11,51,321,258
 U706,89,27,208,46,43,347,64,106,116,,177,95,159,345,181,109,145,,253,522,219,202,710,771,391,52,38,73,313,,67,30,112,163,195,30,151,106,364,311,104,601,94,,,174,52,43,95,75,367,67,225,144,202,83,35,126,265,286,56,304,252,148,289,5,21,159,62
 U709,23,59,26,20,25,,50,,,,,,,,,,,,,,,,,,,42,,,,,,34,,,28,76,,,,,,,,,,,34,99,,,,,,,,,,,,,80,,,,,8,12,96,
 U712,50,54,33,29,68,,27,,,,,,,,,,,,,,,,,,,51,,39,,,67,,,,270,30,,,,,,,,,,,,33,,,,,,,,,,,,,,,,,,22,10,115,
 U713,126,,331,161,138,,108,,,,,,,,,,,,,,,,,,,352,,106,,,,208,,,,377,,,,,,,,,,,61,192,,,,,,,,,,,,,,,,,,15,122,,
 U738,39,82,146,69,67,440,85,336,174,,,223,223,95,,,,,,,,,,,,87,218,61,511,,168,90,190,232,365,156,534,67,,,,,,,,566,69,53,698,,256,372,,687,,193,79,274,,38,68,,,,,16,33,283,79
 U739,186,180,114,18,151,,162,,,,,,185,,,,,,,,,,,,,29,,110,495,,42,44,,,315,101,,,,,,,,,,,100,55,,,,,,,,,,,,463,111,,,,,6,16,413,175
 U744,14,16,17,15,19,33,10,21,96,402,104,53,32,40,51,65,64,140,102,121,94,52,54,299,94,23,157,12,57,17,61,18,54,54,62,14,88,27,48,108,64,206,935,52,243,31,34,18,50,106,106,58,78,64,158,40,44,34,112,36,23,55,43,105,209,21,10,51,140
 U751,45,,,72,57,,73,,,,,,,,,,,,,,,,,,,18,,48,,,,77,,,,20,,,,,,,,,,,,21,,,,,,,,,,,,,,,,,,33,20,,
 U760,112,,,49,43,,,,,,,,183,,,,,,,,,,,,,61,,31,,,102,116,,,104,,,,,,,,,,,,35,38,,,,,,,,,,,,,,,,,,15,30,,
 U784,22,64,63,21,23,92,20,34,69,376,93,119,88,74,84,54,129,131,117,142,85,437,97,207,164,27,92,27,173,75,142,27,44,176,34,31,101,121,321,522,154,300,740,278,96,96,26,39,38,263,142,77,134,76,326,71,56,75,80,46,42,142,146,222,118,7,9,45,40
 U788,52,68,,22,42,,91,,,,,,,,,,,,,,,,,,,36,,50,,,58,193,,,,81,,,,,,,,,,,,158,,,,,,,,,,,,,,,,,,38,59,,
 U793,48,31,66,27,109,,39,,,,,,85,,,,,,,,,,,,,17,,,,,259,113,,,235,119,,,,,,,,,,,76,221,,,,,,,,,,,,,,,,,,5,10,180,
 U809,48,79,,51,29,,34,,,,,,,,,,,,,,,,,,,22,,170,,,,129,,,477,26,,,,,,,,,,,,66,,,,,,,,,,,,,,,,,,18,31,,
 U812,49,79,53,28,26,126,57,251,193,,,,131,134,,,,,,,,276,,,,24,68,274,211,,103,88,197,165,96,96,,100,,,,,,,,235,240,39,170,,185,108,,,,144,86,77,,369,114,,156,,,18,49,80,64
 U844,81,,,35,52,,,,,,,,,,,,,,,,,,,,,126,,53,,,,113,,,,32,,,,,,,,,,,,176,,,,,,,,,,,,,,,,,,14,23,,
 U854,241,122,,55,58,,76,,,,,,,,,,,,,,,,,,,70,,,,,242,46,,,186,57,,,,,,,,,,,,91,,,,,,,,,,,,,,,,,,31,42,93,
 U855,90,581,84,82,68,132,118,316,151,,,216,195,318,384,,,,,,,153,,,,58,261,29,573,,37,24,313,,149,120,186,,,,,,,,,,140,182,199,,449,96,,301,,,,115,,67,60,,370,,,46,103,138,49
 U857,64,81,151,32,,,,,,,,,,,,,,,,,,,,,,,107,,313,,,,161,,120,58,,,,,,,,,,,99,79,,,,,,,,,,,,,92,,,,,11,10,,
 U865,55,,34,28,80,121,,,,,,,98,,,,,,,,,,,,,96,71,69,,,70,28,206,,,116,,,,,,,,,,,67,,,,,,,,,,,,,94,,,,,,8,12,274,
 U868,27,116,,,68,73,17,53,267,,,,,106,,,,,,,,,,,,135,,32,,,81,,,134,29,39,,,,,,,,,,114,52,,,,,,,,,,92,79,,43,166,,186,,,9,10,48,189
 U869,22,83,,19,56,,22,,,,,,,,,,,,,,,,,,,67,,23,,,,21,,,50,42,,,,,,,,,,,,62,,,,,,,,,,,,,,,,,,8,22,,
 U882,150,51,117,31,76,63,70,80,130,,542,92,340,135,246,413,,,,,,290,,,782,357,117,84,,,234,64,159,525,171,96,,392,,,,,,,,224,46,136,242,,165,143,,296,,180,145,163,,175,210,,197,687,,21,30,97,233
 U887,245,155,,25,45,,58,,,,,,,,,,,,,,,,,,,71,,107,,,230,76,,,66,46,,,,,,,,,,,369,50,,,,,,,,,,,,,,,,,,11,34,,
 U889,42,,,39,42,,61,,,,,,,,,,,,,,,,,,,66,,64,,,135,44,,,57,54,,,,,,,,,,,105,29,,,,,,,,,,,,,,,,,,15,19,,
 U893,24,34,27,15,47,82,37,43,106,374,402,1286,59,122,143,96,305,496,201,525,542,184,172,228,147,28,94,18,25,1017,53,21,46,164,63,48,87,110,157,205,215,251,70,220,208,79,43,37,87,155,99,95,211,223,121,70,58,67,259,116,139,91,143,78,104,12,13,17,118
 U922,116,117,52,40,82,,218,,,,,,,,,,,,,,,,,,,39,,91,,,110,143,,,111,167,,,,,,,,,,,431,78,,,,,,,,,,,,59,,,,,,19,30,,
 U932,19,64,33,13,55,77,75,68,138,284,371,186,73,70,84,100,437,209,188,340,118,145,305,237,121,21,104,22,41,28,149,39,115,113,49,19,132,116,291,232,193,235,151,165,276,77,43,20,66,75,84,445,162,279,211,64,69,77,715,43,63,139,218,125,242,10,9,14,58
 U936,,20,,43,84,,,,,,,,,,,,,,,,,,,,,22,,82,,,,105,,,93,30,,,,,,,,,,,,,,,,,,,,,,,,,258,,,,,14,16,294,
 U945,62,28,33,48,51,,90,,,,,,73,,,,,,,,,,,,,21,,50,,,72,75,,,71,40,,,,,,,,,,,50,68,,,,,,,,,,,,21,90,,,,,9,13,,
 U952,94,66,,47,44,,19,136,,,,,,,,,,,,,,,,,,30,,58,,,,56,,,167,69,,,,,,,,,,,,76,,,,,,,,,,,,,,,,,,8,21,,
 U977,54,57,59,27,63,,109,,,,,,,,,,,,,,,,,,,,,60,,,,60,,,62,31,,,,,,,,,,,97,91,,,,,,,,,,,,56,,,,,,,31,,
 U1037,13,38,15,15,16,30,10,22,39,155,70,42,37,21,43,137,121,161,131,110,79,45,98,288,291,14,58,14,49,191,18,19,24,49,32,17,37,23,101,66,105,128,78,84,155,27,29,28,29,20,43,37,108,45,113,47,34,32,60,80,28,39,43,84,58,9,13,10,28
 U1044,111,128,629,144,120,,92,,,,,,,,,,,,,,,,,,,53,,155,,,158,27,,,33,155,,,,,,,,,,,93,123,,,,,,,,,,,,,,,,,,31,17,142,227
 U1050,35,72,,32,23,,22,,,,,,,,,,,,,,,,,,,18,,111,,,,48,,,122,28,,,,,,,,,,,,100,,,,,,,,,,,,,,,,,,9,9,214,
 U1051,68,41,37,24,29,64,35,189,66,,,,48,200,63,,,,,,,172,,,,30,62,52,79,,63,44,86,89,33,40,130,41,,,,,,,,251,42,43,55,,123,63,,,,70,89,83,,27,146,,103,,,12,12,110,41
 U1078,27,,,28,42,,,,112,,,219,,,121,,228,,,,,,,,,37,,36,,,,28,,,,,,,,,,172,,,,,,,,,,,,,,82,,,,,,,,,,7,13,,
 U1117,98,101,31,37,52,,22,,,,,,,,,,,,,,,,,,,43,,18,,,,21,,,17,30,,,,,,,,,,,,91,,,,,,,,,,,,,299,,,,,10,46,109,
 U1180,31,101,,25,37,,151,,,,,,,,,,,,,,,,,,,44,,38,,,,28,,,58,38,,,,,,,,,,,,92,,,,,,,,,,,,,,,,,,11,23,,
 U1251,80,62,,34,45,,76,,,,,,,,,,,,,,,,,,,18,,28,,,,85,,,91,77,,,,,,,,,,,,56,,,,,,,,,,,,,,,,,,9,9,,
 U1277,69,129,796,33,56,,101,,,,,,,,,,,,,,,,,,,50,,93,,,55,84,,,49,68,,,,,,,,,,,96,70,,,,,,,,,,,,136,,,,,,,20,463,
 U1281,17,,,13,31,,87,,,,,,,,,,,,,,,,,,,31,,22,,,,54,,,,62,,,,,,,,,,,,,,,,,,,,,,,,,,,,,,4,19,,
 U1282,49,,,18,61,,46,,,,,,,,,,,,,,,,,,,37,,44,,,,25,,,,49,,,,,,,,,,,,,,,,,,,,,,,,,,,,,,15,8,,
 U1331,207,658,626,153,342,,97,,,,,,,,,,,,,,,,,,,964,,80,,,,69,,,298,653,,,,,,,,,,,800,450,,,,,,,,,,,,,,,,,,24,141,,
 U1364,,28,,12,30,,25,56,59,,,,55,252,50,,,,,,,,,,,25,209,17,,,39,16,67,,36,22,,,,,,,,,,,,27,45,,67,41,,,,,39,47,,,51,,,,,8,7,,22
 U1368,28,90,97,24,53,98,30,129,182,,,111,78,401,90,,,,,,,521,,,,86,41,32,887,,106,24,167,100,24,33,85,40,,,396,227,,,,185,44,108,416,740,265,73,,90,,128,275,70,,29,72,85,201,225,,6,19,306,24
 U1371,93,148,,43,35,,27,,,,,,,,,,,,,,,,,,,70,,69,,,,117,,,,108,,,,,,,,,,,,130,,,,,,,,,,,,,,,,,,16,12,,
 U1375,20,35,22,13,59,40,26,108,116,1069,598,127,52,62,65,107,445,167,169,315,293,194,246,1010,92,22,92,14,299,194,55,42,56,48,20,24,156,33,556,373,225,143,365,332,1091,48,42,61,49,320,77,102,114,150,193,84,85,72,171,75,47,90,316,134,214,15,8,176,108
 U1379,26,71,591,26,37,60,153,100,281,,,233,94,311,,177,,,,,,382,,,,30,154,101,52,,167,50,74,,81,35,,183,,,,,,,,228,44,41,124,189,312,111,,186,,175,83,115,,185,190,,125,187,,16,21,19,198
 U1383,61,127,,36,33,88,65,70,85,,,,,63,,,,,,,,,,,,42,249,58,120,,158,123,106,69,130,49,,43,,,,,,,,50,47,31,430,,,72,,,,187,71,259,,180,99,,,,,7,33,48,257
 U1385,159,,63,27,66,,107,,,,,,143,,,,,,,,,,,,,87,,143,,,,130,,,63,142,,,,,,,,,,,109,90,,,,,,,,,,,,181,,,,,,15,32,85,
 U1386,70,96,198,29,,,,,,,,,,,,,,,,,,,,,,,,,,,,114,,,106,39,,,,,,,,,,,188,44,,,,,,,,,,,,,,,,,,20,22,,
 U1389,93,118,38,70,35,153,63,,,,,,128,,,,,,,,,,,,,19,55,57,92,,93,118,244,,135,34,,71,,,,,,,,202,79,78,77,,,,,,,221,104,,,,,,,,,17,11,55,
 U1391,186,116,,74,57,115,70,,,,,,,,,,,,,,,,,,,103,,130,73,,,157,531,,206,83,,,,,,,,,,,135,65,,,,,,,,,,,,101,,,,,,22,48,,360
 U1413,60,91,,,,,,,,,,,,,,,,,,,,,,,,,,107,,,43,,,,143,66,,,,,,,,,,,101,58,,,,,,,,,,,,,243,,,,,6,9,108,
 U1420,36,61,,23,48,59,31,55,58,,,155,83,93,,119,302,,148,,135,224,,,,41,181,62,,,35,30,97,198,31,31,,62,,,,,,,,122,45,32,81,157,132,57,141,140,193,134,70,51,176,53,112,319,127,190,,20,23,120,210
 U1435,,275,107,184,73,,125,,,,,,,,,,,,,,,,,,,85,,354,,,,144,,,354,181,,,,,,,,,,,345,124,,,,,,,,,,,,,,,,,,22,129,,
 U1440,60,,,62,17,,22,,,,,,,,,,,,,,,,,,,30,,65,,,,259,,,,55,,,,,,,,,,,,137,,,,,,,,,,,,,,,,,,14,11,,
 U1446,41,60,,20,98,,28,,,,,,69,,,,,,,,,,,,,130,,72,,,276,55,,,290,92,,,,,,,,,,,83,55,,,,,,,,,,,,,,,,,,20,16,,99
 U1448,24,32,68,22,25,131,22,,,,,,,,,,,,,,,,,,,56,,25,,,,28,,,27,69,,,,,,,,,,,,45,,,,,,,,,,,,,,,,,,25,15,,119
 U1452,54,137,457,27,160,346,28,84,329,,361,578,252,162,139,206,,,345,,195,568,241,,320,149,638,23,943,69,40,26,388,998,26,71,273,136,68,,1955,1048,1169,,,306,79,29,59,152,269,181,267,289,245,114,379,135,201,66,154,634,185,251,607,16,18,82,36
 U1471,98,,,94,168,,25,,,,,,,,,,,,,,,,,,,72,,153,,,,134,,,,,,,,,,,,,,,,49,,,,,,,,,,,,,,87,,,,22,15,,
 U1482,,170,80,59,58,,,,,,,,,,,,,,,,,,,,,76,,203,,,,116,,,61,89,,,,,,,,,,,240,236,,,,,,,,,,,,,,,,,,38,19,798,
 U1494,101,115,60,28,,,,,,,,,,,,,,,,,,,,,,23,,,,,,120,,,282,68,,,,,,,,,,,,60,,,,,,,,,,,,,,,,,,15,52,,
 U1497,102,298,,48,37,,59,,,,,,,,,,,,,,,,,,,,,,,,,93,,,106,62,,,,,,,,,,,,95,,,,,,,,,,,,,,,,,,15,11,,
 U1510,22,56,74,27,62,,18,,,,,,,,,,,,,,,,,,,58,,22,,,56,54,,,34,37,,,,,,,,,,,43,66,,,,,,,,,,,,69,,,,,,8,24,95,
 U1527,109,66,,90,,,74,,,,,,,,,,,,,,,,,,,35,,141,,,,47,,,,52,,,,,,,,,,,,,,,,,,,,,,,,,,,,,,12,14,,
 U1550,66,160,,183,50,,160,,,,,,,,,,,,,,,,,,,41,,248,,,,226,,,,282,,,,,,,,,,,,514,,,,,,,,,,,,,,,,,,10,8,,
 U1552,172,367,86,82,178,396,277,,219,,,804,124,554,670,,,,,,,714,,,,,183,189,,65,248,,169,104,94,109,422,80,,,,,,,,187,87,111,320,103,223,199,,231,,164,380,242,,550,390,,1061,714,,25,60,54,327
 U1560,21,84,,68,19,,103,,,,,,70,,,,,,,,,,,,,37,,32,,,,30,,,32,,,,,,,,,,,,,65,,,,,,,,,,,,,,,,,,11,20,,
 U1572,43,148,,81,,143,97,,,,,,2181,,,,,,,,,,,,,25,,41,,,,82,,,94,107,,,,,,,,,,,,31,,,,,,,,,,81,,,,,,,,11,48,,
 U1579,159,,,176,158,,56,,,,,,,,,,,,,,,,,,,259,,231,,,,172,,,,372,,,,,,,,,,,,183,,,,,,,,,,,,,,,,,,41,18,,
 U1601,33,,,37,51,,48,,,,,,,,,,,,,,,,,,,87,,44,,,,29,,,92,54,,,,,,,,,,,,37,,,,,,,,,,,,,,,,,,8,7,,
 U1643,99,,,106,26,,97,,,,,,,,,,,,,,,,,,,37,,49,,,,48,,,,37,,,,,,,,,,,,18,,,,,,,,,,,,,,,,,,27,18,,
 U1674,265,87,188,26,295,,24,,,,,,65,,,,,,,,,,,,,55,,227,,,,158,,,143,68,,,,,,,,,,,132,36,,,,,,,,,,,,,,,,,,9,24,,
 U1681,116,364,77,153,135,291,195,,,,,245,,307,159,354,,,699,,,470,,,,276,47,69,,,,130,,112,200,131,,100,,,,,,,,,201,61,332,,,76,,,,216,147,,,266,213,,164,456,,34,19,309,196
 U1686,36,83,23,25,58,,18,,,,,,,,,,,,,,,,,,,25,,117,,,,66,,,162,53,,,,,,,,,,,263,20,,,,,,,,,,,,,,,,,,6,15,183,
 U1695,64,,,32,52,,35,,,,,,,,,,,,,,,,,,,55,,47,,,,23,,,,75,,,,,,,,,,,,,,,,,,,,,,,,,,,,,,16,23,,
 U1705,41,88,21,25,32,,52,,,,,,,,,,,,,,,,,,,22,,55,,,43,82,,,105,58,,,,,,,,,,,29,32,,,,,,,,,,,,,,,,,,12,9,,
 U1716,26,,,35,101,,245,,,,,,,,,,,,,,,,,,,92,,55,,,,84,,,70,48,,,,,,,,,,,54,104,,,,,,,,,,,,,,,,,,16,11,,
 U1734,70,29,90,28,45,81,16,327,,,,,67,85,,,,,,,,,,,,25,237,44,53,,186,45,145,156,35,39,,189,,,,,,,,113,36,63,118,,,98,,,,125,113,69,,76,491,,,,,9,37,35,102
 U1735,112,70,134,23,21,51,92,211,99,,,,55,,,,,,,,,,,,,22,251,34,,,152,137,484,98,339,44,,301,,,,,,,,119,66,47,,,,,,,,119,56,179,,109,261,,,,,16,24,52,264
 U1738,45,60,239,18,48,104,63,72,118,,,402,99,104,172,,,,,,,110,,,,124,47,35,213,,267,39,71,69,153,55,286,68,,,,,,,,133,146,103,82,,254,62,,192,,64,169,73,,66,60,,493,,,8,11,56,76
 U1744,29,,,22,45,,48,,,,,,,,,,,,,,,,,,,17,,27,,,,32,,,,30,,,,,,,,,,,,65,,,,,,,,,,,,,,,,,,9,24,,
 U1746,48,31,33,22,23,73,13,113,78,,,,56,,,,,,,,,,,,,38,,49,,,40,22,111,,19,18,,63,,,,,,,,,81,20,,,,,,,,53,104,133,,132,51,,,,,21,11,192,152
 U1753,16,41,92,14,29,42,16,59,47,,,,39,135,,,,,,,,,,,,19,,28,82,,18,19,52,45,64,20,,35,,,,,,,,85,48,23,105,,,55,,,,70,84,74,,61,34,,,,,15,7,9,74
 U1762,64,54,,45,83,,31,,,,,,,,,,,,,,,,,,,65,,71,,,,35,,,,134,,,,,,,,,,,69,102,,,,,,,,,,,,,,,,,,13,11,,
 U1793,89,133,,106,136,,56,,,,,,167,,,,,,,,,,,,,126,,50,,,143,68,,,34,101,,,,,,,,,,,,86,,,,,,,,,,,,,74,,,,,38,40,,
 U1801,39,72,,24,568,,87,,,,,,66,,,,,,,,,,,,,22,,35,,,,88,,,56,29,,,,,,,,,,,,206,,,,,,,,,,,,,,,,,,8,19,,
 U1816,36,66,18,15,30,131,,50,95,,,,46,,,,,,,,,,,,,40,,14,,,40,23,,,21,24,,,,,,,,,,86,,51,,,,,,,,102,70,90,,58,34,,,,,7,9,15,
 U1845,,46,,29,53,,,,,,,,92,,,,,,,,,,,,,,,,,,52,,,,,105,,,,,,,,,,,,,106,,,,,,,,,86,,,51,,,,,13,11,,
 U1846,,390,,25,,,,,,,,,191,,,,,,,,,,,,,70,,,,,43,,,233,,,,,,,,,,,,,,,,,,,,,,110,,174,,,103,,,,,24,15,,
 U1849,70,42,271,23,42,128,232,103,113,,,,82,130,156,,,,,,,,,,,41,390,44,137,,95,45,482,67,165,192,173,61,,,,,,,,102,49,61,137,,326,86,,132,,106,149,146,,77,143,,,,,25,13,69,68
 U1851,27,257,327,24,45,256,36,63,130,,,,108,208,105,,,,,,,,,,,37,110,43,141,,197,39,408,329,82,84,,126,,,,,,,,84,62,103,69,,322,73,,204,,92,66,333,,88,60,,,,,19,11,132,25
 U1856,38,62,,23,34,,33,,,,,,71,,,,,,,,,,,,,105,,27,,,,23,,,107,36,,,,,,,,,,,,42,,,,,,,,,,,,,,,,,,9,16,,
 U1857,116,442,45,41,59,144,101,,,,,,401,,,,,,,,,,,,,74,,26,,,131,81,,,145,53,,125,,,,,,,,,82,73,,,,,,,,293,,198,,37,77,,,,,7,24,22,425
 U1869,40,,,19,28,,24,,,,,,65,,,,,,,,,,,,,24,,18,,,41,27,,,77,37,,97,,,,,,,,,,81,,,,,,,,,,,,,,,,,,22,19,36,
 U1889,73,,,37,72,,47,,,,,,,,,,,,,,,,,,,71,,19,,,,31,,,,81,,,,,,,,,,,,,,,,,,,,,,,,,,,,,,9,11,,
 U1890,22,114,48,31,37,95,61,144,136,,,,51,73,106,,,,,,,,,,,16,218,25,28,,119,35,83,46,45,88,,136,,,,,,,,101,65,64,233,,,128,136,,,422,261,133,,103,60,,363,,,8,7,117,21
 U1904,81,,,21,77,,18,,,,,,,,,,,,,,,,,,,180,,112,,,,30,,,,104,,,,,,,,,,,,95,,,,,,,,,,,,,,,,,,11,30,,
 U1907,98,,,20,63,,23,,,,,,,,,,,,,,,,,,,15,,80,,,,41,,,,30,,,,,,,,,,,,32,,,,,,,,,,,,,,,,,,10,9,,
 U1948,76,74,,34,67,,,,,,,,102,,,,,,,,,,,,,22,,96,,,,46,,,38,25,,,,,,,,,,,,24,,,,,,,,,,,,,,,,,,8,9,,
 U1951,103,,,71,75,,46,,,,,,99,,,,,,,,,,,,,46,,36,,,,34,,,65,156,,,,,,,,,,,33,,,,,,,,,,,,,89,104,,,,,11,25,,
 U1960,,43,,59,31,,29,,,,,,,,,,,,,,,,,,,48,,75,,,,52,,,,40,,,,,,,,,,,,,,,,,,,,,,,,,,,,,,10,10,85,
 U1978,77,236,438,38,169,99,142,98,243,290,286,182,164,82,289,309,147,574,233,592,336,187,487,626,149,50,255,46,461,1185,92,89,287,415,78,55,79,91,394,254,259,377,1454,657,321,175,63,42,235,604,162,101,424,125,268,79,74,247,160,63,144,82,162,131,162,16,27,62,136
 U1994,145,39,58,22,45,156,68,40,226,585,184,257,125,336,48,223,258,287,218,1050,189,119,212,1243,158,68,24,73,26,84,231,33,64,56,247,27,502,379,153,641,290,149,417,337,376,111,118,57,251,349,326,221,94,927,335,63,30,140,118,36,110,473,76,762,223,15,33,65,88
 U2012,60,28,76,27,86,229,97,,,,,,186,,,,,,,,,,,,,17,,50,,,36,256,,,100,75,,57,,,,,,,,,340,46,,,,,,,,89,,,,,60,,,,,10,34,90,62
 U2013,29,105,,36,64,,19,,,,,,95,,,,,,,,,,,,,48,,52,,,,32,,,105,106,,,,,,,,,,,49,42,,,,,,,,,,,,,,,,,,5,34,,
 U2017,49,67,136,28,70,86,41,115,301,,,,105,100,100,,,,,,,,,,,49,455,29,102,,117,44,56,534,44,48,191,107,,,,,,,,122,91,30,95,,,139,,,,133,69,196,,120,81,,127,,,38,20,112,252
 U2020,322,,,248,83,,88,,,,,,78,,,,,,,,,,,,,141,,241,,,,160,,,,58,,,,,,,,,,,108,142,,,,,,,,,,,,,187,,,,,50,59,,
 U2023,150,116,,54,,,53,,,,,,,,,,,,,,,,,,,255,,77,,,,93,,,104,265,,,,,,,,,,,114,68,,,,,,,,,,,,,,,,,,19,64,,
 U2030,47,,,16,,,38,,,,,,,,,,,,,,,,,,,46,,29,,,,36,,,48,35,,,,,,,,,,,,91,,,,,,,,,,,,,,,,,,12,8,,
 U2040,47,131,,84,42,,22,,,,,,,,,,,,,,,,,,,53,,23,,,,30,,,,79,,,,,,,,,,,,102,,,,,,,,,,,,,,,,,,32,45,,
 U2045,43,,,17,25,,30,,,,,,,,,,,,,,,,,,,22,,24,,,,33,,,,22,,,,,,,,,,,,31,,,,,,,,,,,,,,,,,,10,13,,
 U2062,18,28,13,13,21,67,14,42,45,,,,40,,,,,,,,,,,,,29,28,21,,,63,14,40,39,16,22,,66,,,,,,,,61,24,22,72,,,51,,,,47,47,38,,36,40,,,,,19,9,28,55
 U2085,150,68,,22,25,,50,,,,,,,,,,,,,,,,,,,25,,57,,,,143,,,77,45,,,,,,,,,,,,47,,,,110,,,,,,,,,,,,,,8,10,,
 U2088,,,,30,,,,,,166,332,,,,,,109,1062,,,,,,1056,,108,,,,,,,,,,,,,,,364,,,,,,,,,,,,,,,,,,,,,,,,,25,21,,
 U2090,56,174,,20,,,,,,,,,209,,,,,,,,,,,,,,,37,,,93,86,,,,62,,,,,,,,,,,,51,,,,,,,,,,113,,,,,,,,8,21,,
 U2109,59,30,170,34,113,,116,,,,,,,,,,,,,,,,,,,58,,27,,,376,136,,,61,75,,,,,,,,,,,86,61,,,,,,,,,,,,,,,,,,13,51,280,109
 U2111,44,155,,53,93,,48,,,,,,,,,,,,,,,,,,,78,,68,,,,68,,,70,115,,,,,,,,,,,202,50,,,,,,,,115,,,,,,,,,,13,13,230,
 U2112,140,66,,50,92,,139,,,,,,,,,,,,,,,,,,,41,,362,,,,403,,,164,164,,,,,,,,,,,229,191,,,,,,,,,,,,,,,,,,13,20,,
 U2119,35,29,54,33,79,152,78,354,512,307,551,566,104,56,397,407,240,1027,364,5663,425,271,990,1402,528,28,58,72,57,349,151,70,118,221,42,123,693,195,1361,115,2352,746,3903,1257,294,64,111,103,113,1160,338,200,3178,272,413,279,65,456,794,73,180,116,262,285,1542,9,16,754,92
 U2123,103,,,76,40,,31,,,,,,,,,,,,,,,,,,,29,,51,,,,69,,,,48,,,,,,,,,,,,101,,,,,,,,,,,,,,,,,,22,11,,
 U2125,78,62,,21,101,,25,,,,,,,,,,,,,,,,,,,45,,23,,,,59,,,,33,,,,,,,,,,,,64,,,,,,,,,,,,,,,,,,7,16,,
 U2147,102,83,676,76,165,78,116,143,,,,,246,,,,,,,,,,,,,107,78,61,43,,71,30,321,,63,101,,84,,,,488,,,,,395,87,,,,,,,,96,246,,,55,50,,,,594,29,53,154,186
 U2152,105,80,295,25,97,164,47,,,,,,235,,,,,,,,,,,,,72,,63,,,108,35,,,99,55,,,,,,,,,,,47,214,,,,,,,,257,,,,158,92,,,,,27,27,381,
 U2160,10,15,22,8,26,28,8,22,40,112,51,43,41,72,73,38,66,110,91,94,79,68,49,40,49,13,159,9,40,15,38,13,21,24,33,15,35,28,344,39,94,100,73,102,138,52,14,31,50,38,49,27,167,44,138,66,34,34,109,77,24,91,39,82,154,11,8,19,43
 U2164,56,375,,31,52,,18,,,,,,103,,,,,,,,,,,,,63,,185,,,,66,,,178,42,,,,,,,,,,,,279,,,,,,,,,,,,,,,,,,36,22,,
 U2166,17,17,97,48,16,61,15,39,48,,,,39,,,135,,,,,,,,,,21,106,22,,,129,11,,45,62,23,,,,,,,,,,,24,59,56,,114,38,,102,,53,33,,,48,136,111,81,41,,5,7,47,44
 U2172,32,59,,20,47,,30,,,,,,123,,,,,,,,,,,,,79,,44,,,,49,,,,31,,,,,,,,,,,,121,,,,,,,,,,,,,,,,,,11,12,,
 U2175,117,66,62,51,180,69,172,,,,,,130,,,,,,,,,,,,,237,106,261,408,,68,111,540,,99,74,,55,,,,,,,,,51,77,,,,,,,,,248,,,208,84,,,,,25,15,170,148
 U2211,19,105,13,18,27,99,18,46,71,,107,185,37,77,84,157,,,66,,91,114,90,,204,24,120,31,53,215,31,23,40,74,62,31,212,50,146,284,128,166,,171,189,49,103,27,50,45,76,41,52,101,109,59,93,83,96,32,76,112,55,96,74,17,24,40,25
 U2226,41,46,,63,59,62,36,179,,,,,102,120,46,,,,,,,,,,,40,,76,27,,79,18,89,,41,24,,150,,,,,,,,96,29,40,73,,,122,,206,,91,,80,,169,91,,,,,11,25,14,
 U2227,16,25,167,23,65,29,28,169,,,,,38,,,,,,,,,,,,,28,51,14,74,,30,27,43,37,42,22,,53,,,,,,,,43,39,22,,,,69,,,,51,66,,,34,65,,,,,7,8,24,21
 U2233,52,187,215,51,121,59,188,82,179,,,,85,91,214,,,,,,,344,,,,72,125,66,54,,154,67,86,216,184,98,577,139,,,,,,,,80,50,87,84,,,112,,201,,158,191,179,,198,821,,,,,16,27,20,105
 U2234,120,70,,21,67,,28,,,,,,,,,,,,,,,,,,,51,,21,,,,51,,,,34,,,,,,,,,,,79,64,,,,,,,,,,,,,,,,,,20,13,259,
 U2235,45,,,21,92,,66,,,,,,,,,,,,,,,,,,,61,168,28,,,,79,,,,,,,,,,,,,,,,,,,,,,,,,,,,122,,,,,,21,33,254,
 U2239,87,114,,46,85,137,45,,,,,,,,,,,,,,,,,,,94,,185,,,,34,,,46,95,,,,,,,,,,,,36,,,,,,,,,,,,238,,,,,,24,14,56,
 U2249,92,254,,56,30,,31,,,,,,,,,,,,,,,,,,,15,,140,,,,82,,,,43,,,,,,,,,,,,109,,,,,,,,,,,,,,,,,,23,,,
 U2273,57,,,30,80,,35,,,,,,150,,,,,,,,,,,,,47,,47,,,,28,,,,,,,,,,,,,,,81,66,,,,,,,,,,,,,,,,,,8,27,,
 U2274,43,78,,69,,,,,,,,,,,,,,,,,,,,,,44,,166,,,,39,,,,,,,,,,,,,,,,36,,,,,,,,,,,,,,,,,,9,12,29,
 U2278,33,310,65,50,42,,19,,,,,,,,,,,,,,,,,,,28,,115,,,44,63,,,189,29,,,,,,,,,,,84,51,,,,,,,,,,,,,,,,,,83,10,,
 U2286,22,19,53,16,38,116,113,44,85,,,357,44,194,69,114,,,391,,,146,,,,47,,20,,,136,22,121,50,26,36,202,59,,,,,,,,69,33,44,119,276,135,62,,,,84,59,104,,87,23,156,346,103,,10,13,103,24
 U2287,33,153,138,18,36,70,28,,,,,,77,,,,,,,,,,,,,41,,26,,,41,35,,,40,34,,,,,,,,,,,241,35,,,,,,,,156,,,,,54,,,,,12,18,41,72
 U2290,15,26,66,19,16,,37,,,,,,67,,,,,,,,,,,,,38,,16,,,60,19,,,29,23,,,,,,,,,,,38,37,,,,,,,,,,,,,209,,,,,17,16,65,51
 U2322,70,33,,48,99,,108,,,,,,,,,,,,,,,,,,,42,,84,,,,151,,,124,35,,,,,,,,,,,73,179,,,,,,,,,,,,,,,,,,17,18,115,
 U2324,28,,,29,45,,29,,,,,,,,,,,,,,,,,,,33,,24,,,,67,,,,127,,,,,,,,,,,,59,,,,,,,,,,,,,,,,,,15,34,,
 U2326,150,165,210,57,54,95,166,,,,,,216,,,,,,,,,,,,,24,,152,,,310,90,,,372,337,,,,,,,,,,,168,290,,,,,,,,429,,,,262,612,,,,,16,23,160,43
 U2327,63,55,,53,42,,78,,,,,,90,,,,,,,,,,,,,20,,22,,,,50,,,144,51,,,,,,,,,,,80,66,,,,,,,,,,,,,,,,,,25,10,43,
 U2360,38,,,25,85,,170,,,,,,,,,,,,,,,,,,,31,,169,,,,72,,,,132,,,,,,,,,,,,45,,,,,,,,,,,,,,,,,,25,29,,
 U2401,64,63,38,36,72,,27,,,,,,,,,,,,,,,,,,,41,,138,,,,187,,,76,77,,,,,,,,,,,,109,,,,,,,,,,,,,,,,,,10,23,126,
 U2410,343,107,,66,68,,32,,,,,,,,,,,,,,,,,,,45,,144,,,,113,,,,40,,,,,,,,,,,,66,,,,,,,,,,,,,,,,,,18,12,,
 U2451,14,13,16,15,36,,27,,,,,,,,,,,,,,,,,,,22,,17,,,55,30,,,36,20,,,,,,,,,,,23,16,,,,,,,,,,,,19,,,,,,6,15,16,
 U2474,171,218,130,88,,,76,,,,,,,,,,,,,,,,,,,276,,139,,,,302,163,249,90,158,,124,,,,,,,,,152,75,296,,,,,153,,,,396,,,,,151,,,9,44,,50
 U2477,43,122,,28,61,,125,,,,,,64,,,,,,,,,,,,,129,,156,,,75,,,,95,28,,,,,,,,,,,74,50,,,,,,,,,,,,,,,,,,9,11,,
 U2539,40,30,74,20,41,77,50,,,,,,64,,,,,,,,,,,,,39,,52,,,88,36,,,34,28,,69,,,,,,,,,38,69,,,,,,,,,,,,119,164,,,,,6,8,274,249
 U2542,48,160,,83,111,,499,,,,,,577,,,,,,,,,,,,,312,,49,,,,58,,,82,,,,,,,,,,,,46,150,,,,,,,,,,,,,,,,,,8,51,416,
 U2562,38,,,34,248,,46,,,,,,,,,,,,,,,,,,,35,,42,,,,63,,,,45,,,,,,,,,,,,,,,,,,,,,,,,,,,,,,23,15,,
 U2565,168,,,162,30,,56,,,,,,212,,,,,,,,,,,,,132,,162,,,79,78,,,,,,,,,,,,,,,,192,,,,,,,,,,,,,,,,,,15,19,,
 U2569,99,159,,227,158,,37,,,,,,370,,93,,,,,,,,,,,112,,337,,,,133,,,,155,,,,,,,,,,,,109,,,,,,,,,,,,75,291,,,,,22,40,,
 U2570,62,188,491,42,72,103,35,108,298,,,,134,231,182,,,,,,,,,,,68,260,74,307,,37,42,236,130,232,48,116,72,,,,,,,,484,74,31,48,,160,72,,331,,82,199,112,,60,503,,474,,,8,11,187,183
 U2574,29,138,32,25,33,151,77,56,165,,,2037,273,171,1101,,,,,,,382,,,,56,41,26,26,118,291,47,932,147,100,126,382,76,,,,1028,,,,243,113,108,183,207,162,334,,467,,468,109,809,,143,331,,79,2275,,15,12,195,55
 U2582,60,77,,36,21,,,,,,,,,,,,,,,,,,,,,39,,,,,,49,,,,35,,,,,,,,,,,63,,,,,,,,,,,,,120,,,,,,25,21,,
 U2624,145,,,48,523,,67,,,,,,,,,,,,,,,,,,,183,,245,,,,53,,,,147,,,,,,,,,,,,,,,,,,,,,,,,,,,,,,24,20,,
 U2631,162,126,,45,34,,57,,,,,,,,50,,,,,,,,,,,,,48,,,,,,,108,34,,,,,,,,,,,,58,,,,,,,,,,,,,,,,,,7,10,,
 U2680,145,212,,40,45,,,,,,,,223,,,,,,,,,,,,,121,,48,,,,26,,,,79,,,,,,,,,,,,110,,,,,,,,,,,,,,,,,,,15,,
 U2691,21,62,166,19,25,47,20,50,65,,,,79,47,355,,,,,,,113,,,,26,44,13,20,,24,45,241,102,46,22,,76,,,,,,,,81,107,40,38,,391,36,,121,,67,50,76,,32,45,,,,,9,7,40,163
 U2717,43,261,,111,61,105,25,,,,,,233,,,,,,,,,,,,,251,44,31,76,,290,562,79,168,67,82,,144,,,,,,,,69,105,119,156,,,,,,,76,122,191,,149,95,,,,,8,15,579,182
 U2780,626,79,107,19,61,,79,110,,,,,,,,,,,,,,,,,,27,134,39,,68,24,43,,,103,115,165,89,,,,,,,,35,130,48,,,,,,,,,,,,255,,,,,,19,8,122,
 U2831,60,1234,115,78,113,200,247,167,252,,,,151,603,179,,,,,,,,,,,72,227,54,191,,,81,213,240,127,63,,417,,,,,,,,420,134,337,283,,,465,,,,290,93,280,,411,251,,,,,24,20,95,420
 U2901,61,110,27,58,69,240,84,109,116,,,377,144,114,100,299,426,,179,,344,211,744,,241,101,1255,32,287,826,52,27,1135,240,37,109,280,66,440,,147,406,,,,126,380,45,72,569,577,529,94,143,324,93,76,152,981,41,136,366,138,257,,16,22,644,383
 U2922,141,231,17,99,,200,,,,,,,,,,,,,,,,,,,,55,,,,,,89,,,,,,,,,,,,,,,43,59,,,,,,,,,,,,105,,,,,,8,27,78,
 U2953,48,98,363,29,32,113,86,127,180,560,267,198,75,146,121,214,181,836,408,588,323,311,182,1718,518,46,194,66,86,176,83,90,146,190,203,45,607,109,225,412,147,303,1983,294,255,300,159,82,259,62,166,75,409,143,643,86,230,127,327,44,254,79,132,385,371,9,13,279,143
 U2982,,133,,57,52,,22,,,,,,,,,,,,,,,,,,,134,,62,,,,45,,,,49,,,,,,,,,,,,,,,,,,,,,,,,,,,,,,28,15,,
 U2984,132,55,113,102,71,,270,,,,,,,,,,,,,,,,,,,,,39,,,,88,,,,162,,,,,,,,,,,265,58,,,,,,,,,,,,212,,,,,,12,11,171,
 U2985,100,69,,78,115,,158,,,,,,,,,,,,,,,,,,,66,,88,,,,23,,,,208,,,,,,,,,,,167,221,,,,,,,,,,,,,,,,,,23,53,,
 U2988,109,163,,72,46,,31,,,,,,,,,,,,,,,,,,,30,,42,,,,120,,,348,72,,,,,,,,,,,50,31,,,,,,,,,,,,,,,,,,17,9,,
 U2995,68,,,37,57,,245,,,,,,,,,,,,,,,,,,,80,,57,,,,24,,,,48,,,,,,,,,,,157,178,,,,,,,,,,,,,,,,,,12,26,,
 U3036,198,39,157,22,193,175,,1052,802,,,,236,131,149,,,,,,,,,,,143,93,122,155,,397,48,264,187,297,152,,,,,,,,,,952,164,44,897,749,338,561,,,,241,250,,,356,332,,,,,19,18,705,136
 U3039,33,152,,110,246,172,31,,,,,,,,,,,,,,,,,,,145,,267,,,,113,,,61,95,,,,,,,,,,,283,84,,,,,,,,,,,,59,,,,,,14,22,702,
 U3041,47,67,,27,63,,15,,,,,,53,,,,,,,,,,,,,31,,,,,,77,,,,70,,,,,,,,,,,,88,,,,,,,,,,,,,,,,,,25,14,,
 U3045,67,,,82,50,129,189,,,,,,180,,,,,,,,,,,,,79,,122,,,,94,,,,,,,,,,,,,,,,133,,,,,,,,,,,,,,,,,,4,49,62,
 U3046,42,93,28,30,93,,48,,,,,,,,,,,,,,,,,,,36,,22,,,,37,,,100,36,,,,,,,,,,,77,43,,,,,,,,,,,,,,,,,,9,27,70,
 U3057,74,,,100,204,,96,,,,,,,,,,,,,,,,,,,30,,325,,,,77,,,,,,,,,,,,,,,81,191,,,,,,,,,,,,,,,,,,13,15,,
 U3058,84,89,,34,103,,80,,,,,,,,,,,,,,,,,,,17,,106,,,,150,,,44,29,,,,,,,,,,,,156,,,,,,,,,,,,46,109,,,,,31,11,40,85
 U3064,28,91,,18,128,,,,,,,,105,,,,,,,,,,,,,21,,95,,,,33,,,94,56,,,,,,,,,,,,,,,,,,,,,,,,67,,,,,,11,14,52,
 U3065,195,,,107,46,,68,,,,,,,,,,,,,,,,,,,22,,,,,,163,,,,95,,,,,,,,,,,,68,,,,,,,,,,,,,,,,,,27,17,,
 U3067,40,81,,133,208,,93,,,,,,,,,,,,,,,,,,,29,,338,,,,148,,,343,54,,,,,,,,,,,123,31,,,,,,,,,,,,,,,,,,27,40,57,
 U3070,42,22,,15,27,,39,,,,,,63,,,,,,,,,,,,,46,,17,,,,47,,,146,35,,,,,,,,,,,40,30,,,,,,,,,,,,25,,,,,,6,9,,
 U3096,99,140,,43,119,,115,,,,,,,,,,,,,,,,,,,258,,30,,,,68,,,,73,,,,,,,,,,,,103,,,,,,,,,,,,,,,,,,32,17,,
 U3107,860,1211,1216,273,157,1079,493,1834,1005,,,,1657,1224,680,,,,,,,,,,,725,483,373,1352,1730,727,638,2606,721,321,1349,,1654,,,,,,,,3505,518,108,2060,696,1320,271,,1881,,516,346,1947,,299,1205,,2154,,,67,115,710,2553
 U3110,63,270,,173,58,,,,,,,,86,,,,,,,,,,,,,89,,262,,,,308,,,,188,,,,,,,,,,,56,,,,,,,,,,,,,95,,,,,,17,21,,47
 U3111,29,101,29,14,69,170,51,83,96,,772,71,192,92,160,246,93,,171,,100,150,295,,233,21,128,15,117,18,305,39,61,336,63,24,208,35,121,542,307,91,40,193,,64,139,39,164,44,135,65,176,109,307,64,240,47,145,33,28,290,415,188,135,14,8,71,122
 U3114,45,74,390,18,180,,153,,,,,,,,,,,,,,,,,,,28,,19,,,,159,,,105,81,,,,,,,,,,,80,49,,,,,,,,,,,,84,,,,,,8,10,74,
 U3134,98,61,,43,64,,124,,,,,,,,,,,,,,,,,,,53,,56,,,,96,,,80,85,,,,,,,,,,,,,,,,,,,,,,,,,,,,,,10,52,,
 U3137,29,111,,49,151,74,81,241,238,,,,149,,,,,,,,,,,,,27,,117,,,100,43,115,,,69,,198,,,,,,,,71,107,86,,,,,,,,84,114,212,,48,92,,,,,7,38,,129
 U3142,,55,,14,37,,28,,,,,,43,,113,,,,98,,,,,,,29,,29,,,,,,,28,39,,,,,,,,,,,,29,,,,,,70,,,,61,,,43,,,,,6,9,,
 U3151,193,450,61,38,144,128,374,393,,,,,164,,,,,,,,,,,,,92,,36,128,,108,83,58,,224,71,,824,,,,,,,,,114,41,,,,,,,,154,84,181,,137,298,,,,,251,20,167,176
 U3159,70,45,21,34,123,48,360,107,489,,,,50,,91,,,,,,,,,,,31,37,29,143,,38,66,,,91,120,,67,,,,,,,,,94,30,,,,,,,,,,94,,206,75,,,,,17,25,83,236
 U3181,57,63,176,36,93,,45,,,,,,60,,,,,,,,,,,,,41,,48,,,,184,,,226,41,,,,,,,,,,,144,63,,,,,,,,,,,,,,,,,,10,21,,
 U3200,27,55,,57,53,,,,,,,,,,,,,,,,,,,,,56,,,,,,45,,,68,215,,,,,,,,,,,213,38,,,,,,,,,,,,,110,,,,,17,16,,
 U3206,36,52,120,93,68,,58,,,,,,90,,,,,,,,,,,,,53,,17,,,106,76,,,,66,,,,,,,,,,,69,29,,,,,,,,,,,,43,,,,,,19,29,32,223
 U3207,183,157,285,66,67,65,49,,,,,,176,,,,,,,,,,,,,63,64,114,87,,283,81,267,279,64,51,,333,,,,,,,,198,101,42,,,,,,,,212,73,,,91,139,,,,,,72,94,60
 U3235,33,37,,20,16,101,24,,,,,,79,153,,,,,,,,,,,,30,130,57,,,159,41,85,41,55,54,,,,,,,,,,,47,65,,,,,,,,127,27,,,62,141,,,,,12,10,35,53
 U3242,59,53,45,24,49,172,32,296,124,,,,68,64,121,,,,,,,,,,,40,58,40,146,,49,45,565,126,92,68,178,125,,,,,,,,233,339,56,71,,93,4451,,168,,162,40,85,,109,66,,219,,,22,11,126,176
 U3243,137,43,132,112,271,459,146,316,221,,735,493,92,175,158,250,193,,296,,342,404,469,,332,124,110,209,399,1181,245,81,1070,204,59,311,443,197,430,,2562,546,,,,257,164,209,101,509,1131,773,557,1382,,227,310,205,1340,189,191,169,178,175,,24,27,337,28
 U3283,45,80,44,30,60,,35,,,,,,83,,,,,,,,,,,,,122,,73,,,93,40,,,59,66,,,,,,,,,,,88,123,,,,,,,,,,,,48,32,,,,,26,29,34,119
 U3284,21,27,43,24,29,,24,,,,,,,,,,,,,,,,,,,47,,57,,,,87,,,31,22,,,,,,,,,,,40,23,,,,,,,,,,,,,,,,,,10,21,21,
 U3305,75,,,31,48,,46,,,,,,,,,,,,,,,,,,,98,,40,,,,37,,,,71,,,,,,,,,,,,,,,,,,,,,,,,,,,,,,87,13,,
 U3331,31,222,36,56,53,,37,,,,,,123,,297,,,,,,,,,,,49,,27,187,,51,41,,77,29,70,,63,,,,,,,,,217,55,,,,,,,,138,74,1859,,96,350,,,,,13,17,194,185
 U3336,39,47,390,35,124,278,91,113,137,,,246,121,113,849,120,,778,,,355,276,,,,93,86,33,2223,790,100,67,406,714,43,71,300,1166,,,,297,,,,1279,76,73,635,,327,220,341,363,1003,290,1787,112,223,240,70,298,161,,,15,22,99,77
 U3347,29,40,,36,49,,29,,,,,,,,,,,,,,,,,,,40,,46,,,,56,,,131,132,,,,,,,,,,,118,31,,,,,,,,,,,,,,,,,,15,16,,
 U3367,54,65,,40,70,,86,,,,,,,,,,,,,,,,,,,98,,116,,,,60,,,63,87,,,,,,,,,,,,80,,,,,,,,,,,,,,,,,,28,23,,
 U3374,136,131,,35,136,105,50,,,,,,107,,,,,,,,,,,,,56,,74,,,,60,,,,104,,,,,,,,,,,,107,,,,,,,,,,,,,,,,,,15,24,72,
 U3377,64,110,,37,,116,,,228,,,,109,163,157,,,1249,394,,,462,,,,,,,,,,105,,,50,,,,,,,,,,,106,,42,,,114,,,268,294,110,,153,224,,,,145,,,16,15,,
 U3383,507,297,,83,320,,161,,,,,,,,,,,,,,,,,,,284,,135,,,585,304,,,231,219,,,,,,,,,,,59,340,,,,,,,,,,,,,,,,,,41,121,,
 U3391,,101,,108,128,,,,,,,,,,,,,,,,,,,,,139,,54,,,,29,,,,128,,,,,,,,,,,,70,,,,,,,,,,,,,,,,,,26,14,,
 U3396,26,106,150,35,42,133,29,,,,,,78,,88,,,,387,,,,,,,49,112,23,368,,101,19,,,76,139,,,,,,,,,,,43,47,,,,,,190,,,189,64,,160,59,,,,,22,38,94,176
 U3411,43,,,163,41,,33,,,,,,,,,,,,,,,,,,,184,,205,,,,112,,,,120,,,,,,,,,,,105,42,,91,,,,,,,,,,,,,,,,20,21,,
 U3412,144,212,,89,50,,128,,,,,,,,,,,,,,,,,,,22,,123,,,,106,,,139,78,,,,,,,,,,,65,128,,,,,,,,,,,,,,,,,,153,26,29,
 U3416,104,251,121,149,100,,107,,,,,,191,,,,,,,,,,,,,74,,,,,70,62,,,,32,,,,,,,,,,,86,37,,,,,,,,,,,,221,78,,,,,64,16,13,
 U3420,335,209,187,89,60,,247,,,,,,,,,,,,,,,,,,,319,,109,,,552,105,,,82,91,,,,,,,,,,,100,89,,,,,,,,,,,,122,,,,,,85,59,49,
 U3437,57,,22,32,63,122,12,159,,,,,93,,,,,,,,,,,,,41,,57,,,74,22,,,118,59,,137,,,,,,,,,30,58,,,,,,,,88,160,,,348,85,,,,,23,10,26,119
 U3438,248,276,102,64,127,225,330,2107,1991,,,2160,247,265,335,338,605,,710,,,174,,,134,90,176,46,188,22,88,69,449,257,258,3935,958,255,6232,,,2754,,,,351,625,87,132,201,763,162,622,312,,85,478,142,313,114,86,243,847,482,,11,29,109,102
 U3441,356,547,,110,30,,788,,,,,,354,,,,,,,,,,,,,186,,158,,,,112,,,208,89,,,,,,,,,,,,112,,,,,,,,,,,,,,,,,,20,40,,
 U3445,138,92,,119,,172,95,,,,,,211,,,,,,,,,,,,,78,,131,,,102,460,,,,59,,,,,,,,,,,218,37,,,,,,,,,,,,263,,,,,,19,31,46,
 U3448,457,88,384,94,189,,206,,,,,,,,,,,,,,,,,,,100,,43,54,,,150,,,255,121,,,,,,,,,,,68,43,,,,,,,,,,,,161,,,,,,61,67,51,
 U3457,,73,,13,40,,100,,,,,,135,,,,,,,,,,,,,30,,100,,,114,66,,,40,90,,,,,,,,,,,122,76,,,,,,,,151,,,,,,,,,,4,8,,
 U3468,65,,,109,80,,171,,,,,,,,,,,,,,,,,,,104,,189,,,,74,,,,66,,,,,,,,,,,,189,,,,,,,,,,,,,,,,,,25,59,,
 U3477,,,,69,40,,31,,,,,,,,,,,,,,,,,,,43,,175,,,,169,,,119,,,,,,,,,,,,117,50,,,,,,,,,,,,,,,,,,18,34,,
 U3488,270,770,,545,380,,125,,1812,,,,198,,,,,,1234,,,,,,,266,,631,,,,122,,,156,455,,1057,,,,,,5517,,,145,,,,,,,712,10152,,,,,391,,,,,,66,79,1572,
 U3492,157,,84,238,77,,117,,,,,,,,,,,,,,,,,,,36,,430,,,,189,,,,220,,,,,,,,,,,,95,,,,,,,,,,,,,,,,,,34,153,,
 U3509,116,,,110,94,,329,,,,,,,,,,,,,,,,,,,132,,108,,,,54,,,,71,,,,,,,,,,,,,,,,,,,,,343,214,,,,245,,,,35,37,,
 U3526,,,45,86,45,,44,,,,,,196,,,,,,,,,,,,,,,71,,,,,,,49,,,,,,,,,,,,,55,,,,,,,,,,,,,,,,,,54,62,,
 U3558,189,,113,69,,,,,,,,,,,797,,,,,,,,,,,,,106,,,,88,125,,,,,,,,,,,,,,,107,,,,,,,,115,,,,,,,,,,23,15,209,285
 U3568,,,477,193,,,,,,,,,,,,,,,,,,,,,,143,,206,,,,37,81,,,,,,,,,,,,,,,,,,,,,,,,,,,,,,,,,35,86,128,155
 U3569,86,39,63,46,89,,20,,,,,,58,,,,,,,,,,,,,25,,84,,,225,55,72,,,21,,,,,,,,,,,154,25,,,,,,,,,,,,66,130,,,,,5,14,70,169
 U3584,17,38,19,13,19,39,21,,,,,,46,,,,,,,,,,,,,31,,24,,,50,39,,,69,19,,,,,,,,,,,,19,,,,,,,,,,,,63,,,,,,12,16,29,61
 U3647,132,,,58,36,,,,,,,,140,,,,,,,,,,,,,29,64,133,,,45,43,,,,,,,,,,,,,,,116,64,,,,,,,,,,,,,,,,,,11,32,,
 U3655,212,274,,36,193,332,87,,,,,,,,,,,,595,,,,,,,23,,117,,,,80,,,417,,,226,,,,,,,,,84,47,457,,,,,363,,1877,,173,,448,322,,,,,,88,93,
 U3778,230,121,,48,69,,35,,,,,,,,,,,,,,,,,,,84,,53,,,,54,,,74,39,,,,,,,,,,,526,87,,,,,,,,,,,,77,,,,,,9,25,,
 U3807,135,76,,23,95,377,92,,,,,,65,,,,,,,,,,,,,18,,29,,,45,76,,,169,37,,,,,,,,,,,31,76,,,,,,,,,,,,95,75,,,,,5,20,119,27
 U3846,22,41,147,39,32,,47,,,,,,,,,,,,,,,,,,,25,,30,,,155,59,,,95,32,,,,,,,,,,,39,34,,,,,,,,,,,,70,68,,,,,,13,79,40
 U3858,67,109,301,45,82,64,32,197,158,,,335,131,222,68,,,,,,,,,,,31,160,27,563,67,83,101,185,73,38,26,224,120,,,,,,,,154,94,27,66,102,109,114,,177,,97,339,125,,54,71,219,114,267,,12,12,165,213
 U3860,154,,,68,73,,,,,,,,,,,,,,,,,,,,,79,,139,,,,170,,,,92,,,,,,,,,,,72,40,,,,,,,,,,,,,,,,,,16,27,,
 U3884,88,133,,26,52,,88,,,,,,63,,,,,,,,,,,,,49,,80,,,,28,,,54,71,,,,,,,,,,,44,109,,,,,,,,,,,,,,,,,,7,12,,
 U3890,39,,,113,83,,117,,,,,,,,,,,,,,,,,,,191,,76,,,,42,,,82,287,,,,,,,,,,,,67,,,,,,,,,,,,,,,,,,,25,,
 U3937,38,77,,52,65,,34,,,,,,,,,,,,,,,,,,,17,,55,,,,43,,,210,48,,,,,,,,,,,,68,,,,,,,,,,,,,,,,,,11,10,,
 U3947,32,53,,46,,,,,,,,,,,,,,,,,,,,,,34,,214,,,,59,,,63,99,,,,,,,,,,,,,,,,,,,,105,,,,,,,,,,51,9,,
 U3954,58,651,329,158,117,,63,,,,,,,,,,,,,,,,,,,81,,334,,,,86,,,189,84,,,,,,,,,,,259,51,,,,,,,,,,,,,,,,,,88,110,998,303
 U3962,171,95,,81,37,,88,,,,,,,,,,,,,,,,,,,26,,97,,,,81,,,91,64,,,,,,,,,,,,68,,,,,,,,,,,,,,,,,,36,16,80,
 U4004,61,,49,20,36,,31,,,,,,,,,,,,,,,,,,,31,,44,,,,39,,,,32,,,,,,,,,,,50,36,,,,,,,,,,,,,,,,,,11,26,,
 U4013,138,66,,42,46,,46,,,,,,140,,,,,,,,,,,,,63,,123,,,,152,,,,58,,,,,,,,,,,50,159,,,,,,,,,,,,,,,,,,15,50,,
 U4035,42,99,40,48,110,,95,,,,,,88,,,,,,,,,,,,,63,74,81,282,,111,56,1038,,155,81,,195,,,,,,,,118,150,92,,,,,,,,,326,,,139,96,,,,,21,85,105,42
 U4038,128,,,126,104,,226,,,,,,,,,,,,,,,,,,,82,,337,,,,432,,,,118,,,,,,,,,,,,,,,,,,,,,,,,,,,,,,23,90,,
 U4042,,101,,32,48,,16,,,,,,,,,,,,,,,,,,,35,,35,,,,32,,,,48,,,,,,,,,,,,50,,,,,,,,,,,,,,,,,,6,31,,
 U4046,59,316,,24,23,79,89,,,,,,156,,,,,,,,,,,,,70,,154,,,,23,,,90,54,,,,,,,,,,,91,48,,,,,,,,92,,127,,92,,,,,,26,21,239,57
 U4071,84,89,,28,51,112,53,,,,,,110,,,,,,,,,,,,,22,,214,,,,45,,,107,67,,,,,,,,,,,142,27,,,,,,,,,,,,126,,,,,,15,18,444,57
 U4082,26,156,,54,41,,,,,,,,,,,,,,,,,,,,,139,,82,,,,63,,,208,28,,,,,,,,,,,,50,,,,,,,,,,,,,,,,,,19,30,,
 U4098,23,76,,58,106,,106,,,,,,,,,,,,,,,,,,,97,,81,,,,42,,,,55,,,,,,,,,,,,53,,,,,,,,,,,,,,,,,,17,11,,
 U4182,,,,,46,,,,,,,,66,,,,,,,,,,,,,88,54,,,,37,30,,,105,,,200,,,,,,,,,77,,,,,,,,,,,,,,,,,,,21,16,78,
 U4200,39,254,314,31,62,249,45,,,,,,150,,,,,,,,,,,,,57,,72,,,117,48,,,65,142,,,,,,,,,,,87,350,,,,,,,,,,,,256,,,,,,8,17,238,
 U4291,91,,,111,105,,153,,,,,,,,,,,,,,,,,,,251,,87,,,,25,,,,348,,,,,,,,,,,217,260,,,,,,,,,,,,,,,,,,28,104,,
 U4293,,,,125,262,,504,,,,,,,,,,,,,,,,,,,39,,107,,,,78,,,,40,,,,,,,,,,,117,66,,,,,,,,,,,,,,,,,,21,100,,
 U4296,43,143,532,45,65,89,296,58,,,,,108,,,,,,,,,,,,,33,142,36,260,,78,83,78,97,166,26,,105,,,,,,,,,45,199,,,,92,,,,96,77,,,75,60,,,,,,15,69,29
 U4315,65,75,,129,35,66,68,,,,,,182,,,,,,,,,,,,,108,,163,,,,66,,,188,82,,,,,,,,,,,91,90,,,,,,,,,,,,42,,,,,,9,17,116,94
 U4325,,28,,30,92,,,,,,,,,,,,,,,,,,,,,95,,65,,,,106,,,128,58,,,,,,,,,,,40,89,,,,,,,,,,,,127,,,,,,35,,,
 U4340,,67,,,,91,878,,174,,,,,,,1048,,593,1001,,,,,,,,,33,,502,,78,,,,,,,,,,,718,,,,,69,,,,,,653,534,,,,,,,,,,,11,19,,
 U4366,21,,,23,61,,15,,,,,,,,,,,,,,,,,,,48,,30,,,,97,,,,57,,,,,,,,,,,,76,,,,,,,,,,,,,,,,,,14,24,,
 U4367,68,231,118,88,72,64,339,,,,,,111,,,,,,,,,,,,,287,,133,,,,31,,,82,,,,,,,,,,,,194,217,,,,,,,,207,,,,81,93,,,,,16,24,358,78
 U4368,29,40,21,50,26,81,53,59,121,,,121,73,153,264,63,,,,,,185,,,882,45,92,25,26,250,75,19,53,50,54,26,150,81,,,,,,,,140,32,21,121,120,115,40,144,298,,100,26,112,301,33,35,91,295,149,,17,13,130,78
 U4376,19,65,109,20,31,113,18,90,,,,,133,,,,,,,,,,,,,58,29,91,107,,43,21,,,32,23,,89,,,,,,,,,27,52,,,,,,,,126,88,,,108,108,,,,,8,9,101,64
 U4398,93,93,80,59,115,205,293,,,,,,140,,,,,,,,,,,,,125,,78,93,,105,81,,,93,80,,,,,,,,,,,235,261,,,,,,,,,,,,175,,,,,,22,88,164,
 U4428,88,,,20,17,114,83,,,,,,38,,,,,,,,,,,,,19,,24,,,50,24,,,60,55,,61,,,,,,,,,25,26,,,,,,,,,76,,,,70,,,,,12,10,,
 U4432,29,55,,51,29,,43,,,,,,137,,,,,,,,,,,,,53,,58,,,,32,,,44,44,,,,,,,,,,,,43,,,,,,,,,,,,,,,,,,12,12,,
 U4456,35,136,168,49,42,247,32,343,139,,,,175,212,347,,,,,,,,,,,58,191,34,122,649,179,34,153,151,118,61,315,148,,,,,,,,76,115,136,100,137,256,112,,276,,262,143,417,,74,360,,,,,7,18,75,87
 U4459,19,71,98,22,33,172,97,214,,,,,215,,,,,,,,,,,,,55,,134,95,,62,33,,,36,30,,60,,,,,,,,,30,60,,,,,,,,,121,,,26,,,,,,,12,221,58
 U4460,56,88,62,52,27,,125,,,,,,266,,,,,,,,,,,,,97,,109,,,,71,,,70,66,,,,,,,,,,,54,31,,,,,,,,,,,,144,,,,,,18,21,,
 U4533,22,65,,24,24,,43,,,,,,,,,,,,,,,,,,,40,,72,,,,44,,,,56,,,,,,,,,,,,,,,,,,,,,,,,,,,,,,5,11,,
 U4553,106,88,,24,34,,94,,,,,,,,,,,,,,,,,,,68,,85,,,,86,,,140,92,,,,,,,,,,,105,111,,,,,,,,,,,,,,,,,,22,20,,
 U4581,92,37,169,52,48,80,22,101,,,,,99,,,,,,,,,,,,,130,,62,,,342,32,,,84,58,,102,,,,,,,,,67,53,,,,,,,,100,279,,,104,72,,,,,16,11,76,147
 U4622,18,92,53,38,67,40,20,,194,,,,75,,103,,,,,,,471,,,,46,,35,,,50,53,,,74,54,,74,,,,,,,,,87,39,,,,,,466,,182,,,,123,93,,,,,14,8,163,80
 U4697,55,42,,20,92,,22,,,,,,62,,,,,,,,,,,,,38,,29,,,,18,,,124,68,,,,,,,,,,,61,55,,,,,,,,,,,,,,,,,,12,8,,
 U4705,32,118,40,18,69,,78,,,,,,,,,,,,,,,,,,,23,,187,,,,45,,,,49,,,,,,,,,,,32,66,,,,,,,,,,,,,,,,,,,56,,
 U4739,66,37,,26,22,,121,,,,,,119,,,,,,,,,,,,,36,,35,,,37,25,,,,,,95,,,,,,,,239,,30,,,,,,,,,118,73,,62,105,,,,,5,16,19,152
 U4744,85,57,,22,47,,56,,,,,,,,,,,,,,,,,,,39,,19,,,,35,,,98,27,,,,,,,,,,,,21,,,,,,,,,,,,,,,,,,7,11,,
 U4768,72,73,,28,71,,37,,,,,,331,,,,,,,,,,,,,98,,38,,,,75,,,194,101,,,,,,,,,,,45,79,,,,,,,,,,,,495,,,,,,15,16,93,145
 U4783,29,60,58,44,72,70,46,,,,,,125,,,,,,,,,,,,,43,150,91,,,540,28,,,42,48,,160,,,,,,,,,128,19,,,,,,,,,,,,292,201,,,,,,12,82,47
 U4847,45,103,,40,,,129,,,,,,,,,,,,,,,,,,,23,,25,,,,40,,,,82,,,,,,,,,,,,72,,,,,,,,,,,,,,,,,,,11,,
 U4852,,,,57,94,,26,,,,,,161,,,,,,,,,,,,,27,,63,,,,75,,,123,154,,,,,,,,,,,41,51,,,,,,,,,,,,,,,,,,,17,,
 U4933,56,122,,32,36,,354,,,,,,,,,,,,,,,,,,,94,,43,,,,19,,,53,117,,,,,,,,,,,,57,,,,,,,,,,,,,,,,,,,13,,
 U4940,52,100,49,56,131,,78,,,,,,,,,,,,,,,,,,,122,,188,,,80,38,,,112,154,,,,,,,,,,,,52,,,,,,,,,,,,,,,,,,,32,25,
 U4941,163,,,42,75,,147,,,,,,,,,,,,,,,,,,,27,,32,,,57,52,,,105,45,,,,,,,,,,,146,37,,,,,,,,,,,,,,,,,,,11,,
 U4943,109,,,128,150,,52,,,,,,,,,,,,,,,,,,,,,169,,,,160,,,,124,,,,,,,,,,,,34,,,,,,,,,,,,,,,,,,,16,52,
 U4944,55,131,267,51,97,,45,,,,,,,,,,,,,,,,,,,40,,82,,,,113,,,113,62,,,,,,,,,,,215,103,,,,,,,,,,,,,,,,,,,11,309,
 U5010,27,,,,58,,39,,,,,,,,,,,,,,,,,,,,,93,,,368,190,,,,23,,,,,,,,,,,,,,,,,,,,,,,,,166,,,,,30,,,291
 U5030,68,,,21,57,,111,,,,,,,,,,,,,,,,,,,93,,148,,,,46,,,,59,,,,,,,,,,,,54,,,,,,,,,,,,,,,,,,,14,,
 U5034,26,128,,28,57,,,,63,,,,72,,,,,,,,,,,,,82,240,44,,,,27,,,418,52,,,,,,,,,,,344,46,,,,,,222,,,,,,,,,,,,,,,
 U5060,118,,26,333,53,,246,,,,,,,,,,,,,,,,,,,104,,,,,,118,,,293,86,,,,,,,,,,,57,65,,,,,,,,,,,,,,,,,,,77,,
 U5127,,,,97,79,,149,,,,,,,,,,,,,,,,,,,104,,65,,,,63,,,161,36,,,,,,,,,,,,25,,,,,,,,,,,,,,,,,,,17,,
 U5180,40,136,113,27,97,63,28,,,,,,76,,,,,,,,,,,,,53,,23,,,166,22,,,47,118,,90,,,,,,,,,41,95,,,,,,,,144,,,,142,30,,,,,,22,26,137
 U5187,137,,,49,41,,150,,,,,,,,,,,,,,,,,,,126,,102,,,,29,,,,112,,,,,,,,,,,,174,,,,,,,,,,,,,,,,,,,11,,
 U5203,21,29,136,29,30,39,45,72,62,369,147,83,98,55,205,183,168,323,101,122,196,128,118,756,412,17,116,49,380,358,141,42,135,69,42,18,97,47,159,127,205,334,102,122,236,210,25,111,68,456,144,46,242,205,153,135,83,59,260,28,61,534,266,179,197,,9,100,53
 U5300,40,106,37,28,37,113,60,129,82,,171,160,84,74,428,233,,,198,,359,214,380,,450,43,418,45,162,,653,28,55,104,296,307,,47,,,,293,,,,189,78,130,57,380,239,242,219,,190,106,168,156,,309,70,,168,214,,,39,110,76
 U5301,231,169,112,38,131,124,73,724,157,,,,138,232,211,,,,,,,,,,,79,48,85,421,1174,258,30,57,140,34,41,,54,,,,,,,,299,265,87,312,125,1112,174,,290,,200,294,284,,40,685,,335,,,,15,50,503
 U5308,38,80,47,33,32,46,15,86,73,,,134,43,65,103,167,,,,,99,,,,176,22,82,19,99,85,30,23,209,120,57,28,81,85,,,,101,,,,134,58,28,142,,103,69,,106,239,60,51,98,117,26,44,,91,109,123,,26,32,51
 U5322,106,,97,152,101,,20,,,,,,131,,,,,,,,,,,,,102,,70,,,,18,,,115,78,,,,,,,,,,,127,91,,,,,,,,,,,,,,,,,,,33,,
 U5397,120,,,125,100,,202,,,,,,,,,,,,,,,,,,,28,,138,,,,91,,,164,325,,,,,,,,,,,51,64,,,,,,,,,,,,,,,,,,,18,,
 U5402,67,184,109,51,95,118,251,,,,,,118,,,,,,,,,,,,,2041,,81,,,77,81,,,77,146,,,,,,,,,,,,195,,,,,,,,,,,,234,,,,,,,19,48,141
 U5422,106,,,38,103,,,,,,,,,,,,,,,,,,,,,76,,54,,,,72,,,117,111,,,,,,,,,,,63,45,,,,,,,,,,,,,,,,,,,34,,
 U5426,141,189,58,54,44,369,60,,,,,,152,,,,,,,,,,,,,32,352,72,180,,182,124,82,,63,62,,199,,,,,,,,,70,96,,,,,,,,,,,,81,144,,,,,,40,174,272
 U5443,61,74,42,20,39,285,104,155,203,506,936,170,150,725,309,191,228,254,282,2271,370,571,480,264,227,22,126,204,791,698,130,175,55,106,185,18,146,204,1249,85,318,432,2123,1337,974,313,198,31,121,977,241,111,211,143,740,376,91,55,257,402,454,2040,349,872,1397,,30,628,347
 U5446,44,,,41,108,,29,,,,,,77,,,,,,,,,,,,,70,,33,,,76,31,,,137,155,,,,,,,,,,,77,128,,,,,,,,,,,,124,,,,,,,15,,
 U5447,61,60,47,37,117,131,203,,,,,,89,,,,,,,,,,,,,26,,37,,,51,65,,,277,82,,,,,,,,,,,25,42,,,,,,,,,,,,64,,,,,,,26,16,21
 U5449,15,36,,13,25,,28,,,,,,,,,,,,,,,,,,,21,,23,,,,17,,,20,25,,,,,,,,,,,317,21,,,,,,,,,,,,44,,,,,,,9,,
 U5452,102,130,,28,70,,87,,,,,,101,,,,,,,,,,,,,32,,,,,,26,,,76,113,,,,,,,,,,,131,46,,,,,,,,,,,,,,,,,,,13,,
 U5465,24,107,,24,47,69,25,74,350,,,,186,57,86,,,,519,,,467,,,,27,,24,,,50,25,,,221,112,,41,,,,,,,,,187,47,,,161,,,220,,81,,141,,46,,,,,,,30,78,
 U5468,221,,,56,165,,121,,,,,,,,,,,,,,,,,,,204,,76,,,,46,,,,59,,,,,,,,,,,,93,,,,,,,,,,,,,,,,,,,92,,
 U5494,33,113,,32,42,70,32,,,,,,77,,,,,,,,,,,,,100,,33,,,123,50,,,36,52,,,,,,,,,,,41,,,,,,,,,,,,,82,,,,,,,12,101,
 U5537,56,49,35,22,41,55,39,,89,92,191,117,60,90,80,312,119,180,,,,203,,,,18,,54,,,142,39,81,95,56,39,71,93,194,,226,,,328,79,131,53,39,179,,167,55,177,129,245,44,52,116,,47,302,124,,197,266,,11,56,72
 U5613,66,164,,18,35,,,,,,,,219,,,,,,,,,,,,,54,,,,,,,,,,,,,,,,,,,,,36,,,,,,,352,,,,359,,,,,,,,,21,,
 U5639,217,293,311,40,137,,151,,,,,,,,,,,,,,,,,,,92,,105,,,,29,,,350,109,,,,,,,,,,,73,108,,,,,,,,,,,,,,,,,,,23,34,
 U5642,53,42,20,26,19,,46,,,,,,203,,,,,,,,,,,,,35,,23,,,52,129,,,202,33,,,,,,,,,,,215,24,,,,,,,,,,,,217,118,,,,,51,23,147,182
 U5723,67,39,,29,59,,45,,,,,,,,,,,,,,,,,,,24,,32,,,,45,,,28,42,,,,,,,,,,,124,68,,,,,,,,,,,,,,,,,,,12,,
 U5725,32,,,66,125,,77,,,,,,,,,,,,,,,,,,,75,,112,,,,206,,,,65,,,,,,,,,,,,71,,,,,,,,,,,,,,,,,,,24,,
 U5775,41,,,21,53,,98,,,,,,,,,,,,,,,,,,,35,,50,,,,34,,,,,,,,,,,,,,,116,141,,,,,,,,,,,,,,,,,,,31,,
 U5791,102,,,21,30,,61,,,,,,,,,,,,,,,,,,,26,,67,,,,34,,,,53,,,,,,,,,,,,54,,,,,,,,,,,,,,,,,,,11,,
 U5859,109,90,,36,104,,114,,,,,,,,,,,,,,,,,,,229,,36,,,,50,,,,39,,,,,,,,,,,,61,,,,,,,,,,,,,,,,,,,45,,
 U5865,90,563,94,63,58,96,124,536,336,,704,866,111,205,417,211,118,,390,,284,284,417,,175,179,75,275,158,33,327,86,158,133,138,84,228,289,156,1033,219,313,,,776,151,106,47,212,167,476,227,629,160,562,265,196,298,750,77,177,221,187,455,1136,,18,159,81
 U5871,315,152,296,54,51,,187,132,,,,,257,,,,,,,,,,,,,63,,34,,,336,127,,103,,168,,104,,,,,,,,,138,89,,,,296,,,,,,252,,441,93,,,,,24,12,32,70
 U5881,131,133,,73,67,,74,,,,,,,,,,,,,,,,,,,24,,59,,,,60,,,321,60,,,,,,,,,,,71,48,,,,,,,,,,,,,,,,,,,35,103,
 U5882,60,,,23,47,,26,,,,,,,,,,,,,,,,,,,249,,31,,,,145,,,,110,,,,,,,,,,,,23,,,,,,,,,,,,,,,,,,,30,,
 U5883,99,118,39,26,67,79,64,85,59,,,139,128,148,207,76,,,,,,80,,,,84,145,21,198,,91,21,54,129,30,58,229,163,,,,,,,,53,32,36,107,275,94,339,,115,,77,67,132,,41,39,,164,,,,35,205,101
 U5946,125,61,288,52,114,269,119,221,449,,,,146,382,242,,,,,,,,,,,88,536,101,398,,197,45,588,173,133,161,,214,,,,,,,,253,326,136,391,,,159,,,,129,351,383,,134,818,,,,,,40,210,315
 U5951,36,,,54,48,,40,,,,,,,,,,,,,,,,,,,20,,28,,,,46,,,,117,,,,,,,,,,,,132,,,,,,,,,,,,,,,,,,,13,,
 U6008,83,185,310,19,285,131,163,,,,,,77,,,,,,,,,,,,,191,111,47,,,39,39,,,1230,154,,385,,,,,,,,,37,152,,,,,,,,,,,,94,440,,,,,,9,60,145
 U6066,42,1790,35,15,26,106,23,1165,,,,,53,,,,,,,,,,,,,16,,17,,,145,52,,,18,35,,46,,,,,,,,,33,,,,,,,,,56,,,,32,21,,,,,,13,48,47
 U6067,87,176,,47,95,,38,,,,,,81,,,,,,,,,,,,,105,,92,,,,46,,,226,,,,,,,,,,,,150,180,,,,,,,,,,,,,,,,,,,21,,
 U6168,94,,,25,156,,21,,,,,,,,,,,,,,,,,,,117,,26,,,,20,,,105,73,,,,,,,,,,,100,32,,,,,,,,,,,,,,,,,,,28,,
 U6250,119,127,178,28,51,461,58,71,125,,,177,149,303,161,162,,,,,,,,,,82,,33,42,,203,32,79,155,94,42,103,113,,,,,,,,238,43,43,,,191,178,,136,,138,185,169,,49,84,174,398,169,,,19,127,125
 U6253,,,,21,110,,,,,,,,244,,,,,,310,,,,,,,44,,,,,,,,,71,94,,,,,,,,,,,,,,,,,,193,,,,201,,,,,,,,,23,,
 U6259,231,77,24,36,48,93,32,257,237,,,,182,535,437,,,,,,,,,,,28,263,39,106,92,30,58,54,135,92,54,,230,,,,,,,,403,47,71,523,,622,188,,,,115,187,191,,205,383,,,,,,9,430,339
 U6266,41,163,434,173,86,,144,,,,,,,,,,,,,,,,,,,44,,105,,,,107,,,203,50,,,,,,,,,,,75,43,,,,,,,,,,,,442,,,,,,,23,80,
 U6273,125,195,,46,59,,90,,,,,,,,,,,,,,,,,,,144,,48,,,,20,,,,188,,,,,,,,,,,116,78,,,,,,,,,,,,,,,,,,,17,96,
 U6367,13,59,22,41,62,79,55,57,173,,,,86,81,453,,,,,,,,,,,41,46,43,24,,211,21,35,92,45,59,,55,,,,,,,,98,40,103,58,,,255,,144,,64,82,134,,37,343,,,,,,29,15,54
 U6380,110,108,1040,33,79,84,99,,,,,,160,,,,,,,,,,,,,29,41,40,138,,101,60,,,118,163,,43,,,,,,,,,107,105,,,,,,,,,,,,511,194,,,,,,17,66,88
 U6400,,47,,20,31,,18,,,,,,44,,,,,,434,,,,,,,25,,17,,,,,,,,27,,,,,,,,,,,,39,,,,,,,,,,56,,,,,,,,,13,,
 U6443,24,35,21,16,70,74,21,34,51,,,,76,38,159,,,,,,,,,,,18,54,49,24,,27,69,34,94,93,21,,89,,,,,,,,46,51,51,59,,134,52,,94,,70,117,82,,38,26,,,,,,14,92,32
 U6450,61,63,291,45,20,,37,,,,,,,,,,,,,,,,,,,21,,20,,,130,24,,,45,41,,,,,,,,,,,94,55,,,,,,,,,,,,208,,,,,,,21,91,
 U6543,30,103,,25,28,,34,,,,,,,,,,,,,,,,,,,109,,186,,,,172,,,,28,,,,,,,,,,,128,69,,,,,,,,,,,,,,,,,,,45,,
 U6615,47,,,83,47,,265,,,,,,,,,,,,,,,,,,,24,,45,,,,66,,,,69,,,,,,,,,,,141,45,,,,,,,,,,,,,,,,,,,24,,
 U6633,14,30,16,16,65,33,11,23,58,,,,41,40,,,,,,,,,,,,23,93,14,41,,97,21,27,56,31,22,68,25,,,,,,,,27,33,16,92,,75,41,,,,409,133,63,,39,48,,,,,,28,8,40
 U6691,104,53,70,59,50,,21,,,,,,,,,,,,,,,,,,,22,,55,,,102,58,,,189,54,,,,,,,,,,,29,70,,,,,,,,,,,,36,,,,,,,15,94,
 U6741,51,,,17,101,,19,,,,,,,,,,,,,,,,,,,69,,17,,,,12,,,,32,,,,,,,,,,,40,44,,,,,,,,,,,,,,,,,,7,13,,
 U6772,111,,,45,108,,73,,,,,,,,,,,,,,,,,,,65,,59,,,,119,,,,35,,,,,,,,,,,,173,,,,,,,,,,,,,,,,,,12,31,,
 U6781,74,45,419,31,289,98,45,485,,,,,165,,,,,,,,,,,,,33,94,83,181,,397,46,132,214,113,126,,244,,,,,,,,174,422,178,,,,195,,,,81,154,,,263,139,,,,,19,23,449,190
 U6796,79,148,258,26,175,228,325,144,233,1662,521,471,243,225,183,476,563,1004,347,186,610,501,1510,312,233,31,208,38,399,,253,65,500,859,143,227,416,134,641,706,559,1402,1185,,1561,141,102,103,160,550,619,138,989,330,597,310,118,275,1113,208,99,3207,571,573,671,20,13,90,106
 U6828,31,66,51,12,21,38,14,94,52,,,,56,52,89,,,,,,,,,,118,17,66,13,42,165,24,1460,56,58,28,25,139,29,,64,,,,,,41,229,22,63,41,74,35,,,,47,24,42,,35,24,199,,,,8,8,82,70
 U6830,120,131,266,82,59,280,60,,,,,,82,,,,,,,,,,,,,37,72,56,177,,349,186,,,210,48,,326,,,,,,,,,179,260,,,,,,,,,,,,99,74,,,,,8,17,150,73
 U7109,,,,24,,,,,,,292,,,,,,,,189,,408,,308,,641,,,,,,,,,,,,,,,,,,,,,,,,,,,,,,516,,,,203,,,,,,359,7,14,,
 U7307,110,209,107,58,66,81,266,175,412,1281,1334,270,95,146,135,105,247,540,229,969,350,,408,340,277,52,53,35,132,552,84,78,212,152,97,163,332,194,234,572,207,453,,397,594,365,211,121,83,111,273,268,306,295,528,110,113,176,232,391,250,1375,196,361,778,27,17,206,84
 U7401,13,18,113,24,87,58,18,114,203,376,247,151,39,72,163,90,325,228,295,248,443,126,641,691,1349,20,21,17,67,64,32,18,33,40,97,26,67,33,279,1165,485,1982,1886,395,330,83,26,36,53,574,53,72,743,91,213,54,36,63,175,20,21,316,56,438,341,6,8,951,49
 U7493,44,133,,64,102,396,,,,,,,307,,,,,,,,,,,,,139,,202,,,,,,,174,104,,,,,,,,,,,,,,,,,,,,,,,,,,,,,,14,,,98
 U7509,34,,,83,,,,,,,,,119,,,,,,,,,,,,,49,,,,,,32,,72,,,,,,,,,,,,90,,,,,,,,,,95,,,,,101,,,,,,47,,
 U7516,,,,135,253,317,977,,,,,,725,,,,,,,,,,,,,364,,,,,,,,,99,,,,,,,,,,,,208,254,,,,,,,,,,,,253,,,,,,30,20,,716
 U7541,55,105,,29,36,199,16,147,126,,,546,62,187,,218,,,,,,826,,,159,31,,52,48,201,141,31,,,42,74,,92,,,,,,,,53,144,50,103,,428,85,,163,298,69,,184,176,195,78,374,365,129,,15,17,98,228
 U7640,67,100,,28,78,,102,,,,,,,,,,,,,,,,,,,79,,36,,,93,,,,,44,,,,,,,,,,,,,,,,,,,,,,,,95,,,,,,12,,200,
 U7679,26,61,165,40,,61,,,,,,,105,136,,,,,,,,,,,,,,,,,,,73,,,41,,94,,,,,,,,,,,,,,294,,,,104,,121,,,,,,,,9,,,92
 U7746,21,234,,55,120,101,44,283,,,,,78,,,,,,,,,,,,,43,,36,44,,54,18,89,,,52,,229,,,,,,,,,54,34,92,,,,,,,,101,203,,74,64,,,,,6,13,14,36
 U7832,,,83,34,,,,,,,,,,,,,,,,,,,,,,162,,,,,186,,,,938,84,,,,,,,,,,,58,,,,,,,,,,,,,250,,,,,,11,10,46,
 U7974,76,,,21,,,100,,,,,,,,,,,,,,,,,,,,,,,,,,,,97,77,,,,,,,,,,,167,,,,,,,,,,,,,,149,,,,,10,,90,123
 U8182,73,338,162,80,95,,59,,274,,,,386,,,,,,,,,,,,,29,,372,,,,110,51,90,42,38,,,,,,,,,,81,59,18,282,,,,,,,,,413,,126,537,,,,,18,11,,295
 U8183,80,,,102,85,308,,,,,,,,,,,,,,,,,,,,27,,,,,,56,,,,,,,,,,,,,,,,88,,,,,,,,,,,,,295,,,,,9,40,,
 U8185,95,,,103,132,,,,,,,,,,,,,,,,,,,,,352,,63,,,,44,,,,,,,,,,,,,,,71,23,,,,,,,,,,,,,,,,,,22,94,,
 U8186,51,317,468,66,363,102,142,190,141,,,465,149,215,545,208,,,,,,514,,,,26,321,256,422,1849,234,107,85,106,48,75,641,575,,,,,,,,129,105,136,233,1420,310,479,,376,,433,108,282,,231,57,,188,,,11,29,23,311
 U8187,73,,,73,57,,218,,,,,,,,,,,,,,,,,,,102,,99,,,,343,,,294,154,,,,,,,,,,,,279,,,,,,,,,,,,,,,,,,29,99,57,
 U8190,397,,,159,51,,336,,,,,,,,,,,,,,,,,,,586,,246,,,,72,,,,,,,,,,,,,,,,86,,,,,,,,,,,,,,,,,,17,552,,
 U8193,32,,,42,145,,248,,,,,,,,,,,,,,,,,,,44,,55,,,,81,,,,,,,,,,,,,,,,171,,,,,,,,,,,,,,,,,,10,40,,
 U8196,219,189,,82,100,171,272,378,,,,,,,,,,,,,,,,,,134,,215,67,,,211,,,,160,,,,,,,,,,219,206,122,,,,,,,,211,,,,,,,,,,38,18,616,
 U8197,118,,132,116,138,199,,,,,,,,,,,,,,,,,,,,205,,336,,,,198,,,,,,,,,,,,,,,151,115,,,,,,,,,,,,,,,,,,26,97,,
 U8257,50,,,35,31,,56,,,,,,,,,,,,,,,,,,,36,,27,,,,78,,,,57,,,,,,,,,,,,50,,,,,,,,,,,,,,,,,,9,72,,
 U8258,129,97,3505,,115,168,,,,,,,,,,,,,,,,,,,,85,,95,81,,,260,,333,,,,325,,,,,,,,,78,71,,,,,,,,,209,,,,,,,,,29,,,1161
 U8305,40,69,,,,,,,,,,,98,,,,,,,,,,,,,74,,105,,,,,,,,38,,,,,,,,,,,,28,,,,,,,,,,,,,89,,,,,16,29,,60
 U8359,169,,,32,62,,28,,,,,,,,,,,,,,,,,,,42,,42,,,,69,,,,79,,,,,,,,,,,258,102,,,,,,,,,,,,,,,,,,9,13,68,
 U8362,75,20,,21,20,127,99,,,,,,69,310,,,,,,,,,,,,27,117,54,139,,225,63,48,50,108,45,,142,,,,,,,,204,24,33,104,,,88,,,,127,,194,,,76,,99,,,6,19,88,129
 U8386,33,,73,35,,,89,,,,,,185,,,,,,,,,,,,,,,47,,,,37,,,86,,,,,,,,,,,,,,,,,,,,,,,,,,,,,,,8,14,,
 U8421,16,64,67,21,32,116,68,,,,,,69,,,,,,,,,,,,,19,,,,,40,36,,,106,,,93,,,,,,,,,,,,,,57,,,,88,29,,,68,95,,,,,5,,,87
 U8429,,,1819,,,205,61,,,,,,90,,,,,,,,,,,,,28,246,18,120,,431,94,,,,46,,,,,,,,,,,,,,,,,,,,,138,,,,,,,,,14,32,,
 U8452,,64,,24,,,24,,,,,,,,,,,,,,,,,,,35,,25,,,38,,,,,45,,,,,,,,,,,62,,,,,,,,,,,,,43,65,,,,,14,20,,104
 U8606,84,194,209,,,,,,,,,,114,,,,,,,,,,,,,135,,34,,,,,,,,92,,,,,,,,,,,48,201,,,,,,,,,,,,169,,,,,,22,,,
 U8661,,,,16,19,,,,,,,,,,,,,,,,,,,,,44,,125,,,,100,,,119,,,,,,,,,,,,,301,,,,,,,,,,,,,,,,,,15,12,100,
 U8772,,,,23,81,,97,,,,,,,,,,,,,,,,,,,32,,,,,,57,,,,41,,,,,,,,,,,35,,,,,,,,,,,,,,138,,,,,9,11,96,
 U8836,94,224,52,58,79,83,173,,110,,,,107,,,,,,,,,,,,,1041,,169,42,,67,59,151,232,212,58,,374,,,,,,,,,225,126,,,,,,,,167,85,224,,44,167,,,,,13,61,209,219
 U8837,,90,134,,414,,168,,,,,,222,,,,,,,,,,,,,,,108,,,,206,159,,83,93,,,,,,,,,,,,,,,,,,,,,99,,,,,,,,,29,18,,
 U8839,118,159,40,57,129,103,186,,,,,,291,,,,,,,,,,,,,72,,131,90,,146,90,68,,144,54,,,,,,,,,,,343,37,,,,,,,,,,,,532,123,,,,,37,42,167,755
 U8843,225,85,280,54,27,206,41,156,314,,,,436,402,218,585,,,,,,,,,,159,488,153,255,484,252,104,324,70,160,158,,414,,,,,,,,395,322,257,607,,120,241,,132,,188,515,305,,79,93,,919,,,24,23,655,133
 U8844,,,94,48,85,,,,,,,,,,,,,,,,,,,,,19,,111,,59,,77,,,,56,,,,,,,,,,,34,14,,,,,,,,,,,,,,,,,,11,16,,
 U8845,60,148,,53,154,168,137,,,,,,251,,,,,,,,,,,,,119,,97,,,196,124,,,243,138,,150,,,,,,,,,,162,,,,,,,,,,,,,110,,,,,13,22,139,101
 U8846,154,163,441,62,,125,,,,,,,209,,,,,,,,,,,,,,,65,252,,,,,,,93,,,,,,,,,,,,182,,,,,,,,,,,,,122,,,,,293,,,302
 U8847,136,101,49,26,29,86,77,,,,,,73,,,,,,,,,,,,,56,,120,164,,90,84,,,43,96,,,,,,,,,,,240,249,,,,,,,,,,,,201,60,,,,,10,26,71,57
 U8849,104,173,168,65,39,,109,,,,,,,,,,,,,,,,,,,205,,117,,,,39,,,43,188,,,,,,,,,,,81,38,,,,,,,,,,,,,,,,,,46,50,,
 U8851,235,678,,73,66,214,336,,,,,,200,,,,,,,,,,,,,116,,215,,,107,292,,,191,279,,,,,,,,,,,110,61,,,,,,,,,,,,247,69,,,,,15,13,47,445
 U8854,213,149,132,123,219,108,48,,,,,,159,,,,,,,,,409,,,,137,602,59,,,219,145,,,360,234,,93,,,,,,,,,252,52,,,,,,,,,,,,100,357,,,,,19,252,235,270
 U8857,,,,55,165,,,,,,,,,,,,,,,,,,,,,106,,46,,,,157,,,,,,,,,,,,,,,182,87,,,,,,,,,,,,78,,,,,,16,12,,
 U8858,220,,,122,122,,131,,,,,,,,,,,,,,,,,,,189,,128,,,,76,,,,344,,,,,,,,,,,,392,,,,,,,,,,,,,,,,,,15,36,,
 U8859,117,114,156,72,154,103,44,,,,,,89,,,,,,,,,,,,,217,,153,,,59,35,,,308,67,,,,,,,,,,,262,52,,,,,,,,,,,,114,301,,,,,56,29,91,89
 U8868,231,286,229,85,58,395,181,551,936,,,291,139,202,153,359,198,,,,,,,,,47,53,42,293,905,617,58,182,134,173,125,256,54,,,,,,,357,483,51,45,194,,500,485,,,312,236,167,173,,205,162,328,,,,19,18,256,157
 U8874,129,,,44,192,,167,,,,,,,,,,,,,,,,,,,101,,100,,,,39,,,,196,,,,,,,,,,,,144,,,,,,,,,,,,,,,,,,10,33,,
 U8963,1110,1307,739,514,104,164,578,,466,,,212,295,499,818,387,472,,,,,,,,458,1118,300,386,686,1647,230,171,112,426,748,156,,1522,,,,,,,,320,732,60,184,,264,139,373,573,,278,1596,670,,493,177,,573,,,10,67,1189,203
 U8965,70,,30,21,,76,39,,,,,,215,,,,,,,,,,,,,92,65,34,,,,31,,,,58,,,,,,,,,,,,134,,,,,,,,,,,,,,,,,,17,36,,
 U9017,95,67,,37,54,129,176,276,148,,,,122,178,,187,,,,,,,,,,39,,34,167,,137,36,116,,35,103,,117,,,,,,,,166,39,50,75,316,,196,,121,,102,289,149,,56,140,,173,,,21,17,42,109
 U9126,,48,,,,,41,,,,,,151,,,,,,,,,,,,,,155,292,,,,,,371,55,,,,,,,,,,,135,323,,,,,,,,,,161,,,,,,,,,19,,54,
 U9132,51,25,65,55,116,47,20,49,91,641,378,149,72,46,89,188,344,290,215,361,199,192,440,190,305,47,40,29,233,147,53,62,65,178,33,36,188,75,221,234,1048,292,261,400,240,100,36,40,158,200,72,567,269,185,372,70,87,126,722,189,63,233,186,245,248,35,11,54,590
 U9162,,,44,30,,81,,,,,,,166,,,,,,,,,,,,,72,,,376,,,,,294,345,,,,,,,,,,,,,,,,,,,,,,,,,,200,,,,,13,35,,422
