Login,150,151,152,153,154,155,156,157,158,159,160,161,162,163,164,165,166,167,168,170,171,173,174,175,176,177,183,399,400,401,402,403,404,405,406,407,408,707,708,709,710,711,712,713,714,715
 U7,474,591,992,264,250,446,552,273,434,334,213,383,196,144,196,4147,205,269,449,228,273,183,165,493,322,391,195,131,139,338,469,622,802,1559,820,,655,268,300,188,186,152,392,232,281,171
 U9,467,,261,146,94,166,824,114,1057,287,1223,1003,421,209,218,342,1216,741,329,254,576,645,164,407,144,339,234,289,262,127,455,728,178,3356,180,232,337,98,314,81,101,1274,222,260,167,84
 U10,,192,,136,233,413,421,267,367,193,300,,317,155,178,,200,611,119,102,188,193,194,,150,352,81,127,267,363,245,557,,,,,,93,,162,71,,,,113,144
 U20,187,383,756,131,126,343,125,117,518,100,178,,367,135,372,586,1386,181,388,454,2226,226,327,470,165,583,177,1551,161,384,345,836,1353,138,534,1441,685,237,260,477,357,419,102,250,499,386
 U41,,,,194,129,644,,226,,281,176,,,157,,,,,,95,,,,,146,,233,,122,346,,,,,,,,,,,,,,,,
 U43,,,,,,96,,,,107,76,,110,,203,,,84,104,,84,140,,,105,413,50,83,,98,118,,,,,,,,,,,,,,,
 U44,369,96,1708,80,91,149,286,115,277,78,82,3056,178,64,162,8167,173,129,80,67,94,122,96,337,89,130,91,120,69,93,127,300,2669,423,1167,2458,2832,48,202,80,92,164,231,115,85,119
 U49,,190,,116,104,147,,137,361,228,117,,330,132,136,,154,209,104,95,118,175,140,,176,222,77,102,242,195,247,492,,,,,,85,,290,143,101,473,213,148,194
 U50,,,,92,135,251,,152,,206,,,,95,95,,,,101,110,,,110,,130,,80,199,107,175,,,,,,,,,,,,,,,,
 U51,,191,,133,296,,,719,,,234,,,113,295,,,,164,300,,139,153,,311,,108,630,137,239,,,,,,,,227,,211,,,,,,
 U52,253,88,591,76,97,143,85,173,207,137,95,243,184,192,164,1026,138,128,84,62,118,105,87,135,119,126,121,84,88,96,129,195,420,184,570,590,623,,,,,,,,,
 U54,,92,,93,88,,,,,,,,95,94,,,,,86,86,,201,233,,87,,62,,92,,,,,,,,,165,,157,146,,,,176,101
 U55,540,94,548,57,71,159,189,148,228,117,91,,162,57,175,,166,131,98,51,97,125,64,506,70,164,96,92,53,70,98,237,815,,960,406,,65,151,217,63,360,493,107,63,140
 U66,398,146,,130,165,262,248,246,248,577,106,491,318,134,244,371,229,205,167,136,162,197,203,367,154,683,114,531,254,205,303,570,539,1290,801,,381,99,213,162,101,106,208,137,199,143
 U70,,388,,1288,349,250,,375,,434,373,,290,238,196,,,427,3612,461,573,151,341,,504,,239,882,485,357,411,,,,,,,412,,221,211,,,,418,302
 U76,495,126,,144,145,205,250,679,782,452,195,,1231,106,249,,163,350,204,136,282,539,233,610,294,372,52,142,142,433,326,398,343,,,,,115,276,531,476,295,632,301,200,472
 U81,,161,,110,90,218,395,260,590,153,124,,331,103,251,,188,319,108,143,157,234,150,,129,206,76,92,95,155,281,,,,,,,84,272,184,82,204,522,168,136,153
 U86,,89,,276,663,,,,,,414,,,383,,,,,,186,,165,263,,623,,207,,221,265,,,,,,,,,,,,,,,,
 U89,,186,,269,194,128,519,135,102,103,234,,130,223,226,,346,210,274,189,199,134,109,,226,212,115,284,119,341,181,,,,,,,68,137,117,93,79,377,199,81,185
 U91,,689,,417,576,,,310,,,320,,,752,774,,,,515,2540,392,317,542,,270,,372,693,434,616,,,,,,,,,,,,,,,,
 U95,384,431,1078,159,337,191,302,220,238,149,575,,461,637,381,,818,765,182,207,167,266,213,882,179,434,119,249,189,184,213,326,722,856,,361,1150,113,244,226,124,161,618,269,178,161
 U104,,474,,382,283,624,,289,,202,401,,287,164,248,,,,156,199,465,391,274,,250,,166,687,209,216,166,,,,,,,,,,,,,,,
 U111,787,279,564,193,459,147,162,173,303,349,272,3091,410,196,292,839,535,552,137,198,227,160,340,1474,140,2023,140,855,127,271,150,1548,246,1580,2341,4427,218,167,592,148,189,298,320,198,104,187
 U115,,240,,359,407,,,,,,,,,683,,,,,285,314,,,284,,150,,374,,421,,,,,,,,,538,,,91,,,,,272
 U139,,278,,235,292,359,858,884,991,442,240,,450,334,751,,309,630,297,126,276,407,338,,262,569,392,178,242,287,516,,,,,,,127,657,374,157,485,483,326,482,171
 U140,394,85,558,494,73,159,207,93,83,76,63,743,96,212,338,130,193,522,87,74,131,145,145,77,129,164,61,68,122,95,83,129,257,92,154,,251,88,383,114,237,215,120,183,108,84
 U155,,461,,1253,220,832,3645,1079,743,1070,273,,581,969,703,,578,379,517,1234,922,294,1329,413,413,529,123,395,706,420,302,843,,,,,,407,814,1166,320,759,588,559,272,304
 U162,,198,,191,142,,170,97,131,209,215,361,139,81,138,,430,351,90,154,201,150,171,109,107,439,97,251,157,252,,98,,313,378,,194,125,119,67,66,124,87,234,148,73
 U169,918,147,1385,101,140,202,901,213,337,252,284,,238,226,395,851,169,532,228,109,253,121,130,768,155,209,110,206,227,138,408,298,696,,663,,3620,116,340,219,136,322,375,980,327,237
 U176,395,117,478,151,277,149,187,131,270,407,181,645,126,107,187,,166,906,189,85,124,112,104,656,107,463,67,117,122,124,128,239,221,232,259,,,65,265,137,101,124,126,544,100,109
 U180,363,60,219,79,87,422,108,56,230,96,195,491,92,119,125,469,325,74,114,106,459,53,61,370,103,177,52,238,90,108,530,190,72,,142,464,116,,,,,,,,,
 U184,645,315,,82,120,172,372,292,627,552,226,,555,137,312,,242,462,144,164,627,160,188,639,544,390,96,263,260,351,173,1298,1393,493,,,,97,442,151,240,165,259,199,109,420
 U206,504,160,407,134,124,218,228,237,290,287,173,,237,160,128,935,369,496,173,150,182,201,206,370,259,225,119,268,159,239,242,306,650,,1943,816,,216,372,245,183,164,243,239,190,133
 U215,486,437,154,202,272,341,321,524,425,1030,193,2748,1000,198,311,2146,270,257,382,252,744,310,269,317,162,291,465,148,325,593,301,325,482,212,495,1782,1647,161,1340,467,161,706,730,461,408,819
 U224,1059,255,209,221,375,141,181,504,199,163,509,637,755,167,429,288,1259,208,300,332,717,672,227,285,383,308,189,352,294,325,741,272,779,972,515,1635,1024,287,123,261,274,265,662,298,509,197
 U234,611,244,1180,114,157,243,326,248,360,284,114,741,240,136,454,221,237,504,178,194,234,207,123,879,189,305,176,115,101,138,159,817,478,231,214,398,191,171,343,492,531,441,709,204,212,216
 U235,,164,,162,149,823,,224,,514,192,,,263,351,,,,149,166,169,367,185,,136,,199,148,196,243,376,,,,,,,164,,317,278,599,,478,366,202
 U242,,,,87,106,,,,,,,,,106,,,,,,88,,187,126,,150,,58,,118,,,,,,,,,104,,,,,,,206,
 U265,,320,,344,529,329,,,,,,,,413,,,,,253,412,,433,303,1405,223,,377,,240,228,731,,,,,,,124,,350,358,1467,,,326,473
 U271,,230,,109,172,,,,,,,,,203,,,,,212,225,,149,188,,103,,39,,96,,,,,,,,,,,301,,,,,,
 U325,200,446,128,95,248,223,91,188,261,73,490,222,107,144,427,153,378,130,137,129,392,147,90,213,198,674,164,384,119,143,130,131,361,522,455,242,514,148,170,297,217,79,225,528,425,121
 U349,,254,,161,264,,,134,,154,177,,332,181,126,,,,259,147,775,1247,440,,166,,278,316,194,253,,,,,,,,144,,171,142,,627,192,631,132
 U379,,228,,103,114,,,341,,211,110,,,199,,,,,268,235,,352,184,,210,,305,158,150,194,,,,,,,,263,,156,397,,,,209,877
 U388,1295,376,947,951,302,431,646,908,391,403,171,680,746,284,1237,1288,384,428,334,270,292,682,431,1650,360,499,127,372,186,205,361,2513,203,415,3284,1593,210,232,650,361,164,913,534,421,934,608
 U433,,,,328,271,,,,,,,,,204,,,,,,307,,,546,,238,,204,,226,,,,,,,,,307,,,373,,,,,
 U490,320,134,,433,207,1650,358,220,471,252,524,,716,218,160,,486,475,300,204,344,127,149,1668,219,1137,102,973,193,398,303,772,1002,,,,,617,342,143,364,455,1628,497,302,135
 U494,443,189,530,143,124,299,430,406,381,371,192,480,405,173,560,2247,295,232,360,114,338,255,152,991,157,441,131,279,200,269,427,598,744,2544,2192,1251,829,115,475,300,189,555,944,264,169,194
 U515,1890,198,1842,133,199,513,1966,615,1859,1170,360,1699,809,112,345,1975,354,1177,271,391,478,398,225,900,290,417,166,139,172,231,1100,769,850,1244,1097,696,5613,239,2008,405,404,1521,2217,910,146,279
 U525,,,,123,253,,228,,,106,,,182,83,,,454,,,162,169,,466,,,336,96,265,176,314,,,,,,,,227,429,177,207,,234,,125,112
 U621,1222,229,457,99,188,336,308,165,424,160,551,1080,609,149,197,1017,263,348,344,584,399,133,138,532,273,301,289,625,176,295,96,979,293,1823,3129,299,525,355,478,112,199,383,479,238,124,344
 U629,514,349,1064,235,383,866,591,240,987,1199,195,799,449,182,857,,257,279,204,267,225,965,217,1929,259,495,266,172,219,288,408,614,1013,,,,,302,958,538,1197,487,481,592,638,272
 U648,857,390,1188,287,299,364,657,7752,525,1297,257,,709,,446,,774,6652,535,301,371,294,506,857,372,891,479,448,339,1395,805,1284,2186,1783,,4829,,406,505,849,495,1871,680,260,552,315
 U668,228,190,511,125,136,155,119,202,213,152,112,855,169,163,134,530,190,192,174,129,455,225,172,357,194,331,260,111,134,338,169,221,690,658,,121,315,126,172,180,129,84,535,158,115,467
 U681,,107,,103,118,218,103,151,258,114,124,,173,111,262,,192,135,99,99,147,139,91,370,111,243,55,200,209,167,178,,,,,,,78,196,127,92,110,182,187,146,106
 U691,383,124,302,89,258,209,260,94,439,423,153,706,198,101,168,212,203,415,102,111,613,168,140,235,104,419,81,84,131,87,173,228,265,819,397,1041,1013,67,176,172,73,173,198,357,79,99
 U692,208,139,896,399,414,512,597,347,571,256,242,324,293,163,151,,638,468,497,107,371,391,278,248,217,416,126,327,261,285,565,278,589,2592,1219,,260,128,507,280,205,430,404,483,202,363
 U706,203,282,407,182,213,244,315,369,293,247,547,289,837,221,341,990,1046,223,121,133,246,195,341,360,236,366,205,359,170,1054,607,288,922,334,308,512,1086,264,211,197,152,278,134,163,397,215
 U709,946,607,,334,207,595,822,624,,209,241,,467,320,488,,,,854,178,351,192,166,1508,163,330,193,187,265,288,519,474,,,,,,486,514,319,155,568,471,468,302,170
 U716,1086,324,,200,242,316,430,255,710,649,149,,406,252,627,,248,460,234,194,727,240,287,775,318,1366,268,606,136,229,471,1998,872,,,,,428,704,396,236,860,373,692,415,461
 U731,,205,,280,174,,,436,,184,143,,309,154,460,,,,205,135,,121,170,239,168,527,165,150,248,153,,195,,,,,,,,235,185,174,403,334,923,273
 U733,,166,,404,164,,,200,,115,475,,,379,331,,,,158,123,,122,182,,226,,145,524,232,190,169,,,,,,,245,,162,374,476,,183,111,220
 U738,,266,,660,252,347,,323,,648,1202,,,388,776,,,,207,309,,479,307,,330,,177,465,247,218,263,,,,,,,321,,782,389,151,,266,328,271
 U784,7993,133,1043,108,119,173,304,237,525,226,148,,313,169,264,,157,868,127,97,127,234,113,464,198,200,147,155,89,178,218,325,,,,,,81,165,156,255,139,295,169,114,108
 U789,,345,,157,195,230,,175,,,303,,,137,,,,,163,173,,270,275,,513,,130,,128,378,227,,,,,,,202,,151,385,,,,169,101
 U865,424,178,239,166,391,108,625,154,256,239,204,,155,140,242,,343,114,185,120,257,361,165,241,259,511,66,393,138,282,257,196,892,,,,338,365,156,311,153,217,506,302,642,318
 U866,,195,306,134,289,,219,279,,293,157,,425,224,683,,216,205,129,133,309,379,129,612,153,455,101,440,147,272,255,165,,,,,,220,,387,157,259,506,480,191,155
 U868,,155,,173,201,,,175,,88,126,,,121,,,,,266,164,,76,149,,146,,292,396,222,,88,,,,,,,118,,,211,,,,,127
 U876,,,,116,,,,,,,924,,,133,,,,,,234,,,241,,,,276,,101,,,,,,,,,275,,252,196,,,,,
 U917,,,,135,169,,,,,,,,,200,,,,,343,164,,225,266,,235,,142,,430,368,,,,,,,,,,,164,,,,413,255
 U922,695,304,336,255,,272,248,314,,268,289,,1646,,671,,,386,277,252,387,481,287,298,315,998,120,1687,168,194,468,281,852,,,,,416,250,342,399,,504,258,231,195
 U928,,119,,143,107,196,,226,,,182,,,148,,,,,155,106,173,,144,,167,,82,,171,,163,,,,,,,145,,246,98,,,,187,127
 U966,244,724,496,119,123,114,292,120,401,100,657,865,87,112,135,837,,,162,121,314,122,206,266,137,192,,148,312,93,80,218,576,407,158,1273,337,120,94,169,128,80,146,387,139,245
 U977,,174,,113,195,143,,124,110,591,181,,,170,,,,,185,121,,249,352,,268,,136,536,200,497,108,,,,,,,121,,181,326,106,,230,99,142
 U988,580,118,,86,110,732,130,177,416,139,90,254,145,84,152,,151,169,136,94,103,111,97,549,119,199,107,102,107,94,171,266,,,,,,111,160,148,113,123,210,135,100,259
 U1050,1484,190,,159,477,176,172,226,436,359,745,,2280,139,428,,224,284,136,188,666,336,208,98,193,938,117,388,1025,441,1162,632,1642,,,,,215,628,228,164,174,193,1296,104,414
 U1183,,139,,67,105,,,,,,176,,,93,,,,,158,102,,312,113,,135,,42,,99,163,,,,,,,,97,,500,164,,,,203,429
 U1329,,262,,189,264,1031,160,147,,134,147,,281,605,249,,1227,,179,337,253,224,126,,382,,91,1470,157,426,176,200,,,,,,375,306,177,233,123,211,280,355,219
 U1364,375,96,781,82,130,154,261,476,312,204,119,149,297,100,191,211,232,325,123,106,170,298,133,491,127,219,78,126,156,150,199,787,245,,192,224,923,99,250,120,88,197,353,278,185,211
 U1366,,317,,,211,824,,559,237,,197,,194,287,,,,,,210,761,360,396,,252,,190,240,265,202,323,,,,,,,306,,198,229,,,,246,222
 U1379,,209,,204,183,,314,168,,161,,,,184,259,,260,313,133,166,298,76,243,,114,177,156,,127,190,240,291,,,,,,284,214,98,134,170,107,,272,201
 U1397,,250,,319,205,,,,,,,,,298,,,,,186,1164,,,646,,748,,295,,218,,,,,,,,,496,,,162,,,,361,227
 U1549,,,,316,846,,,,,,,,,683,,,,,283,852,,,652,,,,302,,317,,,,,,,,,1115,,,728,,,,,
 U1716,,372,,287,226,159,568,261,,153,301,,120,602,629,,629,306,252,231,891,166,432,,468,,217,325,196,247,134,,,,,,,352,346,261,423,361,,412,165,258
 U1738,,200,,156,189,2897,481,296,468,518,194,,398,151,438,,967,540,219,138,707,305,143,,161,,244,306,151,260,587,452,,,,,,161,1759,404,171,293,977,355,172,159
 U1753,171,165,,184,189,215,188,205,250,337,199,,270,191,245,,153,285,164,356,269,142,185,259,162,403,141,160,125,274,230,355,,,,,,154,196,472,199,318,287,225,206,255
 U1844,,384,675,158,203,198,561,206,302,460,213,612,418,179,178,,278,377,196,250,396,202,335,,260,,231,293,158,400,211,409,,,,,,141,465,287,209,205,427,432,248,231
 U1848,613,225,930,130,235,198,,191,555,231,115,,,131,,,,,148,84,148,216,99,,152,282,126,159,121,138,272,196,417,,297,,,119,145,552,107,198,,221,,449
 U1921,,337,,112,350,,,,,,,,,461,,,,,,274,,,145,,341,,109,,226,,,,,,,,,600,,,126,,,,,
 U1994,,389,,350,359,504,184,273,,182,474,,233,215,288,,455,720,255,237,457,251,503,,234,,284,229,267,509,375,,,,,,,467,275,222,561,437,281,190,353,155
 U2079,,497,,145,291,220,556,218,,,169,,211,248,800,,,,236,218,,185,218,,223,,,200,140,192,110,,,,,,,253,,291,270,573,,273,368,351
 U2083,,495,,579,338,,,,,,,,,688,,,,,496,451,,,239,,400,,117,,311,711,,,,,,,,226,,,260,,,,288,446
 U2124,645,366,,297,182,281,,733,299,539,303,,352,511,,,265,372,263,242,260,303,414,,578,706,119,973,257,296,507,,,,,,,592,476,,488,266,479,608,547,881
 U2127,,241,,92,129,295,,389,,,178,,633,142,529,,938,491,,117,185,118,268,,145,,57,120,88,234,256,,,,,,,118,,426,179,395,,559,209,
 U2143,,160,,81,144,,,,,,,,,119,,,,,118,211,,,178,,121,,490,,,,,,,,,,,290,,,72,,,,,
 U2152,,440,,551,377,643,,317,,367,319,,589,808,1219,,,,310,290,557,743,464,,670,,387,707,397,369,,,,,,,,395,547,382,252,,,463,219,351
 U2160,261,122,695,128,116,137,124,141,224,460,186,1001,170,234,462,160,175,447,102,149,180,160,116,87,126,208,108,133,89,168,227,108,492,107,148,872,310,149,419,132,74,191,314,185,276,98
 U2173,,137,,497,737,1225,100,170,,143,128,,725,121,263,,,,266,137,,453,777,315,1805,,287,729,416,737,595,,,,,,,198,277,268,278,597,230,,265,439
 U2178,235,85,606,56,64,90,125,109,170,81,73,397,100,68,150,,78,174,81,58,69,76,68,171,67,141,53,72,58,69,191,165,98,346,701,309,147,73,107,124,63,227,180,295,87,107
 U2214,,642,,570,360,2006,270,1045,1000,530,208,,594,271,337,,3461,1468,649,236,219,421,763,,247,530,367,183,268,197,255,535,,,,,,204,681,2376,836,215,1963,1814,303,3529
 U2234,,134,,117,166,203,,,,,,,,124,,,,,133,116,,,345,,121,,80,,88,168,,,,,,,,131,,,106,,,,,110
 U2235,,89,570,93,86,114,106,164,,114,71,,232,83,220,,109,121,103,65,123,102,86,347,89,203,41,88,116,112,163,,144,,,1050,,78,248,171,98,140,190,201,73,97
 U2286,,182,,301,128,,,,,,,,,97,,,,,115,195,,,109,,174,,132,,92,,,,,,,,,205,,,211,,,,,240
 U2287,612,242,2367,170,241,368,463,346,509,284,346,12922,1023,239,256,,221,550,215,273,443,318,211,952,223,381,182,589,153,200,230,552,1021,11084,1450,4916,4351,168,534,309,198,250,1138,260,287,366
 U2451,575,138,1993,90,149,218,510,270,526,334,150,,234,118,454,,186,274,203,271,146,173,137,836,226,372,226,277,117,216,206,998,855,,,,,209,299,335,394,371,338,235,131,282
 U2475,,,,684,,,,,,,,,,286,,,,,310,438,,,305,,271,,185,,212,,,,,,,,,500,,,441,,,,,
 U2539,758,93,812,96,84,213,146,191,218,98,115,,278,99,96,,132,251,127,110,122,113,103,235,131,210,76,145,104,127,237,1053,181,694,469,,,108,161,219,164,139,112,267,130,104
 U2816,1266,222,,153,165,249,342,393,1297,204,146,,254,194,475,,522,317,155,128,221,169,152,342,150,866,69,143,194,191,539,1342,2132,,,,,114,760,368,200,489,910,1912,179,195
 U3008,771,258,687,224,247,307,549,288,732,308,203,1282,311,262,224,487,999,902,145,221,397,244,185,445,176,877,207,638,401,233,429,656,607,5516,433,1831,1000,284,330,354,229,353,483,423,246,381
 U3071,790,197,431,272,176,688,400,172,771,243,339,,1151,132,807,,534,439,133,242,3432,153,313,905,116,1136,165,159,230,186,207,1036,898,,,,,337,512,224,228,277,642,590,235,172
 U3094,592,594,,990,267,815,788,470,811,283,295,,381,149,1042,,758,322,237,156,710,555,169,1014,604,417,176,221,290,380,460,376,1764,,,,,267,847,371,741,745,862,434,267,178
 U3111,750,155,500,363,181,197,207,232,423,539,163,,304,177,840,,249,841,215,113,273,225,144,986,159,546,170,150,273,197,501,465,2158,,,,670,356,556,250,296,313,3736,222,334,241
 U3113,396,118,967,80,171,116,233,182,300,164,145,5581,163,159,178,,149,208,223,116,108,82,95,225,113,184,139,77,135,82,228,408,729,3450,1625,1062,2052,112,183,212,109,150,930,264,221,295
 U3180,,279,,314,119,,,121,,203,244,,,179,,,,,94,162,,270,119,,190,,224,666,164,135,153,,,,,,,236,,155,72,234,,201,175,103
 U3182,1525,225,4725,229,268,333,2003,207,682,206,198,,393,154,499,,250,594,225,197,195,1682,193,371,332,298,133,260,208,642,307,364,1811,,3452,,5613,191,308,255,287,259,1614,287,502,223
 U3210,,150,,57,102,123,300,175,242,110,181,211,144,135,255,,223,199,142,84,139,172,118,,111,412,40,117,68,147,250,,,,,,,98,231,178,340,130,235,154,126,214
 U3242,356,327,,,,306,,,648,,,,389,,236,,,,,156,,,,406,205,,210,,161,,,1360,1260,,,,,142,,,,,,,,
 U3283,279,218,,246,672,737,601,232,226,158,117,,151,84,656,561,307,796,105,121,643,122,236,263,158,1344,236,456,163,234,547,513,659,306,159,,,114,180,286,77,253,236,138,251,168
 U3367,490,281,451,243,212,830,172,198,212,640,340,,487,214,362,,266,248,259,586,,140,431,,193,187,210,258,280,485,278,217,243,958,,,1872,125,305,118,133,480,146,453,135,130
 U3609,589,270,519,264,327,287,168,216,301,187,427,1268,319,223,442,989,376,157,194,193,617,271,170,264,210,435,86,717,217,296,319,239,1107,2195,1570,541,624,229,385,151,160,182,117,395,507,126
 U3656,,265,,182,160,414,562,872,,354,177,,,167,229,,,,257,97,595,223,174,,176,,286,540,450,484,332,,,,,,,105,,223,117,451,,403,184,414
 U3890,,254,,757,290,287,,351,,166,494,,,206,,,,,140,132,1307,211,229,,318,,,338,182,186,,,,,,,,804,,218,165,341,,273,142,128
 U4144,,846,,330,,,,479,,,,,,260,,,,,267,264,,1085,,,322,,454,,397,992,,,,,,,,257,,,214,,,,473,526
 U4193,,192,275,107,190,378,,423,489,187,160,,386,170,251,,177,532,182,154,154,151,108,240,183,490,64,120,113,127,194,626,,304,,,,124,805,644,115,199,261,475,192,119
 U4368,,203,,140,298,352,,352,,143,1072,,,145,,,,,210,280,,139,303,,202,,113,494,158,138,,,,,,,,307,,281,197,203,,,399,129
 U4459,,488,,195,112,,,,,166,178,,,163,,,,,182,208,,261,224,,183,,,148,403,242,,,,,,,,172,,,115,,,,,137
 U4553,799,370,,271,148,105,270,559,2226,287,386,,332,332,545,,1010,393,435,205,950,149,656,873,318,862,233,455,366,209,848,347,692,,,,,245,982,321,167,273,221,172,335,297
 U4572,,181,,146,283,,,,,,,,,228,,,,,184,415,,,,,338,,153,,469,,,,,,,,,318,,,218,,,,,
 U4581,1475,134,2231,121,275,240,270,159,311,184,102,1375,290,171,970,3337,330,168,129,141,180,271,136,1145,214,303,233,133,181,172,299,494,1546,3309,1681,,1791,164,406,223,163,329,1333,188,264,246
 U4694,,298,,171,285,450,146,155,,162,415,,248,113,,,,168,213,156,164,85,490,205,275,,59,,194,193,110,,,,,,,165,152,179,728,469,211,183,147,133
 U5306,400,311,786,182,217,300,206,355,468,291,134,312,214,342,327,2473,204,404,173,122,258,212,194,748,177,229,,214,218,192,276,326,592,682,585,248,349,193,690,381,209,277,522,492,295,238
 U5426,1607,265,583,135,140,1006,241,178,431,430,140,1996,348,334,210,668,538,172,162,307,181,253,296,1091,223,374,,357,229,149,250,658,267,3566,866,3532,1814,214,546,214,331,934,339,485,287,336
 U5449,,138,,144,175,195,312,210,476,137,89,,192,90,175,,515,131,118,89,120,157,123,,143,202,,100,89,118,188,699,,,,,,97,415,202,96,267,456,358,107,114
 U5461,219,,,,,,,,,,,282,136,,82,,,223,,,,,,177,93,137,,,,,,212,226,,,,,,192,155,,,158,123,,
 U5521,1616,317,4277,134,388,215,867,222,626,291,262,,366,218,447,,389,329,288,186,626,586,368,614,235,412,,230,188,313,281,749,740,410,1196,1653,2061,191,352,270,251,572,383,308,816,324
 U5690,162,112,307,70,108,272,105,64,95,65,256,170,195,112,155,,,526,86,55,140,77,145,127,90,420,,102,81,101,102,96,,641,108,425,207,63,213,94,74,111,105,59,93,60
 U5723,631,163,2213,142,163,215,370,472,421,311,587,,498,147,206,470,305,337,192,276,374,514,212,538,194,414,,629,187,185,427,393,630,,,,,138,364,326,138,349,208,991,1040,800
 U6013,610,123,246,124,422,191,113,141,290,115,261,,246,388,290,328,123,257,265,111,422,109,404,393,152,399,169,250,138,106,255,,433,,390,,203,324,259,96,292,194,131,327,203,101
 U6027,1853,333,,347,403,547,603,304,653,719,260,,605,224,346,,322,654,346,261,716,310,254,2828,255,432,,196,246,1807,782,957,,,,,,175,337,251,254,1254,4910,1459,583,212
 U6030,,,,127,157,,,,,,,,,113,,,,,159,124,,,183,,120,,,,325,390,,,,,,,,139,,,303,,,955,,
 U6260,,635,,110,187,104,673,404,,100,104,,365,145,127,,186,,207,291,,108,133,367,163,,115,270,125,165,695,,,,,,,288,225,146,181,128,194,243,385,176
 U6828,230,268,749,208,255,174,236,200,747,597,305,548,712,305,213,797,475,725,146,98,658,526,216,713,128,928,246,893,116,281,1121,401,942,945,848,676,381,272,189,242,187,160,283,257,219,126
 U7307,1553,554,,243,900,934,235,985,466,812,963,,921,759,1091,,442,505,1319,656,1865,488,369,490,753,644,191,471,294,1081,694,1601,4245,,1026,,,584,325,1837,250,1030,551,547,974,390
 U7487,,208,,200,295,,,238,,195,262,,,178,,,,,168,428,,161,130,,177,,174,290,169,271,576,,,,,,,168,,193,156,211,,,246,143
 U7541,,394,,139,181,,,,,167,150,,,185,,,,,263,276,,343,344,,321,,193,,100,,,,,,,,,246,,229,140,,,,,723
 U7769,,728,,143,124,216,,259,,495,,,,357,,,,,144,299,1916,,191,,166,,73,1291,164,1105,152,,,,,,,138,,127,230,,,,,227
 U7827,,221,,214,613,1700,839,429,343,434,387,,875,559,901,,449,316,219,1142,290,455,513,2412,268,305,306,450,166,324,585,1033,,,,,,148,943,1057,167,359,991,457,499,722
 U7828,379,223,613,905,593,239,646,1126,343,478,590,756,217,283,354,574,599,219,339,222,591,510,208,525,242,,504,474,167,932,238,1400,1768,999,882,250,,454,975,214,230,1227,3037,262,140,414
 U7832,401,170,367,190,363,88,286,824,174,88,705,299,739,157,663,179,1067,787,108,125,1078,285,175,998,116,1575,142,366,152,482,429,169,121,2005,536,1130,139,272,480,116,114,747,118,395,122,131
 U8661,,79,,,365,,,,,,670,,,155,,,,,343,157,,,,,374,,232,,293,925,,,,,,,,,,260,,,,,363,
 U8919,,145,,94,119,184,724,445,1002,251,101,,279,161,273,,169,380,118,87,439,201,122,2377,129,547,42,109,92,98,372,1520,,,,,,91,479,315,116,538,724,469,227,144
 U9060,,,,,194,,,,,1336,1034,,,522,,,,,464,,,453,155,,,,195,278,265,,231,,,,,,,189,,,193,,,,693,
 U9132,666,263,457,243,708,685,347,1022,647,708,188,1181,650,198,456,,453,,256,280,639,241,452,1903,457,1028,354,910,453,896,891,590,,,,,,195,678,529,387,926,1146,417,370,494
